{
  "type" : "FeatureCollection",
  "crs" : {
    "type" : "name",
    "properties" : {
      "name" : "EPSG:32637"
    }
  },
  "features" : [{"type":"Feature","id":2,"geometry":{"type":"Point","coordinates":[299314.7229000004,4026719.8877000008]},"properties":{"OBJECTID":2,"P_CODE":"CP001691","Governorate":"Aleppo/حلب","District":"Afrin/عفرين","Subdistrict":"Sharan/شران","Community":"Qatmet Efrin/قاطمة عفرين","Site_name":"Altal wa Alnabaa / التل والنبعة","Site_type":"SC","Category":"Catastrophic","Total_IDPs":102,"Latitude":36.364666,"Longitude":36.763146999999996}},{"type":"Feature","id":3,"geometry":{"type":"Point","coordinates":[317515.56089999992,4050267.0491000004]},"properties":{"OBJECTID":3,"P_CODE":"CP001954","Governorate":"Aleppo/حلب","District":"Afrin/عفرين","Subdistrict":"Sharan/شران","Community":"Kafr Janna/كفر جنة","Site_name":"Salit Media / صالة ميديا","Site_type":"SC","Category":"Catastrophic","Total_IDPs":102,"Latitude":36.580440000000003,"Longitude":36.960340000000002}},{"type":"Feature","id":4,"geometry":{"type":"Point","coordinates":[297321.12939999998,4000758.5014999993]},"properties":{"OBJECTID":4,"P_CODE":"CP001366","Governorate":"Aleppo/حلب","District":"Jebel Saman/جبل سمعان","Subdistrict":"Atareb/أتارب","Community":"Batbu/باتبو","Site_name":"Al Yousuf / اليوسف","Site_type":"SC","Category":"Extreme","Total_IDPs":396,"Latitude":36.130373159999998,"Longitude":36.747666379999998}},{"type":"Feature","id":5,"geometry":{"type":"Point","coordinates":[296992.42889999971,4000216.6941999998]},"properties":{"OBJECTID":5,"P_CODE":"CP000594","Governorate":"Aleppo/حلب","District":"Jebel Saman/جبل سمعان","Subdistrict":"Atareb/أتارب","Community":"Batbu/باتبو","Site_name":"Qurtoba / قرطبة","Site_type":"SC","Category":"Extreme","Total_IDPs":396,"Latitude":36.125423429999998,"Longitude":36.744155880000001}},{"type":"Feature","id":6,"geometry":{"type":"Point","coordinates":[295454.62280000001,4000557.8694000002]},"properties":{"OBJECTID":6,"P_CODE":"CP001242","Governorate":"Aleppo/حلب","District":"Jebel Saman/جبل سمعان","Subdistrict":"Atareb/أتارب","Community":"Batbu/باتبو","Site_name":"Al Mathana(Batbu) / المطحنة(باتبو)","Site_type":"SC","Category":"Extreme","Total_IDPs":396,"Latitude":36.128174000000001,"Longitude":36.726990999999998}},{"type":"Feature","id":7,"geometry":{"type":"Point","coordinates":[295414.60219999962,4002552.1194000002]},"properties":{"OBJECTID":7,"P_CODE":"CP000557","Governorate":"Aleppo/حلب","District":"Jebel Saman/جبل سمعان","Subdistrict":"Atareb/أتارب","Community":"Batbu/باتبو","Site_name":"Sabroun (Batbo) / صابرون (باتبو)","Site_type":"SC","Category":"Extreme","Total_IDPs":396,"Latitude":36.146130999999997,"Longitude":36.726027999999999}},{"type":"Feature","id":8,"geometry":{"type":"Point","coordinates":[295309.10819999967,4001423.3391999993]},"properties":{"OBJECTID":8,"P_CODE":"CP000563","Governorate":"Aleppo/حلب","District":"Jebel Saman/جبل سمعان","Subdistrict":"Atareb/أتارب","Community":"Batbu/باتبو","Site_name":"Al Saiyalah / السيالة","Site_type":"SC","Category":"Extreme","Total_IDPs":396,"Latitude":36.135939999999998,"Longitude":36.725149999999999}},{"type":"Feature","id":9,"geometry":{"type":"Point","coordinates":[304121.50239999965,4037560.1432000007]},"properties":{"OBJECTID":9,"P_CODE":"CP001810","Governorate":"Aleppo/حلب","District":"Afrin/عفرين","Subdistrict":"Afrin/مركز عفرين","Community":"Kafr Batra/كفر بطرة","Site_name":"Ref Halab Aljananoubi(Afrin) / ريف حلب الجنوبي(عفرين)","Site_type":"SC","Category":"Extreme","Total_IDPs":779,"Latitude":36.463313999999997,"Longitude":36.813952}},{"type":"Feature","id":10,"geometry":{"type":"Point","coordinates":[298009.75079999957,4024591.8720999993]},"properties":{"OBJECTID":10,"P_CODE":"CP002101","Governorate":"Aleppo/حلب","District":"Afrin/عفرين","Subdistrict":"Jandairis/جنديرس","Community":"Jalma (Jandairis)/جلمة","Site_name":"Jabal Shaabo / جبل شعبو","Site_type":"SC","Category":"Extreme","Total_IDPs":325,"Latitude":36.345222769999999,"Longitude":36.749164039999997}},{"type":"Feature","id":11,"geometry":{"type":"Point","coordinates":[295287.59030000027,3996633.3356999997]},"properties":{"OBJECTID":11,"P_CODE":"CP001096","Governorate":"Idleb/إدلب","District":"Idleb/مركز إدلب","Subdistrict":"Maaret Tamsrin/معرة تمصرين","Community":"Hazano/حزانو","Site_name":"Al_shefa'a / الشفاء","Site_type":"SC","Category":"Extreme","Total_IDPs":716,"Latitude":36.092784000000002,"Longitude":36.726156000000003}},{"type":"Feature","id":12,"geometry":{"type":"Point","coordinates":[294551.0577999996,3996721.4948999994]},"properties":{"OBJECTID":12,"P_CODE":"CP001106","Governorate":"Idleb/إدلب","District":"Idleb/مركز إدلب","Subdistrict":"Maaret Tamsrin/معرة تمصرين","Community":"Hazano/حزانو","Site_name":"Moaz Mosque / جامع معاذ","Site_type":"SC","Category":"Extreme","Total_IDPs":716,"Latitude":36.093422709999999,"Longitude":36.717957820000002}},{"type":"Feature","id":13,"geometry":{"type":"Point","coordinates":[288152.50329999998,3990782.3154000007]},"properties":{"OBJECTID":13,"P_CODE":"CP000691","Governorate":"Idleb/إدلب","District":"Idleb/مركز إدلب","Subdistrict":"Maaret Tamsrin/معرة تمصرين","Community":"Ma'arrat Tamasrin/معر تمصرين","Site_name":"Al Anwar (Maart Msrin) / الانوار(معرة مصرين)","Site_type":"SC","Category":"Extreme","Total_IDPs":716,"Latitude":36.038547000000001,"Longitude":36.648532000000003}},{"type":"Feature","id":14,"geometry":{"type":"Point","coordinates":[297340.45349999983,4004657.8066000007]},"properties":{"OBJECTID":14,"P_CODE":"CP000735","Governorate":"Idleb/إدلب","District":"Harim/حارم","Subdistrict":"Dana/دانا","Community":"Burj Elnumra/برج النمرة","Site_name":"Nor Alhoda(Burj Elnumra) / نور الهدى(برج النمرة)","Site_type":"SC","Category":"Extreme","Total_IDPs":869,"Latitude":36.165505000000003,"Longitude":36.746876}},{"type":"Feature","id":15,"geometry":{"type":"Point","coordinates":[296812.12710000016,4003249.5036999993]},"properties":{"OBJECTID":15,"P_CODE":"CP002136","Governorate":"Aleppo/حلب","District":"Jebel Saman/جبل سمعان","Subdistrict":"Atareb/أتارب","Community":"Batbu/باتبو","Site_name":"Borj1 / برج 1","Site_type":"SC","Category":"Extreme","Total_IDPs":396,"Latitude":36.152707399999997,"Longitude":36.741370400000001}},{"type":"Feature","id":16,"geometry":{"type":"Point","coordinates":[297869.12870000023,4004333.4597999994]},"properties":{"OBJECTID":16,"P_CODE":"CP000576","Governorate":"Aleppo/حلب","District":"Jebel Saman/جبل سمعان","Subdistrict":"Atareb/أتارب","Community":"Babka/بابكة","Site_name":"Al-Furkan(Babka) / الفرقان (بابكة)","Site_type":"SC","Category":"Extreme","Total_IDPs":396,"Latitude":36.162693480000002,"Longitude":36.75283306}},{"type":"Feature","id":17,"geometry":{"type":"Point","coordinates":[297567.72169999965,4004447.2982999999]},"properties":{"OBJECTID":17,"P_CODE":"CP002117","Governorate":"Aleppo/حلب","District":"Jebel Saman/جبل سمعان","Subdistrict":"Atareb/أتارب","Community":"Babka/بابكة","Site_name":"Reef Halab janobi (Babki) / ريف حلب الجنوبي(بابكي)","Site_type":"SC","Category":"Extreme","Total_IDPs":396,"Latitude":36.163656099999997,"Longitude":36.7494552}},{"type":"Feature","id":18,"geometry":{"type":"Point","coordinates":[292098.56579999998,4029425.9934]},"properties":{"OBJECTID":18,"P_CODE":"CP001692","Governorate":"Aleppo/حلب","District":"Afrin/عفرين","Subdistrict":"Jandairis/جنديرس","Community":"Jandairis/جنديرس","Site_name":"Tareek Alhamam(Janadirsi) / طريق الحمام(جنديرس)","Site_type":"SC","Category":"Extreme","Total_IDPs":325,"Latitude":36.387509999999999,"Longitude":36.682049999999997}},{"type":"Feature","id":19,"geometry":{"type":"Point","coordinates":[292986.8479000004,4029113.3793000001]},"properties":{"OBJECTID":19,"P_CODE":"CP002161","Governorate":"Aleppo/حلب","District":"Afrin/عفرين","Subdistrict":"Jandairis/جنديرس","Community":"Jandairis/جنديرس","Site_name":"Tel Jenderes / تل جنديرس","Site_type":"SC","Category":"Extreme","Total_IDPs":325,"Latitude":36.384885699999998,"Longitude":36.692029699999999}},{"type":"Feature","id":20,"geometry":{"type":"Point","coordinates":[293295.49060000014,4030234.3640000001]},"properties":{"OBJECTID":20,"P_CODE":"CP001693","Governorate":"Aleppo/حلب","District":"Afrin/عفرين","Subdistrict":"Jandairis/جنديرس","Community":"Jandairis/جنديرس","Site_name":"Janadirsi Entrance / مدخل جنديرس","Site_type":"SC","Category":"Extreme","Total_IDPs":325,"Latitude":36.395049999999998,"Longitude":36.695169999999997}},{"type":"Feature","id":21,"geometry":{"type":"Point","coordinates":[355227.95370000042,4054386.4715]},"properties":{"OBJECTID":21,"P_CODE":"CP001644","Governorate":"Aleppo/حلب","District":"Azaz/اعزاز","Subdistrict":"Aghtrin/اخترين","Community":"Qaar Kalbein/قعر كلبين","Site_name":"Tat Hims / طاط حمص","Site_type":"SC","Category":"Extreme","Total_IDPs":135,"Latitude":36.624029,"Longitude":37.38091}},{"type":"Feature","id":22,"geometry":{"type":"Point","coordinates":[351631.08839999977,4053297.9772999994]},"properties":{"OBJECTID":22,"P_CODE":"CP002070","Governorate":"Aleppo/حلب","District":"Azaz/اعزاز","Subdistrict":"Aghtrin/اخترين","Community":"Tal Sheer Aazaz/تل شعير اعزاز","Site_name":"Tal Sheer / تل شعير","Site_type":"SC","Category":"Extreme","Total_IDPs":135,"Latitude":36.613667,"Longitude":37.340909000000003}},{"type":"Feature","id":23,"geometry":{"type":"Point","coordinates":[376025.1838999996,4043855.182]},"properties":{"OBJECTID":23,"P_CODE":"CP001183","Governorate":"Aleppo/حلب","District":"Al Bab/الباب","Subdistrict":"Arima/عريمة","Community":"Shuwayhah/سويحة","Site_name":"Mazraat Shwyhnah / مزرعة شويحنة","Site_type":"SC","Category":"Extreme","Total_IDPs":378,"Latitude":36.532049999999998,"Longitude":37.615130000000001}},{"type":"Feature","id":24,"geometry":{"type":"Point","coordinates":[386889.89499999955,4055170.9462000001]},"properties":{"OBJECTID":24,"P_CODE":"CP001913","Governorate":"Aleppo/حلب","District":"Jarablus/جرابلس","Subdistrict":"Ghandorah/غندورة","Community":"Ghandorah/الغندورة","Site_name":"Mirza / ميرزا","Site_type":"SC","Category":"Extreme","Total_IDPs":312,"Latitude":36.63538483,"Longitude":37.734803560000003}},{"type":"Feature","id":25,"geometry":{"type":"Point","coordinates":[354121.38200000022,4047378.8703000005]},"properties":{"OBJECTID":25,"P_CODE":"CP001967","Governorate":"Aleppo/حلب","District":"Azaz/اعزاز","Subdistrict":"Aghtrin/اخترين","Community":"Zayadiyeh/زيادية - اخترين","Site_name":"Ziyadiyeh / الزيادية","Site_type":"SC","Category":"Extreme","Total_IDPs":135,"Latitude":36.560712000000002,"Longitude":37.369867999999997}},{"type":"Feature","id":26,"geometry":{"type":"Point","coordinates":[283219.69699999969,3987251.5435000006]},"properties":{"OBJECTID":26,"P_CODE":"CP000694","Governorate":"Idleb/إدلب","District":"Idleb/مركز إدلب","Subdistrict":"Maaret Tamsrin/معرة تمصرين","Community":"Batenta/باتنته","Site_name":"Al Zeyara (Eman Billah) / الزيارة(الإيمان بالله)","Site_type":"SC","Category":"Extreme","Total_IDPs":716,"Latitude":36.005656000000002,"Longitude":36.594788999999999}},{"type":"Feature","id":27,"geometry":{"type":"Point","coordinates":[300841.60800000001,4025051.4488999993]},"properties":{"OBJECTID":27,"P_CODE":"CP002410","Governorate":"Aleppo/حلب","District":"Afrin/عفرين","Subdistrict":"Jandairis/جنديرس","Community":"Jalma (Jandairis)/جلمة","Site_name":"Al Mahalla -Maqla'a / مخيم المحلة - مقلع","Site_type":"SC","Category":"Extreme","Total_IDPs":325,"Latitude":36.349953020000001,"Longitude":36.780581169999998}},{"type":"Feature","id":28,"geometry":{"type":"Point","coordinates":[299548.17459999956,4026336.7307999991]},"properties":{"OBJECTID":28,"P_CODE":"CP001949","Governorate":"Aleppo/حلب","District":"Afrin/عفرين","Subdistrict":"Jandairis/جنديرس","Community":"Jalma (Jandairis)/جلمة","Site_name":"Hanan / حنان","Site_type":"SC","Category":"Extreme","Total_IDPs":325,"Latitude":36.361263000000001,"Longitude":36.765846000000003}},{"type":"Feature","id":29,"geometry":{"type":"Point","coordinates":[328344.45120000001,4055014.3151999991]},"properties":{"OBJECTID":29,"P_CODE":"CP000479","Governorate":"Aleppo/حلب","District":"Azaz/اعزاز","Subdistrict":"Azaz/مركز اعزاز","Community":"Salama/السلامة","Site_name":"Al Rahmah (Salama) / الرحمة (السلامة)","Site_type":"SC","Category":"Extreme","Total_IDPs":1435,"Latitude":36.625222000000001,"Longitude":37.080252999999999}},{"type":"Feature","id":30,"geometry":{"type":"Point","coordinates":[318359.81319999974,4052316.9066000003]},"properties":{"OBJECTID":30,"P_CODE":"CP001700","Governorate":"Aleppo/حلب","District":"Afrin/عفرين","Subdistrict":"Sharan/شران","Community":"Qatmet Efrin/قاطمة عفرين","Site_name":"Hirsh Qatmah Tehtani / حرش قاطمة تحتاني","Site_type":"SC","Category":"Extreme","Total_IDPs":129,"Latitude":36.599069,"Longitude":36.969287000000001}},{"type":"Feature","id":31,"geometry":{"type":"Point","coordinates":[318106.63870000001,4050131.2416999992]},"properties":{"OBJECTID":31,"P_CODE":"CP002217","Governorate":"Aleppo/حلب","District":"Afrin/عفرين","Subdistrict":"Sharan/شران","Community":"Qatmet Efrin/قاطمة عفرين","Site_name":"Janib Habit Albaraka / جانب حبة البركة","Site_type":"SC","Category":"Extreme","Total_IDPs":129,"Latitude":36.579329299999998,"Longitude":36.966974899999997}},{"type":"Feature","id":32,"geometry":{"type":"Point","coordinates":[317550.24980000034,4049674.2610999998]},"properties":{"OBJECTID":32,"P_CODE":"CP001852","Governorate":"Aleppo/حلب","District":"Afrin/عفرين","Subdistrict":"Sharan/شران","Community":"Kafr Janna/كفر جنة","Site_name":"Qatma 2 / قطمة 2","Site_type":"SC","Category":"Extreme","Total_IDPs":129,"Latitude":36.575105999999998,"Longitude":36.960867999999998}},{"type":"Feature","id":33,"geometry":{"type":"Point","coordinates":[312259.19689999986,4046547.6881000008]},"properties":{"OBJECTID":33,"P_CODE":"CP001859","Governorate":"Aleppo/حلب","District":"Afrin/عفرين","Subdistrict":"Sharan/شران","Community":"Tal Elosud/تل الاسود","Site_name":"Aljabal Kira Tabeh / مطعم الجبل قره تبة","Site_type":"SC","Category":"Extreme","Total_IDPs":129,"Latitude":36.545912600000001,"Longitude":36.902530300000002}},{"type":"Feature","id":34,"geometry":{"type":"Point","coordinates":[314006.57390000019,4048087.5293000005]},"properties":{"OBJECTID":34,"P_CODE":"CP001847","Governorate":"Aleppo/حلب","District":"Afrin/عفرين","Subdistrict":"Sharan/شران","Community":"Mashaala/مشعلة","Site_name":"Alsabih / الصبة","Site_type":"SC","Category":"Extreme","Total_IDPs":129,"Latitude":36.560127000000001,"Longitude":36.921669000000001}},{"type":"Feature","id":35,"geometry":{"type":"Point","coordinates":[293180.65450000018,4018739.8056000005]},"properties":{"OBJECTID":35,"P_CODE":"CP000108","Governorate":"Idleb/إدلب","District":"Harim/حارم","Subdistrict":"Dana/دانا","Community":"Atma/اطمه","Site_name":"Al Asil / الأصيل","Site_type":"SC","Category":"Extreme","Total_IDPs":869,"Latitude":36.291480999999997,"Longitude":36.696942999999997}},{"type":"Feature","id":36,"geometry":{"type":"Point","coordinates":[293107.01329999976,4018819.6544000003]},"properties":{"OBJECTID":36,"P_CODE":"CP000117","Governorate":"Idleb/إدلب","District":"Harim/حارم","Subdistrict":"Dana/دانا","Community":"Atma/اطمه","Site_name":"Al Ikhlas(Karama) / الإخلاص(كرامة)","Site_type":"SC","Category":"Extreme","Total_IDPs":869,"Latitude":36.292184499999998,"Longitude":36.696102400000001}},{"type":"Feature","id":37,"geometry":{"type":"Point","coordinates":[293213.09929999989,4019092.2424999997]},"properties":{"OBJECTID":37,"P_CODE":"CP000131","Governorate":"Idleb/إدلب","District":"Harim/حارم","Subdistrict":"Dana/دانا","Community":"Atma/اطمه","Site_name":"Doaat Al Kwait (Al Khayrat) / دعاة الكويت والخيرات","Site_type":"SC","Category":"Extreme","Total_IDPs":869,"Latitude":36.294662780000003,"Longitude":36.697210679999998}},{"type":"Feature","id":38,"geometry":{"type":"Point","coordinates":[292973.9581000004,4019159.6099999994]},"properties":{"OBJECTID":38,"P_CODE":"CP000139","Governorate":"Idleb/إدلب","District":"Harim/حارم","Subdistrict":"Dana/دانا","Community":"Atma/اطمه","Site_name":"Rajaa / الرجاء","Site_type":"SC","Category":"Extreme","Total_IDPs":869,"Latitude":36.295218329999997,"Longitude":36.694531670000003}},{"type":"Feature","id":39,"geometry":{"type":"Point","coordinates":[293641.23950000014,4018816.5468000006]},"properties":{"OBJECTID":39,"P_CODE":"CP001043","Governorate":"Idleb/إدلب","District":"Harim/حارم","Subdistrict":"Dana/دانا","Community":"Atma/اطمه","Site_name":"Sahl AlGhab / سهل الغاب","Site_type":"SC","Category":"Extreme","Total_IDPs":869,"Latitude":36.292270960000003,"Longitude":36.702047880000002}},{"type":"Feature","id":40,"geometry":{"type":"Point","coordinates":[266072.02570000011,4001573.6954999994]},"properties":{"OBJECTID":40,"P_CODE":"CP000281","Governorate":"Idleb/إدلب","District":"Harim/حارم","Subdistrict":"Salqin/سلقين","Community":"Delbiya/دلبيا","Site_name":"Al Taakhi / التآخي","Site_type":"SC","Category":"Extreme","Total_IDPs":467,"Latitude":36.13068466,"Longitude":36.400458759999999}},{"type":"Feature","id":41,"geometry":{"type":"Point","coordinates":[271265.05549999978,4003108.5995000005]},"properties":{"OBJECTID":41,"P_CODE":"CP001146","Governorate":"Idleb/إدلب","District":"Harim/حارم","Subdistrict":"Salqin/سلقين","Community":"Salqin/سلقين","Site_name":"Aqadimi / اكاديمي","Site_type":"SC","Category":"Extreme","Total_IDPs":467,"Latitude":36.145747499999999,"Longitude":36.45766871}},{"type":"Feature","id":42,"geometry":{"type":"Point","coordinates":[401335.6568,4043066.6019000001]},"properties":{"OBJECTID":42,"P_CODE":"CP002449","Governorate":"Aleppo/حلب","District":"Menbij/منبج","Subdistrict":"Menbij/مركز منبج","Community":"Um Elsafa/أم الصفا","Site_name":"Kharija Shamali / خريجة شمالي","Site_type":"SC","Category":"Extreme","Total_IDPs":172,"Latitude":36.527889999999999,"Longitude":37.897910000000003}},{"type":"Feature","id":43,"geometry":{"type":"Point","coordinates":[402468.21300000045,4040936.7011999991]},"properties":{"OBJECTID":43,"P_CODE":"CP002451","Governorate":"Aleppo/حلب","District":"Menbij/منبج","Subdistrict":"Menbij/مركز منبج","Community":"Qanat Shekh Tabbash/قناة الشيخ طباش","Site_name":"Castle Restaurant / مطعم القلعة","Site_type":"SC","Category":"Extreme","Total_IDPs":172,"Latitude":36.508808299999998,"Longitude":37.9108278}},{"type":"Feature","id":44,"geometry":{"type":"Point","coordinates":[409355.47200000007,4033418.7204999998]},"properties":{"OBJECTID":44,"P_CODE":"CP002452","Governorate":"Aleppo/حلب","District":"Menbij/منبج","Subdistrict":"Menbij/مركز منبج","Community":"Bir Quraa/قرعة كبيرة","Site_name":"Qarra Sageera / مخيم قرعه صغيرة","Site_type":"SC","Category":"Extreme","Total_IDPs":172,"Latitude":36.441719999999997,"Longitude":37.988610000000001}},{"type":"Feature","id":45,"geometry":{"type":"Point","coordinates":[411728.78210000042,4044427.1622000001]},"properties":{"OBJECTID":45,"P_CODE":"CP002459","Governorate":"Aleppo/حلب","District":"Menbij/منبج","Subdistrict":"Menbij/مركز منبج","Community":"Omriyeh/عمرية","Site_name":"Omriyeh / عمرية","Site_type":"SC","Category":"Extreme","Total_IDPs":172,"Latitude":36.541170000000001,"Longitude":38.013829999999999}},{"type":"Feature","id":46,"geometry":{"type":"Point","coordinates":[400604.61039999966,4040624.2263999991]},"properties":{"OBJECTID":46,"P_CODE":"CP002460","Governorate":"Aleppo/حلب","District":"Menbij/منبج","Subdistrict":"Menbij/مركز منبج","Community":"Um Elsafa/أم الصفا","Site_name":"Um Elsafa / أم الصفا","Site_type":"SC","Category":"Extreme","Total_IDPs":172,"Latitude":36.505800000000001,"Longitude":37.890059999999998}},{"type":"Feature","id":47,"geometry":{"type":"Point","coordinates":[397758.9626000002,4030694.6121999994]},"properties":{"OBJECTID":47,"P_CODE":"CP002464","Governorate":"Aleppo/حلب","District":"Menbij/منبج","Subdistrict":"Menbij/مركز منبج","Community":"Little Kharufiyeh/خاروفية صغيرة","Site_name":"Ahrash Toq Elkhalil / احراش طوق الخليل","Site_type":"SC","Category":"Extreme","Total_IDPs":172,"Latitude":36.415999999999997,"Longitude":37.8596}},{"type":"Feature","id":48,"geometry":{"type":"Point","coordinates":[293928.82650000043,4013973.2910999991]},"properties":{"OBJECTID":48,"P_CODE":"CP000744","Governorate":"Idleb/إدلب","District":"Harim/حارم","Subdistrict":"Dana/دانا","Community":"Bab El Hawa/باب الهوى - دانا","Site_name":"Al Nasr 2 / النصر 2","Site_type":"SC","Category":"Extreme","Total_IDPs":869,"Latitude":36.248702999999999,"Longitude":36.706524999999999}},{"type":"Feature","id":49,"geometry":{"type":"Point","coordinates":[294249.27479999978,4014029.4492000006]},"properties":{"OBJECTID":49,"P_CODE":"CP001576","Governorate":"Idleb/إدلب","District":"Harim/حارم","Subdistrict":"Dana/دانا","Community":"Sarmada/سرمدا","Site_name":"Al Gfran / الغفران","Site_type":"SC","Category":"Extreme","Total_IDPs":869,"Latitude":36.249277200000002,"Longitude":36.7100741}},{"type":"Feature","id":50,"geometry":{"type":"Point","coordinates":[282798.69000000041,3981125.6610000003]},"properties":{"OBJECTID":50,"P_CODE":"CP002119","Governorate":"Idleb/إدلب","District":"Idleb/مركز إدلب","Subdistrict":"Idleb/مركز إدلب","Community":"Idleb/إدلب","Site_name":"EkThar Al bethar / إكثار البذار","Site_type":"SC","Category":"Extreme","Total_IDPs":346,"Latitude":35.9503804,"Longitude":36.5917995}},{"type":"Feature","id":51,"geometry":{"type":"Point","coordinates":[326224.14809999987,4050765.1083000004]},"properties":{"OBJECTID":51,"P_CODE":"CP002033","Governorate":"Aleppo/حلب","District":"Azaz/اعزاز","Subdistrict":"Azaz/مركز اعزاز","Community":"Azaz/أعزاز","Site_name":"Al Aramel(Azaz) / الارامل(اعزاز)","Site_type":"SC","Category":"Extreme","Total_IDPs":1435,"Latitude":36.586553000000002,"Longitude":37.057513}},{"type":"Feature","id":52,"geometry":{"type":"Point","coordinates":[332035.74739999976,4058345.2482999992]},"properties":{"OBJECTID":52,"P_CODE":"CP001799","Governorate":"Aleppo/حلب","District":"Azaz/اعزاز","Subdistrict":"Azaz/مركز اعزاز","Community":"Shamarin/شمارين","Site_name":"Al Tawheed(Shamarin) / التوحيد(شمارين)","Site_type":"SC","Category":"Extreme","Total_IDPs":1435,"Latitude":36.655892000000001,"Longitude":37.120786000000003}},{"type":"Feature","id":53,"geometry":{"type":"Point","coordinates":[327835.80269999988,4053726.2634999994]},"properties":{"OBJECTID":53,"P_CODE":"CP001476","Governorate":"Aleppo/حلب","District":"Azaz/اعزاز","Subdistrict":"Azaz/مركز اعزاز","Community":"Bab Alsalameh/باب السلامة","Site_name":"Asafira Sujjo / السفيرة سجو","Site_type":"SC","Category":"Extreme","Total_IDPs":1435,"Latitude":36.613525000000003,"Longitude":37.074855999999997}},{"type":"Feature","id":54,"geometry":{"type":"Point","coordinates":[289456.21339999977,4035167.0733000003]},"properties":{"OBJECTID":54,"P_CODE":"CP001694","Governorate":"Aleppo/حلب","District":"Afrin/عفرين","Subdistrict":"Jandairis/جنديرس","Community":"Jandairis/جنديرس","Site_name":"Yalnquz Road / طريق يلانقوز","Site_type":"SC","Category":"Extreme","Total_IDPs":325,"Latitude":36.438648899999997,"Longitude":36.651054500000001}},{"type":"Feature","id":55,"geometry":{"type":"Point","coordinates":[309763.08169999998,4042728.2051999997]},"properties":{"OBJECTID":55,"P_CODE":"CP001449","Governorate":"Aleppo/حلب","District":"Afrin/عفرين","Subdistrict":"Afrin/مركز عفرين","Community":"Afrin (Afrin)/عفرين - مركز عفرين","Site_name":"Pazar Afrin / بازار عفرين","Site_type":"SC","Category":"Extreme","Total_IDPs":779,"Latitude":36.511009469999998,"Longitude":36.875602139999998}},{"type":"Feature","id":56,"geometry":{"type":"Point","coordinates":[309757.10290000029,4041523.8184999991]},"properties":{"OBJECTID":56,"P_CODE":"CP001703","Governorate":"Aleppo/حلب","District":"Afrin/عفرين","Subdistrict":"Afrin/مركز عفرين","Community":"Afrin (Afrin)/عفرين - مركز عفرين","Site_name":"Trendah / ترندة","Site_type":"SC","Category":"Extreme","Total_IDPs":779,"Latitude":36.500157999999999,"Longitude":36.875832000000003}},{"type":"Feature","id":57,"geometry":{"type":"Point","coordinates":[309997.56230000034,4041760.4971999992]},"properties":{"OBJECTID":57,"P_CODE":"CP001823","Governorate":"Aleppo/حلب","District":"Afrin/عفرين","Subdistrict":"Afrin/مركز عفرين","Community":"Afrin (Afrin)/عفرين - مركز عفرين","Site_name":"Trendah Extension / ملحق ترندة","Site_type":"SC","Category":"Extreme","Total_IDPs":779,"Latitude":36.502338000000002,"Longitude":36.878456999999997}},{"type":"Feature","id":58,"geometry":{"type":"Point","coordinates":[307785.4682,4043440.3409000002]},"properties":{"OBJECTID":58,"P_CODE":"CP002376","Governorate":"Aleppo/حلب","District":"Afrin/عفرين","Subdistrict":"Afrin/مركز عفرين","Community":"Afrin (Afrin)/عفرين - مركز عفرين","Site_name":"Hirsh Almahmudia/ حرش المحمودية","Site_type":"SC","Category":"Extreme","Total_IDPs":779,"Latitude":36.517029719999996,"Longitude":36.853354590000002}},{"type":"Feature","id":59,"geometry":{"type":"Point","coordinates":[306578.70990000013,4044599.0357000008]},"properties":{"OBJECTID":59,"P_CODE":"CP002375","Governorate":"Aleppo/حلب","District":"Afrin/عفرين","Subdistrict":"Afrin/مركز عفرين","Community":"Afrin (Afrin)/عفرين - مركز عفرين","Site_name":"Karaj Alsarfees/ كراج السرفيس","Site_type":"SC","Category":"Extreme","Total_IDPs":779,"Latitude":36.527224840000002,"Longitude":36.839595860000003}},{"type":"Feature","id":60,"geometry":{"type":"Point","coordinates":[293299.16629999969,4018806.8103999998]},"properties":{"OBJECTID":60,"P_CODE":"CP000124","Governorate":"Idleb/إدلب","District":"Harim/حارم","Subdistrict":"Dana/دانا","Community":"Atma/اطمه","Site_name":"Al Safa wa Al Marwa / الصفا والمروة","Site_type":"SC","Category":"Extreme","Total_IDPs":869,"Latitude":36.292110000000001,"Longitude":36.698244000000003}},{"type":"Feature","id":61,"geometry":{"type":"Point","coordinates":[308286.55250000022,4040684.4712000005]},"properties":{"OBJECTID":61,"P_CODE":"CP001942","Governorate":"Aleppo/حلب","District":"Afrin/عفرين","Subdistrict":"Afrin/مركز عفرين","Community":"Afrin (Afrin)/عفرين - مركز عفرين","Site_name":"Al Jadidah / الجديدة","Site_type":"SC","Category":"Extreme","Total_IDPs":779,"Latitude":36.492303,"Longitude":36.859631}},{"type":"Feature","id":62,"geometry":{"type":"Point","coordinates":[300565.30750000011,4012459.7909999993]},"properties":{"OBJECTID":62,"P_CODE":"CP000377","Governorate":"Idleb/إدلب","District":"Harim/حارم","Subdistrict":"Dana/دانا","Community":"Hezreh - Hezri/حزرة_حرزي","Site_name":"Al Foqaraa (The Poor) / الفقراء","Site_type":"SC","Category":"Extreme","Total_IDPs":869,"Latitude":36.236461200000001,"Longitude":36.780720780000003}},{"type":"Feature","id":63,"geometry":{"type":"Point","coordinates":[403839.95749999955,4066855.9635000005]},"properties":{"OBJECTID":63,"P_CODE":"CP001916","Governorate":"Aleppo/حلب","District":"Jarablus/جرابلس","Subdistrict":"Jarablus/مركز جرابلس","Community":"Upper Um Rotha/أم روثة فوقاني","Site_name":"Yusef Elbeik / يوسف بك","Site_type":"SC","Category":"Extreme","Total_IDPs":340,"Latitude":36.742567999999999,"Longitude":37.922898000000004}},{"type":"Feature","id":64,"geometry":{"type":"Point","coordinates":[410643.6138000004,4075296.7435999997]},"properties":{"OBJECTID":64,"P_CODE":"CP000944","Governorate":"Aleppo/حلب","District":"Jarablus/جرابلس","Subdistrict":"Jarablus/مركز جرابلس","Community":"Jarablus/جرابلس","Site_name":"Al Khalawi / الخلاوي","Site_type":"SC","Category":"Extreme","Total_IDPs":340,"Latitude":36.819313299999997,"Longitude":37.998105860000003}},{"type":"Feature","id":65,"geometry":{"type":"Point","coordinates":[263220.62579999957,3987722.5457000006]},"properties":{"OBJECTID":65,"P_CODE":"CP000447","Governorate":"Idleb/إدلب","District":"Jisr-Ash-Shugur/جسر الشغور","Subdistrict":"Darkosh/دركوش","Community":"Zanbaqi/الزنبقي","Site_name":"Aleppo 3 / حلب 3","Site_type":"SC","Category":"Extreme","Total_IDPs":304,"Latitude":36.005245039999998,"Longitude":36.372956209999998}},{"type":"Feature","id":66,"geometry":{"type":"Point","coordinates":[499409.87469999958,3973643.4759999998]},"properties":{"OBJECTID":66,"P_CODE":"CP002522","Governorate":"Ar-Raqqa","District":"Ar-Raqqa","Subdistrict":"Ar-Raqqa","Community":"Faraa","Site_name":"Al-Maqas/المقص","Site_type":"SC","Category":"Extreme","Total_IDPs":1175,"Latitude":35.907089999999997,"Longitude":38.993459999999999}},{"type":"Feature","id":67,"geometry":{"type":"Point","coordinates":[501973.92030000035,3971321.1649999991]},"properties":{"OBJECTID":67,"P_CODE":"CP002500","Governorate":"Ar-Raqqa","District":"Ar-Raqqa","Subdistrict":"Ar-Raqqa","Community":"Faraa","Site_name":"Mohammed Ali/مخيم محمد علي","Site_type":"SC","Category":"Extreme","Total_IDPs":1175,"Latitude":35.886150000000001,"Longitude":39.02187}},{"type":"Feature","id":68,"geometry":{"type":"Point","coordinates":[502058.54370000027,3976119.2772000004]},"properties":{"OBJECTID":68,"P_CODE":"CP002538","Governorate":"Ar-Raqqa","District":"Ar-Raqqa","Subdistrict":"Ar-Raqqa","Community":"Al Kumb","Site_name":"Al-Yonani north of the river/اليوناني جنوب النهر","Site_type":"SC","Category":"Extreme","Total_IDPs":1175,"Latitude":35.929409999999997,"Longitude":39.022820000000003}},{"type":"Feature","id":69,"geometry":{"type":"Point","coordinates":[491852.71549999993,3980335.3107999992]},"properties":{"OBJECTID":69,"P_CODE":"CP002528","Governorate":"Ar-Raqqa","District":"Ar-Raqqa","Subdistrict":"Ar-Raqqa","Community":"Rabee'a","Site_name":"Rabeea/ربيعة","Site_type":"SC","Category":"Extreme","Total_IDPs":1175,"Latitude":35.967390000000002,"Longitude":38.909640000000003}},{"type":"Feature","id":70,"geometry":{"type":"Point","coordinates":[245087.51209999993,3974628.7929999996]},"properties":{"OBJECTID":70,"P_CODE":"CP000987","Governorate":"Idleb/إدلب","District":"Jisr-Ash-Shugur/جسر الشغور","Subdistrict":"Badama/بداما","Community":"Kherbet Eljoz/خربة الجوز","Site_name":"Kateaa Al Naher1 / قاطع النهر1","Site_type":"SC","Category":"Extreme","Total_IDPs":275,"Latitude":35.882762149999998,"Longitude":36.176184640000002}},{"type":"Feature","id":71,"geometry":{"type":"Point","coordinates":[292325.11309999973,3990767.6432000007]},"properties":{"OBJECTID":71,"P_CODE":"CP001124","Governorate":"Idleb/إدلب","District":"Idleb/مركز إدلب","Subdistrict":"Maaret Tamsrin/معرة تمصرين","Community":"Kafr - Kafrehmul/الكفر_كفريحمول","Site_name":"Al- Okhuwah / الأخوة","Site_type":"SC","Category":"Extreme","Total_IDPs":716,"Latitude":36.039313999999997,"Longitude":36.694817}},{"type":"Feature","id":72,"geometry":{"type":"Point","coordinates":[488946.07160000037,3981269.0547000002]},"properties":{"OBJECTID":72,"P_CODE":"CP002529","Governorate":"Ar-Raqqa","District":"Ar-Raqqa","Subdistrict":"Ar-Raqqa","Community":"Yaarub","Site_name":"Yaruub / Yaroub/يعرب","Site_type":"SC","Category":"Extreme","Total_IDPs":1175,"Latitude":35.97578,"Longitude":38.877389999999998}},{"type":"Feature","id":73,"geometry":{"type":"Point","coordinates":[296971.09889999963,4012969.4156999998]},"properties":{"OBJECTID":73,"P_CODE":"CP000273","Governorate":"Idleb/إدلب","District":"Harim/حارم","Subdistrict":"Dana/دانا","Community":"Deir Hassan - Darhashan/دير حسان_درحشان","Site_name":"Abu Obeida Ben Aljaraah / أبو عبيدة بن الجراح","Site_type":"SC","Category":"Extreme","Total_IDPs":869,"Latitude":36.240303769999997,"Longitude":36.740620579999998}},{"type":"Feature","id":74,"geometry":{"type":"Point","coordinates":[564465.70089999959,3960284.7719000001]},"properties":{"OBJECTID":74,"P_CODE":"CP002618","Governorate":"Deir-ez-Zor","District":"Deir-ez-Zor","Subdistrict":"Kisreh","Community":"Jazaret Elbuhmeid","Site_name":"Al-Tahwna/مخيم الطاحونة","Site_type":"SC","Category":"Extreme","Total_IDPs":90,"Latitude":35.784529999999997,"Longitude":39.713329999999999}},{"type":"Feature","id":75,"geometry":{"type":"Point","coordinates":[297987.74679999985,4007151.1461999994]},"properties":{"OBJECTID":75,"P_CODE":"CP001596","Governorate":"Idleb/إدلب","District":"Harim/حارم","Subdistrict":"Dana/دانا","Community":"Tal Elkarameh/تل الكرامة - دانا","Site_name":"AlMothana / المثنى","Site_type":"SC","Category":"Severe","Total_IDPs":638,"Latitude":36.188102000000001,"Longitude":36.753425999999997}},{"type":"Feature","id":76,"geometry":{"type":"Point","coordinates":[297787.13750000019,4006489.2241999991]},"properties":{"OBJECTID":76,"P_CODE":"CP001597","Governorate":"Idleb/إدلب","District":"Harim/حارم","Subdistrict":"Dana/دانا","Community":"Tal Elkarameh/تل الكرامة - دانا","Site_name":"Tajmo. ALlij / تجمع اللج","Site_type":"SC","Category":"Severe","Total_IDPs":638,"Latitude":36.182097059999997,"Longitude":36.751367109999997}},{"type":"Feature","id":77,"geometry":{"type":"Point","coordinates":[298465.7472000001,4008167.8674999997]},"properties":{"OBJECTID":77,"P_CODE":"CP001912","Governorate":"Idleb/إدلب","District":"Harim/حارم","Subdistrict":"Dana/دانا","Community":"Dana (Dana)/الدانا - دانا","Site_name":"Wadi Alean / وادي العين","Site_type":"SC","Category":"Severe","Total_IDPs":638,"Latitude":36.197361000000001,"Longitude":36.758476999999999}},{"type":"Feature","id":78,"geometry":{"type":"Point","coordinates":[298210.09009999968,4007700.6158000007]},"properties":{"OBJECTID":78,"P_CODE":"CP000464","Governorate":"Idleb/إدلب","District":"Harim/حارم","Subdistrict":"Dana/دانا","Community":"Tal Elkarameh/تل الكرامة - دانا","Site_name":"Ard Al Matar / ارض المطار","Site_type":"SC","Category":"Severe","Total_IDPs":638,"Latitude":36.193098390000003,"Longitude":36.755755659999998}},{"type":"Feature","id":79,"geometry":{"type":"Point","coordinates":[298251.53890000004,3996039.0269000009]},"properties":{"OBJECTID":79,"P_CODE":"CP002184","Governorate":"Aleppo/حلب","District":"Jebel Saman/جبل سمعان","Subdistrict":"Atareb/أتارب","Community":"Abin Samaan/ابين سمعان","Site_name":"Tajamu Abian / تجمع أبين","Site_type":"SC","Category":"Severe","Total_IDPs":626,"Latitude":36.088050000000003,"Longitude":36.7592073}},{"type":"Feature","id":80,"geometry":{"type":"Point","coordinates":[297244.57579999976,3998344.2773000002]},"properties":{"OBJECTID":80,"P_CODE":"CP000283","Governorate":"Aleppo/حلب","District":"Jebel Saman/جبل سمعان","Subdistrict":"Atareb/أتارب","Community":"Abin Samaan/ابين سمعان","Site_name":"Ra'a / راع","Site_type":"SC","Category":"Severe","Total_IDPs":626,"Latitude":36.108607960000001,"Longitude":36.74743789}},{"type":"Feature","id":81,"geometry":{"type":"Point","coordinates":[295647.47670000046,4001168.5450999998]},"properties":{"OBJECTID":81,"P_CODE":"CP001243","Governorate":"Aleppo/حلب","District":"Jebel Saman/جبل سمعان","Subdistrict":"Atareb/أتارب","Community":"Batbu/باتبو","Site_name":"Halab Alshahbaa (Batbu) / حلب الشهباء(باتبو)","Site_type":"SC","Category":"Severe","Total_IDPs":626,"Latitude":36.133716,"Longitude":36.728974000000001}},{"type":"Feature","id":82,"geometry":{"type":"Point","coordinates":[296446.98139999993,4002858.6298999991]},"properties":{"OBJECTID":82,"P_CODE":"CP000562","Governorate":"Aleppo/حلب","District":"Jebel Saman/جبل سمعان","Subdistrict":"Atareb/أتارب","Community":"Batbu/باتبو","Site_name":"AlAtshana Algharbiyah / العطشانة الغربية","Site_type":"SC","Category":"Severe","Total_IDPs":626,"Latitude":36.149109539999998,"Longitude":36.737415499999997}},{"type":"Feature","id":83,"geometry":{"type":"Point","coordinates":[295345.6333999997,4000872.1218999997]},"properties":{"OBJECTID":83,"P_CODE":"CP001532","Governorate":"Aleppo/حلب","District":"Jebel Saman/جبل سمعان","Subdistrict":"Atareb/أتارب","Community":"Batbu/باتبو","Site_name":"Qortubah 2 / قرطبة2","Site_type":"SC","Category":"Severe","Total_IDPs":626,"Latitude":36.130982000000003,"Longitude":36.725698999999999}},{"type":"Feature","id":84,"geometry":{"type":"Point","coordinates":[294996.45270000026,4002022.5486999992]},"properties":{"OBJECTID":84,"P_CODE":"CP001878","Governorate":"Aleppo/حلب","District":"Jebel Saman/جبل سمعان","Subdistrict":"Atareb/أتارب","Community":"Batbu/باتبو","Site_name":"Aleis / العيس","Site_type":"SC","Category":"Severe","Total_IDPs":626,"Latitude":36.141272000000001,"Longitude":36.721521600000003}},{"type":"Feature","id":85,"geometry":{"type":"Point","coordinates":[293898.5987999998,4004659.9177000001]},"properties":{"OBJECTID":85,"P_CODE":"CP002358","Governorate":"Idleb/إدلب","District":"Harim/حارم","Subdistrict":"Dana/دانا","Community":"Sarmada/سرمدا","Site_name":"Tajamuaa Aljabal/ تجمع الجبل","Site_type":"SC","Category":"Severe","Total_IDPs":638,"Latitude":36.164797999999998,"Longitude":36.708637000000003}},{"type":"Feature","id":86,"geometry":{"type":"Point","coordinates":[304094.88920000009,4048260.5438999999]},"properties":{"OBJECTID":86,"P_CODE":"CP001829","Governorate":"Aleppo/حلب","District":"Afrin/عفرين","Subdistrict":"Mabtali/معبطلي","Community":"Ayn Al-Hajar/عين الحجر","Site_name":"Maamel beren Kifo / معامل البيرين كيفو","Site_type":"SC","Category":"Severe","Total_IDPs":45,"Latitude":36.559704000000004,"Longitude":36.810941}},{"type":"Feature","id":87,"geometry":{"type":"Point","coordinates":[294075.22059999965,4018827.8232000005]},"properties":{"OBJECTID":87,"P_CODE":"CP000173","Governorate":"Idleb/إدلب","District":"Harim/حارم","Subdistrict":"Dana/دانا","Community":"Qah/قاح - دانا","Site_name":"Al Waleed / الوليد","Site_type":"SC","Category":"Severe","Total_IDPs":638,"Latitude":36.292465300000003,"Longitude":36.7068741}},{"type":"Feature","id":88,"geometry":{"type":"Point","coordinates":[292145.5382000003,3998079.1813999992]},"properties":{"OBJECTID":88,"P_CODE":"CP001148","Governorate":"Idleb/إدلب","District":"Idleb/مركز إدلب","Subdistrict":"Maaret Tamsrin/معرة تمصرين","Community":"Kelly/كللي","Site_name":"Sukek / سكيك","Site_type":"SC","Category":"Severe","Total_IDPs":623,"Latitude":36.105141660000001,"Longitude":36.690899690000002}},{"type":"Feature","id":89,"geometry":{"type":"Point","coordinates":[290713.41860000044,3999319.6753000002]},"properties":{"OBJECTID":89,"P_CODE":"CP001152","Governorate":"Idleb/إدلب","District":"Idleb/مركز إدلب","Subdistrict":"Maaret Tamsrin/معرة تمصرين","Community":"Kelly/كللي","Site_name":"Al Makla'a (Kelly) / المقلع (كللي)","Site_type":"SC","Category":"Severe","Total_IDPs":623,"Latitude":36.116008839999999,"Longitude":36.67467216}},{"type":"Feature","id":90,"geometry":{"type":"Point","coordinates":[292561.14169999957,3999589.1893000007]},"properties":{"OBJECTID":90,"P_CODE":"CP001154","Governorate":"Idleb/إدلب","District":"Idleb/مركز إدلب","Subdistrict":"Maaret Tamsrin/معرة تمصرين","Community":"Kelly/كللي","Site_name":"Al Khansa'a / الخنساء","Site_type":"SC","Category":"Severe","Total_IDPs":623,"Latitude":36.118833379999998,"Longitude":36.695115710000003}},{"type":"Feature","id":91,"geometry":{"type":"Point","coordinates":[290338.98510000017,4020849.8819999993]},"properties":{"OBJECTID":91,"P_CODE":"CP000834","Governorate":"Idleb/إدلب","District":"Harim/حارم","Subdistrict":"Dana/دانا","Community":"Atma/اطمه","Site_name":"Al Raghad / الرغد","Site_type":"SC","Category":"Severe","Total_IDPs":638,"Latitude":36.309874999999998,"Longitude":36.664755999999997}},{"type":"Feature","id":92,"geometry":{"type":"Point","coordinates":[290105.35080000013,4020897.0458000004]},"properties":{"OBJECTID":92,"P_CODE":"CP000837","Governorate":"Idleb/إدلب","District":"Harim/حارم","Subdistrict":"Dana/دانا","Community":"Atma/اطمه","Site_name":"Khaled ibn Al Walid / خالد بن الوليد","Site_type":"SC","Category":"Severe","Total_IDPs":638,"Latitude":36.310248999999999,"Longitude":36.662143}},{"type":"Feature","id":93,"geometry":{"type":"Point","coordinates":[294346.96669999976,4001486.0797000006]},"properties":{"OBJECTID":93,"P_CODE":"CP000595","Governorate":"Idleb/إدلب","District":"Idleb/مركز إدلب","Subdistrict":"Maaret Tamsrin/معرة تمصرين","Community":"Kelly/كللي","Site_name":"Rafe'en / رافعين","Site_type":"SC","Category":"Severe","Total_IDPs":623,"Latitude":36.136301680000003,"Longitude":36.714448400000002}},{"type":"Feature","id":94,"geometry":{"type":"Point","coordinates":[293668.73790000007,4000259.6579999998]},"properties":{"OBJECTID":94,"P_CODE":"CP001479","Governorate":"Idleb/إدلب","District":"Idleb/مركز إدلب","Subdistrict":"Maaret Tamsrin/معرة تمصرين","Community":"Kelly/كللي","Site_name":"Najm Aldeen Arbakan / نجم الدين أربكان","Site_type":"SC","Category":"Severe","Total_IDPs":623,"Latitude":36.12510941,"Longitude":36.70723778}},{"type":"Feature","id":95,"geometry":{"type":"Point","coordinates":[290769.26800000016,4022184.1973999999]},"properties":{"OBJECTID":95,"P_CODE":"CP000766","Governorate":"Idleb/إدلب","District":"Harim/حارم","Subdistrict":"Dana/دانا","Community":"Atma/اطمه","Site_name":"Atfalona Tonashedokom / أطفالنا تناشدكم","Site_type":"SC","Category":"Severe","Total_IDPs":638,"Latitude":36.321987999999997,"Longitude":36.669187000000001}},{"type":"Feature","id":96,"geometry":{"type":"Point","coordinates":[290024.60209999979,4022205.4021000005]},"properties":{"OBJECTID":96,"P_CODE":"CP000754","Governorate":"Idleb/إدلب","District":"Harim/حارم","Subdistrict":"Dana/دانا","Community":"Atma/اطمه","Site_name":"Al Arabiya / العربية","Site_type":"SC","Category":"Severe","Total_IDPs":638,"Latitude":36.322017000000002,"Longitude":36.660891999999997}},{"type":"Feature","id":97,"geometry":{"type":"Point","coordinates":[290033.73379999958,4021895.8980999999]},"properties":{"OBJECTID":97,"P_CODE":"CP000761","Governorate":"Idleb/إدلب","District":"Harim/حارم","Subdistrict":"Dana/دانا","Community":"Atma/اطمه","Site_name":"Al Fokaraa wa Al Mohtajeen / الفقراء والمحتاجين","Site_type":"SC","Category":"Severe","Total_IDPs":638,"Latitude":36.319231000000002,"Longitude":36.661076999999999}},{"type":"Feature","id":98,"geometry":{"type":"Point","coordinates":[269674.00339999981,3997818.5029000007]},"properties":{"OBJECTID":98,"P_CODE":"CP001612","Governorate":"Idleb/إدلب","District":"Harim/حارم","Subdistrict":"Salqin/سلقين","Community":"Abu Talha/ابو طلحة","Site_name":"Al Salihyah / الصالحية","Site_type":"SC","Category":"Severe","Total_IDPs":193,"Latitude":36.09772435,"Longitude":36.441547800000002}},{"type":"Feature","id":99,"geometry":{"type":"Point","coordinates":[367932.81879999954,4027944.8310000002]},"properties":{"OBJECTID":99,"P_CODE":"CP002195","Governorate":"Aleppo/حلب","District":"Al Bab/الباب","Subdistrict":"Al Bab/مركز الباب","Community":"Al Bab/الباب","Site_name":"Al Haydariya / الحيدرية","Site_type":"SC","Category":"Severe","Total_IDPs":633,"Latitude":36.387577999999998,"Longitude":37.527473999999998}},{"type":"Feature","id":100,"geometry":{"type":"Point","coordinates":[362471.68950000033,4034768.5738999993]},"properties":{"OBJECTID":100,"P_CODE":"CP001085","Governorate":"Aleppo/حلب","District":"Al Bab/الباب","Subdistrict":"Al Bab/مركز الباب","Community":"Hadath (Al Bab)/حدث","Site_name":"Hadath / حدث","Site_type":"PC","Category":"Severe","Total_IDPs":633,"Latitude":36.448307999999997,"Longitude":37.465392999999999}},{"type":"Feature","id":101,"geometry":{"type":"Point","coordinates":[363355.27840000018,4026763.2317999993]},"properties":{"OBJECTID":101,"P_CODE":"CP002040","Governorate":"Aleppo/حلب","District":"Al Bab/الباب","Subdistrict":"Al Bab/مركز الباب","Community":"Al Bab/الباب","Site_name":"Barat / برات","Site_type":"SC","Category":"Severe","Total_IDPs":633,"Latitude":36.376289200000002,"Longitude":37.476658999999998}},{"type":"Feature","id":102,"geometry":{"type":"Point","coordinates":[261337.91390000004,3982126.2727000006]},"properties":{"OBJECTID":102,"P_CODE":"CP001525","Governorate":"Idleb/إدلب","District":"Jisr-Ash-Shugur/جسر الشغور","Subdistrict":"Darkosh/دركوش","Community":"Zarzur (Darkosh)/زرزور - دركوش","Site_name":"Tayba(Zarzur) / طيبة(زرزور)","Site_type":"SC","Category":"Severe","Total_IDPs":249,"Latitude":35.954383999999997,"Longitude":36.353771999999999}},{"type":"Feature","id":103,"geometry":{"type":"Point","coordinates":[260195.4935999997,3980367.9952000007]},"properties":{"OBJECTID":103,"P_CODE":"CP001605","Governorate":"Idleb/إدلب","District":"Jisr-Ash-Shugur/جسر الشغور","Subdistrict":"Darkosh/دركوش","Community":"Zarzur (Darkosh)/زرزور - دركوش","Site_name":"Basmat Amal(Zarzur) / بسمة أمل(زرزور)","Site_type":"SC","Category":"Severe","Total_IDPs":249,"Latitude":35.938268559999997,"Longitude":36.341648190000001}},{"type":"Feature","id":104,"geometry":{"type":"Point","coordinates":[294811.59179999959,3996700.9840999991]},"properties":{"OBJECTID":104,"P_CODE":"CP000695","Governorate":"Idleb/إدلب","District":"Idleb/مركز إدلب","Subdistrict":"Maaret Tamsrin/معرة تمصرين","Community":"Hazano/حزانو","Site_name":"Al Abbas / العباس","Site_type":"SC","Category":"Severe","Total_IDPs":623,"Latitude":36.093293000000003,"Longitude":36.720855}},{"type":"Feature","id":105,"geometry":{"type":"Point","coordinates":[294714.12160000019,3995149.8473000005]},"properties":{"OBJECTID":105,"P_CODE":"CP001108","Governorate":"Idleb/إدلب","District":"Idleb/مركز إدلب","Subdistrict":"Maaret Tamsrin/معرة تمصرين","Community":"Hazano/حزانو","Site_name":"South of the new stadium / جنوب الملعب الجديد","Site_type":"SC","Category":"Severe","Total_IDPs":623,"Latitude":36.07929875,"Longitude":36.720176840000001}},{"type":"Feature","id":106,"geometry":{"type":"Point","coordinates":[293729.95349999983,3995849.3586999997]},"properties":{"OBJECTID":106,"P_CODE":"CP001980","Governorate":"Idleb/إدلب","District":"Idleb/مركز إدلب","Subdistrict":"Maaret Tamsrin/معرة تمصرين","Community":"Hazano/حزانو","Site_name":"Al Shariaa / الشرعية","Site_type":"SC","Category":"Severe","Total_IDPs":623,"Latitude":36.085391999999999,"Longitude":36.709071999999999}},{"type":"Feature","id":107,"geometry":{"type":"Point","coordinates":[299991.37669999991,4011466.4409999996]},"properties":{"OBJECTID":107,"P_CODE":"CP000338","Governorate":"Idleb/إدلب","District":"Harim/حارم","Subdistrict":"Dana/دانا","Community":"Deir Hassan - Darhashan/دير حسان_درحشان","Site_name":"Reef Aleppo / ريف حلب","Site_type":"SC","Category":"Severe","Total_IDPs":638,"Latitude":36.227393720000002,"Longitude":36.774592220000002}},{"type":"Feature","id":108,"geometry":{"type":"Point","coordinates":[297201.53710000031,4010309.3241000008]},"properties":{"OBJECTID":108,"P_CODE":"CP000533","Governorate":"Idleb/إدلب","District":"Harim/حارم","Subdistrict":"Dana/دانا","Community":"Deir Hassan - Darhashan/دير حسان_درحشان","Site_name":"Al Khair / الخير","Site_type":"SC","Category":"Severe","Total_IDPs":638,"Latitude":36.21638849,"Longitude":36.743871970000001}},{"type":"Feature","id":109,"geometry":{"type":"Point","coordinates":[297523.15969999973,4009831.3516000006]},"properties":{"OBJECTID":109,"P_CODE":"CP000544","Governorate":"Idleb/إدلب","District":"Harim/حارم","Subdistrict":"Dana/دانا","Community":"Deir Hassan - Darhashan/دير حسان_درحشان","Site_name":"Al-Naeemiia / النعيمية","Site_type":"SC","Category":"Severe","Total_IDPs":638,"Latitude":36.212150000000001,"Longitude":36.747571000000001}},{"type":"Feature","id":110,"geometry":{"type":"Point","coordinates":[296905.02020000014,4010376.6824999992]},"properties":{"OBJECTID":110,"P_CODE":"CP000565","Governorate":"Idleb/إدلب","District":"Harim/حارم","Subdistrict":"Dana/دانا","Community":"Burdaqly/بردقلي","Site_name":"Al Wdahee- Sarmada / الوضيحي - سرمدا","Site_type":"SC","Category":"Severe","Total_IDPs":638,"Latitude":36.216933070000003,"Longitude":36.74055808}},{"type":"Feature","id":111,"geometry":{"type":"Point","coordinates":[288794.81699999981,3992136.8708999995]},"properties":{"OBJECTID":111,"P_CODE":"CP000916","Governorate":"Idleb/إدلب","District":"Idleb/مركز إدلب","Subdistrict":"Maaret Tamsrin/معرة تمصرين","Community":"Haranbush/حرنبوش","Site_name":"Talal / طلال","Site_type":"SC","Category":"Severe","Total_IDPs":623,"Latitude":36.050888829999998,"Longitude":36.655294210000001}},{"type":"Feature","id":112,"geometry":{"type":"Point","coordinates":[287975.93020000029,3991968.3140999991]},"properties":{"OBJECTID":112,"P_CODE":"CP000920","Governorate":"Idleb/إدلب","District":"Idleb/مركز إدلب","Subdistrict":"Maaret Tamsrin/معرة تمصرين","Community":"Haranbush/حرنبوش","Site_name":"Hawaa Al- Janouby / حوا الجنوبي","Site_type":"SC","Category":"Severe","Total_IDPs":623,"Latitude":36.049192329999997,"Longitude":36.646255410000002}},{"type":"Feature","id":113,"geometry":{"type":"Point","coordinates":[287440.35690000001,3993250.3845000006]},"properties":{"OBJECTID":113,"P_CODE":"CP000927","Governorate":"Idleb/إدلب","District":"Idleb/مركز إدلب","Subdistrict":"Maaret Tamsrin/معرة تمصرين","Community":"Haranbush/حرنبوش","Site_name":"Sikat Haranbush / سكة حرنبوش","Site_type":"SC","Category":"Severe","Total_IDPs":623,"Latitude":36.060624619999999,"Longitude":36.639969399999998}},{"type":"Feature","id":114,"geometry":{"type":"Point","coordinates":[288789.59580000024,3993358.4941000007]},"properties":{"OBJECTID":114,"P_CODE":"CP001488","Governorate":"Idleb/إدلب","District":"Idleb/مركز إدلب","Subdistrict":"Maaret Tamsrin/معرة تمصرين","Community":"Haranbush/حرنبوش","Site_name":"Al Khald / الخالد","Site_type":"SC","Category":"Severe","Total_IDPs":623,"Latitude":36.06189243,"Longitude":36.65490964}},{"type":"Feature","id":115,"geometry":{"type":"Point","coordinates":[287843.25530000031,3990680.9918000009]},"properties":{"OBJECTID":115,"P_CODE":"CP002108","Governorate":"Idleb/إدلب","District":"Idleb/مركز إدلب","Subdistrict":"Maaret Tamsrin/معرة تمصرين","Community":"Ma'arrat Tamasrin/معر تمصرين","Site_name":"Dar Al- Salam / دار السلام","Site_type":"SC","Category":"Severe","Total_IDPs":623,"Latitude":36.037566900000002,"Longitude":36.6451292}},{"type":"Feature","id":116,"geometry":{"type":"Point","coordinates":[299492.69020000007,4011228.5439999998]},"properties":{"OBJECTID":116,"P_CODE":"CP000885","Governorate":"Idleb/إدلب","District":"Harim/حارم","Subdistrict":"Dana/دانا","Community":"Dana (Dana)/الدانا - دانا","Site_name":"Al Sarout(Dana) / الساروت(دانا)","Site_type":"SC","Category":"Severe","Total_IDPs":638,"Latitude":36.22514726,"Longitude":36.769108240000001}},{"type":"Feature","id":117,"geometry":{"type":"Point","coordinates":[303593.0680999998,4012994.5324000008]},"properties":{"OBJECTID":117,"P_CODE":"CP001776","Governorate":"Idleb/إدلب","District":"Harim/حارم","Subdistrict":"Dana/دانا","Community":"Termanin/ترمانين","Site_name":"Alfadel(Termanin) / الفضل(ترمانين)","Site_type":"SC","Category":"Severe","Total_IDPs":638,"Latitude":36.241898800000001,"Longitude":36.814256800000003}},{"type":"Feature","id":118,"geometry":{"type":"Point","coordinates":[295879.67850000039,4011221.7502999995]},"properties":{"OBJECTID":118,"P_CODE":"CP000876","Governorate":"Idleb/إدلب","District":"Harim/حارم","Subdistrict":"Dana/دانا","Community":"Tal Elkarameh/تل الكرامة - دانا","Site_name":"Al Abyad Aljadeed / الأبيض الجديد","Site_type":"SC","Category":"Severe","Total_IDPs":638,"Latitude":36.224330000000002,"Longitude":36.728938999999997}},{"type":"Feature","id":119,"geometry":{"type":"Point","coordinates":[296286.91370000038,4010763.0863000005]},"properties":{"OBJECTID":119,"P_CODE":"CP001236","Governorate":"Idleb/إدلب","District":"Harim/حارم","Subdistrict":"Dana/دانا","Community":"Burdaqly/بردقلي","Site_name":"Al Faterah / الفطيرة","Site_type":"SC","Category":"Severe","Total_IDPs":638,"Latitude":36.220283999999999,"Longitude":36.733586000000003}},{"type":"Feature","id":120,"geometry":{"type":"Point","coordinates":[296373.50320000015,4005269.8487999998]},"properties":{"OBJECTID":120,"P_CODE":"CP000529","Governorate":"Idleb/إدلب","District":"Harim/حارم","Subdistrict":"Dana/دانا","Community":"Sarmada/سرمدا","Site_name":"Al Mawada / المودة","Site_type":"SC","Category":"Severe","Total_IDPs":638,"Latitude":36.170815930000003,"Longitude":36.735974550000002}},{"type":"Feature","id":121,"geometry":{"type":"Point","coordinates":[297295.5672000004,4010024.4631999992]},"properties":{"OBJECTID":121,"P_CODE":"CP000547","Governorate":"Idleb/إدلب","District":"Harim/حارم","Subdistrict":"Dana/دانا","Community":"Deir Hassan - Darhashan/دير حسان_درحشان","Site_name":"Al-Ahmad / الأحمد","Site_type":"SC","Category":"Severe","Total_IDPs":638,"Latitude":36.213842,"Longitude":36.744990999999999}},{"type":"Feature","id":122,"geometry":{"type":"Point","coordinates":[291321.12600000016,4003392.9383000005]},"properties":{"OBJECTID":122,"P_CODE":"CP001747","Governorate":"Idleb/إدلب","District":"Harim/حارم","Subdistrict":"Dana/دانا","Community":"Kafr Deryan/كفردريان","Site_name":"Al Midan - Tal Maraq / الميدان- تل مرق","Site_type":"SC","Category":"Severe","Total_IDPs":638,"Latitude":36.152833000000001,"Longitude":36.680338999999996}},{"type":"Feature","id":123,"geometry":{"type":"Point","coordinates":[297012.7723000003,4001945.5620000008]},"properties":{"OBJECTID":123,"P_CODE":"CP001922","Governorate":"Aleppo/حلب","District":"Jebel Saman/جبل سمعان","Subdistrict":"Atareb/أتارب","Community":"Batbu/باتبو","Site_name":"Al Salam(Batbu) / السلام(باتبو)","Site_type":"PC","Category":"Severe","Total_IDPs":626,"Latitude":36.1410026,"Longitude":36.743935800000003}},{"type":"Feature","id":124,"geometry":{"type":"Point","coordinates":[296772.58889999986,4003353.5687000006]},"properties":{"OBJECTID":124,"P_CODE":"CP002137","Governorate":"Aleppo/حلب","District":"Jebel Saman/جبل سمعان","Subdistrict":"Atareb/أتارب","Community":"Batbu/باتبو","Site_name":"Borj2 / برج2","Site_type":"SC","Category":"Severe","Total_IDPs":626,"Latitude":36.153636599999999,"Longitude":36.740904299999997}},{"type":"Feature","id":125,"geometry":{"type":"Point","coordinates":[297744.17379999999,4004317.3413999993]},"properties":{"OBJECTID":125,"P_CODE":"CP000734","Governorate":"Aleppo/حلب","District":"Jebel Saman/جبل سمعان","Subdistrict":"Atareb/أتارب","Community":"Babka/بابكة","Site_name":"Blozia / بلوزية","Site_type":"SC","Category":"Severe","Total_IDPs":626,"Latitude":36.162522199999998,"Longitude":36.751449000000001}},{"type":"Feature","id":126,"geometry":{"type":"Point","coordinates":[297670.23290000018,4004296.0726999994]},"properties":{"OBJECTID":126,"P_CODE":"CP000661","Governorate":"Aleppo/حلب","District":"Jebel Saman/جبل سمعان","Subdistrict":"Atareb/أتارب","Community":"Babka/بابكة","Site_name":"Basmet Amal / بسمة أمل","Site_type":"SC","Category":"Severe","Total_IDPs":626,"Latitude":36.162315159999999,"Longitude":36.750633020000002}},{"type":"Feature","id":127,"geometry":{"type":"Point","coordinates":[297579.70309999958,4004527.8044000007]},"properties":{"OBJECTID":127,"P_CODE":"CP000490","Governorate":"Aleppo/حلب","District":"Jebel Saman/جبل سمعان","Subdistrict":"Atareb/أتارب","Community":"Babka/بابكة","Site_name":"Al Wafa (Babka) / الوفاء(بابكة)","Site_type":"SC","Category":"Severe","Total_IDPs":626,"Latitude":36.164383860000001,"Longitude":36.749567570000004}},{"type":"Feature","id":128,"geometry":{"type":"Point","coordinates":[346827.55769999977,4047417.7177000009]},"properties":{"OBJECTID":128,"P_CODE":"CP001999","Governorate":"Aleppo/حلب","District":"Azaz/اعزاز","Subdistrict":"Suran - Aleppo/صوران","Community":"Dweibeq/دويبق","Site_name":"Dweibeq / دويبق","Site_type":"SC","Category":"Severe","Total_IDPs":22,"Latitude":36.559919999999998,"Longitude":37.288387}},{"type":"Feature","id":129,"geometry":{"type":"Point","coordinates":[339502.66760000028,4039801.5132999998]},"properties":{"OBJECTID":129,"P_CODE":"CP002278","Governorate":"Aleppo/حلب","District":"Azaz/اعزاز","Subdistrict":"Mare/مارع","Community":"Mare'/مارع","Site_name":"Ale ido(Marea)/ العيدو(مارع)","Site_type":"SC","Category":"Severe","Total_IDPs":144,"Latitude":36.490089529999999,"Longitude":37.208154950000001}},{"type":"Feature","id":130,"geometry":{"type":"Point","coordinates":[354746.21549999993,4035055.4473999999]},"properties":{"OBJECTID":130,"P_CODE":"CP001203","Governorate":"Aleppo/حلب","District":"Al Bab/الباب","Subdistrict":"Al Bab/مركز الباب","Community":"Shdud/شدود","Site_name":"Shadoud / شدود","Site_type":"SC","Category":"Severe","Total_IDPs":633,"Latitude":36.449753999999999,"Longitude":37.379165}},{"type":"Feature","id":131,"geometry":{"type":"Point","coordinates":[289580.33789999969,4020012.466]},"properties":{"OBJECTID":131,"P_CODE":"CP001438","Governorate":"Idleb/إدلب","District":"Harim/حارم","Subdistrict":"Dana/دانا","Community":"Atma/اطمه","Site_name":"Al Adham / الادهم","Site_type":"SC","Category":"Severe","Total_IDPs":638,"Latitude":36.302166300000003,"Longitude":36.656538249999997}},{"type":"Feature","id":132,"geometry":{"type":"Point","coordinates":[289459.55920000002,4020216.8493000008]},"properties":{"OBJECTID":132,"P_CODE":"CP000820","Governorate":"Idleb/إدلب","District":"Harim/حارم","Subdistrict":"Dana/دانا","Community":"Atma/اطمه","Site_name":"Reef Aleppo Al Janobi / ريف حلب الجنوبي","Site_type":"SC","Category":"Severe","Total_IDPs":638,"Latitude":36.303981,"Longitude":36.655138999999998}},{"type":"Feature","id":133,"geometry":{"type":"Point","coordinates":[274833.0334999999,4008025.2306999993]},"properties":{"OBJECTID":133,"P_CODE":"CP001066","Governorate":"Idleb/إدلب","District":"Harim/حارم","Subdistrict":"Harim/مركز حارم","Community":"Besnaya - Bseineh/بسنيا_بسينة","Site_name":"Tareek almatar / طريق المطار","Site_type":"SC","Category":"Severe","Total_IDPs":887,"Latitude":36.190866990000004,"Longitude":36.495882309999999}},{"type":"Feature","id":134,"geometry":{"type":"Point","coordinates":[272962.89279999956,4008584.2727000006]},"properties":{"OBJECTID":134,"P_CODE":"CP001141","Governorate":"Idleb/إدلب","District":"Harim/حارم","Subdistrict":"Harim/مركز حارم","Community":"Kafr Hum/كفرحوم","Site_name":"Kafarhom Aljanoby / مخيم كفرحوم الجنوبي","Site_type":"SC","Category":"Severe","Total_IDPs":887,"Latitude":36.195465429999999,"Longitude":36.474940539999999}},{"type":"Feature","id":135,"geometry":{"type":"Point","coordinates":[365952.61720000021,4027723.5990999993]},"properties":{"OBJECTID":135,"P_CODE":"CP000457","Governorate":"Aleppo/حلب","District":"Al Bab/الباب","Subdistrict":"Al Bab/مركز الباب","Community":"Al Bab/الباب","Site_name":"Duyuf Al Sharqia / ضيوف الشرقية","Site_type":"SC","Category":"Severe","Total_IDPs":633,"Latitude":36.385309999999997,"Longitude":37.50544}},{"type":"Feature","id":136,"geometry":{"type":"Point","coordinates":[367925.85830000043,4043867.9145999998]},"properties":{"OBJECTID":136,"P_CODE":"CP001631","Governorate":"Aleppo/حلب","District":"Al Bab/الباب","Subdistrict":"Al Bab/مركز الباب","Community":"Shbiran/شابيران","Site_name":"Tal Shafra / تل شفرة","Site_type":"SC","Category":"Severe","Total_IDPs":633,"Latitude":36.531080000000003,"Longitude":37.524679999999996}},{"type":"Feature","id":137,"geometry":{"type":"Point","coordinates":[371996.68039999995,4042419.0361000001]},"properties":{"OBJECTID":137,"P_CODE":"CP002194","Governorate":"Aleppo/حلب","District":"Al Bab/الباب","Subdistrict":"Al Bab/مركز الباب","Community":"Qabasin/قباسين - مركز الباب","Site_name":"Arab Boran / عرب بوران","Site_type":"SC","Category":"Severe","Total_IDPs":633,"Latitude":36.518576000000003,"Longitude":37.57038}},{"type":"Feature","id":138,"geometry":{"type":"Point","coordinates":[358520.71270000003,4033350.0906000007]},"properties":{"OBJECTID":138,"P_CODE":"CP001204","Governorate":"Aleppo/حلب","District":"Al Bab/الباب","Subdistrict":"Al Bab/مركز الباب","Community":"Sheikh Elwan/شيخ علوان","Site_name":"Al Shaikh Alwan / الشيخ علوان","Site_type":"PC","Category":"Severe","Total_IDPs":633,"Latitude":36.434950000000001,"Longitude":37.421579999999999}},{"type":"Feature","id":139,"geometry":{"type":"Point","coordinates":[292219.20559999999,3992420.9508999996]},"properties":{"OBJECTID":139,"P_CODE":"CP001397","Governorate":"Idleb/إدلب","District":"Idleb/مركز إدلب","Subdistrict":"Maaret Tamsrin/معرة تمصرين","Community":"Kafr - Kafrehmul/الكفر_كفريحمول","Site_name":"Rabee Maysrounah / ربيع معيصرونة","Site_type":"SC","Category":"Severe","Total_IDPs":623,"Latitude":36.0541853,"Longitude":36.69320759}},{"type":"Feature","id":140,"geometry":{"type":"Point","coordinates":[323134.15840000007,4051070.4235999994]},"properties":{"OBJECTID":140,"P_CODE":"CP001359","Governorate":"Aleppo/حلب","District":"Azaz/اعزاز","Subdistrict":"Azaz/مركز اعزاز","Community":"Azaz/أعزاز","Site_name":"Al Zuhour / الزهور","Site_type":"SC","Category":"Severe","Total_IDPs":1199,"Latitude":36.588735999999997,"Longitude":37.022920999999997}},{"type":"Feature","id":141,"geometry":{"type":"Point","coordinates":[327553.54320000019,4049624.7906999998]},"properties":{"OBJECTID":141,"P_CODE":"CP001613","Governorate":"Aleppo/حلب","District":"Azaz/اعزاز","Subdistrict":"Azaz/مركز اعزاز","Community":"Azaz/أعزاز","Site_name":"Tal Debs / تل دبس","Site_type":"SC","Category":"Severe","Total_IDPs":1199,"Latitude":36.576520000000002,"Longitude":37.072620999999998}},{"type":"Feature","id":142,"geometry":{"type":"Point","coordinates":[404267.62079999968,4072366.6863000002]},"properties":{"OBJECTID":142,"P_CODE":"CP001915","Governorate":"Aleppo/حلب","District":"Jarablus/جرابلس","Subdistrict":"Jarablus/مركز جرابلس","Community":"Jarablus/جرابلس","Site_name":"Al Helwanee / الحلوانية","Site_type":"SC","Category":"Severe","Total_IDPs":652,"Latitude":36.792280499999997,"Longitude":37.926995650000002}},{"type":"Feature","id":143,"geometry":{"type":"Point","coordinates":[380261.28369999956,4064386.8863999993]},"properties":{"OBJECTID":143,"P_CODE":"CP001013","Governorate":"Aleppo/حلب","District":"Jarablus/جرابلس","Subdistrict":"Ghandorah/غندورة","Community":"Qadi Jrables/القاضي جرابلس","Site_name":"Al Kadi / القاضي","Site_type":"SC","Category":"Severe","Total_IDPs":649,"Latitude":36.717632639999998,"Longitude":37.659236159999999}},{"type":"Feature","id":144,"geometry":{"type":"Point","coordinates":[384875.6875,4057718.7493999992]},"properties":{"OBJECTID":144,"P_CODE":"CP001663","Governorate":"Aleppo/حلب","District":"Jarablus/جرابلس","Subdistrict":"Ghandorah/غندورة","Community":"Ghandorah/الغندورة","Site_name":"Al Alkana / العلكانة","Site_type":"SC","Category":"Severe","Total_IDPs":649,"Latitude":36.658105999999997,"Longitude":37.711896299999999}},{"type":"Feature","id":145,"geometry":{"type":"Point","coordinates":[385757.18510000035,4064445.7100000009]},"properties":{"OBJECTID":145,"P_CODE":"CP000906","Governorate":"Aleppo/حلب","District":"Jarablus/جرابلس","Subdistrict":"Ghandorah/غندورة","Community":"Ghandorah/الغندورة","Site_name":"Al Kanawi / الكناوي","Site_type":"SC","Category":"Severe","Total_IDPs":649,"Latitude":36.71884,"Longitude":37.720753000000002}},{"type":"Feature","id":146,"geometry":{"type":"Point","coordinates":[387650.71160000004,4060846.1283]},"properties":{"OBJECTID":146,"P_CODE":"CP001000","Governorate":"Aleppo/حلب","District":"Jarablus/جرابلس","Subdistrict":"Ghandorah/غندورة","Community":"Lilawa/ليلوة - غندورة","Site_name":"Lilawa / ليلوة","Site_type":"SC","Category":"Severe","Total_IDPs":649,"Latitude":36.686624000000002,"Longitude":37.74248}},{"type":"Feature","id":147,"geometry":{"type":"Point","coordinates":[385878.77749999985,4061860.6009999998]},"properties":{"OBJECTID":147,"P_CODE":"CP002012","Governorate":"Aleppo/حلب","District":"Jarablus/جرابلس","Subdistrict":"Ghandorah/غندورة","Community":"Qubbet Elturkman/قبة التركمان","Site_name":"Qubbet Elturkman / قبة التركمان","Site_type":"SC","Category":"Severe","Total_IDPs":649,"Latitude":36.695556000000003,"Longitude":37.722499999999997}},{"type":"Feature","id":148,"geometry":{"type":"Point","coordinates":[292237.36710000038,4006735.7279000003]},"properties":{"OBJECTID":148,"P_CODE":"CP000196","Governorate":"Idleb/إدلب","District":"Harim/حارم","Subdistrict":"Dana/دانا","Community":"Sarmada/سرمدا","Site_name":"Al Nouri / النوري","Site_type":"SC","Category":"Severe","Total_IDPs":638,"Latitude":36.18314281,"Longitude":36.68963231}},{"type":"Feature","id":149,"geometry":{"type":"Point","coordinates":[327580.80339999963,4051086.6273999996]},"properties":{"OBJECTID":149,"P_CODE":"CP002090","Governorate":"Aleppo/حلب","District":"Azaz/اعزاز","Subdistrict":"Azaz/مركز اعزاز","Community":"Niddeh/ندة","Site_name":"Niddah / ندة","Site_type":"SC","Category":"Severe","Total_IDPs":1199,"Latitude":36.589696000000004,"Longitude":37.072597999999999}},{"type":"Feature","id":150,"geometry":{"type":"Point","coordinates":[327009.35659999959,4050990.2280999999]},"properties":{"OBJECTID":150,"P_CODE":"CP002187","Governorate":"Aleppo/حلب","District":"Azaz/اعزاز","Subdistrict":"Azaz/مركز اعزاز","Community":"Azaz/أعزاز","Site_name":"Tareeq Alqalaa / طريق القلعة","Site_type":"SC","Category":"Severe","Total_IDPs":1199,"Latitude":36.588723999999999,"Longitude":37.066234999999999}},{"type":"Feature","id":151,"geometry":{"type":"Point","coordinates":[289727.88939999975,4021527.2994999997]},"properties":{"OBJECTID":151,"P_CODE":"CP000791","Governorate":"Idleb/إدلب","District":"Harim/حارم","Subdistrict":"Dana/دانا","Community":"Atma/اطمه","Site_name":"Al Ber Wa Al Taqwaa / البر والتقوى","Site_type":"SC","Category":"Severe","Total_IDPs":638,"Latitude":36.315843999999998,"Longitude":36.657772000000001}},{"type":"Feature","id":152,"geometry":{"type":"Point","coordinates":[294679.96580000035,4017679.3658000007]},"properties":{"OBJECTID":152,"P_CODE":"CP000193","Governorate":"Idleb/إدلب","District":"Harim/حارم","Subdistrict":"Dana/دانا","Community":"Qah/قاح - دانا","Site_name":"Dar Al Riaya - Disabled / دار رعاية العجزة","Site_type":"SC","Category":"Severe","Total_IDPs":638,"Latitude":36.28224857,"Longitude":36.713905490000002}},{"type":"Feature","id":153,"geometry":{"type":"Point","coordinates":[296615.05319999997,4011772.7850000001]},"properties":{"OBJECTID":153,"P_CODE":"CP000435","Governorate":"Idleb/إدلب","District":"Harim/حارم","Subdistrict":"Dana/دانا","Community":"Bab El Hawa/باب الهوى - دانا","Site_name":"Al Mansour / المنصور","Site_type":"SC","Category":"Severe","Total_IDPs":638,"Latitude":36.229449000000002,"Longitude":36.736972000000002}},{"type":"Feature","id":154,"geometry":{"type":"Point","coordinates":[296480.58939999994,4011449.1254999992]},"properties":{"OBJECTID":154,"P_CODE":"CP000532","Governorate":"Idleb/إدلب","District":"Harim/حارم","Subdistrict":"Dana/دانا","Community":"Deir Hassan - Darhashan/دير حسان_درحشان","Site_name":"Al Safa wa Al Basher / الصفا و البشير","Site_type":"SC","Category":"Severe","Total_IDPs":638,"Latitude":36.226505000000003,"Longitude":36.735560999999997}},{"type":"Feature","id":155,"geometry":{"type":"Point","coordinates":[296274.56790000014,4011448.5032000002]},"properties":{"OBJECTID":155,"P_CODE":"CP002098","Governorate":"Idleb/إدلب","District":"Harim/حارم","Subdistrict":"Dana/دانا","Community":"Burdaqly/بردقلي","Site_name":"Al Bashir(Burdaqly) / البشير(بردقلي)","Site_type":"SC","Category":"Severe","Total_IDPs":638,"Latitude":36.226455999999999,"Longitude":36.733270500000003}},{"type":"Feature","id":156,"geometry":{"type":"Point","coordinates":[363283.90490000043,4041970.7226]},"properties":{"OBJECTID":156,"P_CODE":"CP001353","Governorate":"Aleppo/حلب","District":"Al Bab/الباب","Subdistrict":"Al Bab/مركز الباب","Community":"Tal Jerji/تل جرجي","Site_name":"Tal Jerji / تل جرجي","Site_type":"SC","Category":"Severe","Total_IDPs":633,"Latitude":36.513330000000003,"Longitude":37.473179999999999}},{"type":"Feature","id":157,"geometry":{"type":"Point","coordinates":[289878.37789999973,4022209.4897000007]},"properties":{"OBJECTID":157,"P_CODE":"CP000756","Governorate":"Idleb/إدلب","District":"Harim/حارم","Subdistrict":"Dana/دانا","Community":"Atma/اطمه","Site_name":"Al Wafaa / الوفاء","Site_type":"SC","Category":"Severe","Total_IDPs":638,"Latitude":36.322021939999999,"Longitude":36.659263199999998}},{"type":"Feature","id":158,"geometry":{"type":"Point","coordinates":[359885.00189999957,4045986.4517999999]},"properties":{"OBJECTID":158,"P_CODE":"CP002272","Governorate":"Aleppo/حلب","District":"Azaz/اعزاز","Subdistrict":"Aghtrin/اخترين","Community":"Zayadiyeh/زيادية - اخترين","Site_name":"Al Rajab/ الرجب","Site_type":"SC","Category":"Severe","Total_IDPs":300,"Latitude":36.549027000000002,"Longitude":37.434505000000001}},{"type":"Feature","id":159,"geometry":{"type":"Point","coordinates":[284826.33920000028,3987080.3379999995]},"properties":{"OBJECTID":159,"P_CODE":"CP000657","Governorate":"Idleb/إدلب","District":"Idleb/مركز إدلب","Subdistrict":"Maaret Tamsrin/معرة تمصرين","Community":"Batenta/باتنته","Site_name":"Al Hawija / الحويجة","Site_type":"SC","Category":"Severe","Total_IDPs":623,"Latitude":36.004469810000003,"Longitude":36.612647500000001}},{"type":"Feature","id":160,"geometry":{"type":"Point","coordinates":[281748.37390000001,3983683.8235999998]},"properties":{"OBJECTID":160,"P_CODE":"CP001563","Governorate":"Idleb/إدلب","District":"Idleb/مركز إدلب","Subdistrict":"Idleb/مركز إدلب","Community":"Kafruhin/كفروحين - مركز إدلب","Site_name":"Water Station / محطة المياه","Site_type":"SC","Category":"Severe","Total_IDPs":422,"Latitude":35.973190000000002,"Longitude":36.579459999999997}},{"type":"Feature","id":161,"geometry":{"type":"Point","coordinates":[285097.07409999985,3983982.6325000003]},"properties":{"OBJECTID":161,"P_CODE":"CP002347","Governorate":"Idleb/إدلب","District":"Idleb/مركز إدلب","Subdistrict":"Maaret Tamsrin/معرة تمصرين","Community":"Kafr Jales/كفر جالس","Site_name":"Qasir Qrees/ قصر قريص","Site_type":"SC","Category":"Severe","Total_IDPs":623,"Latitude":35.976624999999999,"Longitude":36.616489000000001}},{"type":"Feature","id":162,"geometry":{"type":"Point","coordinates":[297074.07629999984,4026720.1187999994]},"properties":{"OBJECTID":162,"P_CODE":"CP001836","Governorate":"Aleppo/حلب","District":"Afrin/عفرين","Subdistrict":"Jandairis/جنديرس","Community":"Tal Slur/تل سلور","Site_name":"Kherbit Aloush / خربة علوش","Site_type":"SC","Category":"Severe","Total_IDPs":225,"Latitude":36.364198000000002,"Longitude":36.738190000000003}},{"type":"Feature","id":163,"geometry":{"type":"Point","coordinates":[331647.94429999962,4059016.1118000001]},"properties":{"OBJECTID":163,"P_CODE":"CP000278","Governorate":"Aleppo/حلب","District":"Azaz/اعزاز","Subdistrict":"Azaz/مركز اعزاز","Community":"Shamarin/شمارين","Site_name":"Al Resalah (Al Armuda) / الرسالة (العرموطة)","Site_type":"PC","Category":"Severe","Total_IDPs":1199,"Latitude":36.661867999999998,"Longitude":37.116301999999997}},{"type":"Feature","id":164,"geometry":{"type":"Point","coordinates":[330194.35250000004,4056554.3417000007]},"properties":{"OBJECTID":164,"P_CODE":"CP000294","Governorate":"Aleppo/حلب","District":"Azaz/اعزاز","Subdistrict":"Azaz/مركز اعزاز","Community":"Talil Elsham/تليل الشام","Site_name":"Talil Elsham Southern / تليل الشام جنوبي","Site_type":"SC","Category":"Severe","Total_IDPs":1199,"Latitude":36.63942917,"Longitude":37.100590779999997}},{"type":"Feature","id":165,"geometry":{"type":"Point","coordinates":[332313.36330000032,4058489.3136999998]},"properties":{"OBJECTID":165,"P_CODE":"CP001347","Governorate":"Aleppo/حلب","District":"Azaz/اعزاز","Subdistrict":"Azaz/مركز اعزاز","Community":"Shamarin/شمارين","Site_name":"Alewaa Shamareen / مركز الايواء -شمارين","Site_type":"SC","Category":"Severe","Total_IDPs":1199,"Latitude":36.657238999999997,"Longitude":37.123859000000003}},{"type":"Feature","id":166,"geometry":{"type":"Point","coordinates":[296825.46200000029,4008855.3841999993]},"properties":{"OBJECTID":166,"P_CODE":"CP002015","Governorate":"Idleb/إدلب","District":"Harim/حارم","Subdistrict":"Dana/دانا","Community":"Burdaqly/بردقلي","Site_name":"Al Salwa / السلوى","Site_type":"SC","Category":"Severe","Total_IDPs":638,"Latitude":36.203211600000003,"Longitude":36.7400679}},{"type":"Feature","id":167,"geometry":{"type":"Point","coordinates":[246996.33210000023,3980783.5048999991]},"properties":{"OBJECTID":167,"P_CODE":"CP001470","Governorate":"Idleb/إدلب","District":"Jisr-Ash-Shugur/جسر الشغور","Subdistrict":"Janudiyeh/الجانودية","Community":"Foz - Zuf/الفوز_الزوف","Site_name":"Al Wafaa(Zuf) / الوفاء (الزوف)","Site_type":"SC","Category":"Severe","Total_IDPs":181,"Latitude":35.938682,"Longitude":36.195349999999998}},{"type":"Feature","id":168,"geometry":{"type":"Point","coordinates":[295272.68350000028,3999302.7817000002]},"properties":{"OBJECTID":168,"P_CODE":"CP000579","Governorate":"Idleb/إدلب","District":"Idleb/مركز إدلب","Subdistrict":"Maaret Tamsrin/معرة تمصرين","Community":"Kelly/كللي","Site_name":"Barri 2 / باري 2","Site_type":"SC","Category":"Severe","Total_IDPs":623,"Latitude":36.116829000000003,"Longitude":36.725296999999998}},{"type":"Feature","id":169,"geometry":{"type":"Point","coordinates":[294273.87200000044,3999175.0529999994]},"properties":{"OBJECTID":169,"P_CODE":"CP000599","Governorate":"Idleb/إدلب","District":"Idleb/مركز إدلب","Subdistrict":"Maaret Tamsrin/معرة تمصرين","Community":"Kelly/كللي","Site_name":"Tuqan / طوقان","Site_type":"SC","Category":"Severe","Total_IDPs":623,"Latitude":36.115467160000001,"Longitude":36.714240609999997}},{"type":"Feature","id":170,"geometry":{"type":"Point","coordinates":[294213.45040000044,3998679.2029999997]},"properties":{"OBJECTID":170,"P_CODE":"CP001161","Governorate":"Idleb/إدلب","District":"Idleb/مركز إدلب","Subdistrict":"Maaret Tamsrin/معرة تمصرين","Community":"Kelly/كللي","Site_name":"Saraqeb / سراقب","Site_type":"SC","Category":"Severe","Total_IDPs":623,"Latitude":36.110987450000003,"Longitude":36.713699310000003}},{"type":"Feature","id":171,"geometry":{"type":"Point","coordinates":[322081.40890000015,4054901.6282000002]},"properties":{"OBJECTID":171,"P_CODE":"CP002372","Governorate":"Aleppo/حلب","District":"Afrin/عفرين","Subdistrict":"Sharan/شران","Community":"Qastal Jend/قسطل جند","Site_name":"Altaawun(Sharan)/ التعاون(شران)","Site_type":"SC","Category":"Severe","Total_IDPs":282,"Latitude":36.623057799999998,"Longitude":37.0102726}},{"type":"Feature","id":172,"geometry":{"type":"Point","coordinates":[322230.46380000003,4054502.9164000005]},"properties":{"OBJECTID":172,"P_CODE":"CP001850","Governorate":"Aleppo/حلب","District":"Afrin/عفرين","Subdistrict":"Sharan/شران","Community":"Qastal Jend/قسطل جند","Site_name":"Hirsh Kastak Jundo / حرش قسطل جندو","Site_type":"SC","Category":"Severe","Total_IDPs":282,"Latitude":36.619493400000003,"Longitude":37.012030899999999}},{"type":"Feature","id":173,"geometry":{"type":"Point","coordinates":[317344.03340000007,4051724.1864999998]},"properties":{"OBJECTID":173,"P_CODE":"CP001697","Governorate":"Aleppo/حلب","District":"Afrin/عفرين","Subdistrict":"Sharan/شران","Community":"Qatmet Efrin/قاطمة عفرين","Site_name":"Katmeh Fukani / قطمة فوقاني","Site_type":"SC","Category":"Severe","Total_IDPs":282,"Latitude":36.593535000000003,"Longitude":36.958078}},{"type":"Feature","id":174,"geometry":{"type":"Point","coordinates":[317369.40639999975,4051890.4748]},"properties":{"OBJECTID":174,"P_CODE":"CP002219","Governorate":"Aleppo/حلب","District":"Afrin/عفرين","Subdistrict":"Sharan/شران","Community":"Qatmet Efrin/قاطمة عفرين","Site_name":"Qatmah 3 / قطمة 3","Site_type":"SC","Category":"Severe","Total_IDPs":282,"Latitude":36.595038000000002,"Longitude":36.958322000000003}},{"type":"Feature","id":175,"geometry":{"type":"Point","coordinates":[318001.0223000003,4050063.5194000006]},"properties":{"OBJECTID":175,"P_CODE":"CP001444","Governorate":"Aleppo/حلب","District":"Afrin/عفرين","Subdistrict":"Sharan/شران","Community":"Qatmet Efrin/قاطمة عفرين","Site_name":"Behind Salat Orya(Habit Albaraka) / خلف صالة أوريا(حبة البركة)","Site_type":"SC","Category":"Severe","Total_IDPs":282,"Latitude":36.578699030000003,"Longitude":36.965811109999997}},{"type":"Feature","id":176,"geometry":{"type":"Point","coordinates":[318094.97180000041,4050003.0390000008]},"properties":{"OBJECTID":176,"P_CODE":"CP002218","Governorate":"Aleppo/حلب","District":"Afrin/عفرين","Subdistrict":"Sharan/شران","Community":"Qatmet Efrin/قاطمة عفرين","Site_name":"Saraqib Afrin / سراقب عفرين","Site_type":"SC","Category":"Severe","Total_IDPs":282,"Latitude":36.578172049999999,"Longitude":36.966874869999998}},{"type":"Feature","id":177,"geometry":{"type":"Point","coordinates":[313546.8936999999,4048106.1361999996]},"properties":{"OBJECTID":177,"P_CODE":"CP001856","Governorate":"Aleppo/حلب","District":"Afrin/عفرين","Subdistrict":"Sharan/شران","Community":"Mashaala/مشعلة","Site_name":"Mahatit Kno2 / محطة كنو2","Site_type":"SC","Category":"Severe","Total_IDPs":282,"Latitude":36.560205000000003,"Longitude":36.916530999999999}},{"type":"Feature","id":178,"geometry":{"type":"Point","coordinates":[311752.28120000008,4045074.4046999998]},"properties":{"OBJECTID":178,"P_CODE":"CP001832","Governorate":"Aleppo/حلب","District":"Afrin/عفرين","Subdistrict":"Afrin/مركز عفرين","Community":"Hawa (Afrin)/الهوى - مركز عفرين","Site_name":"marrak Qibar / مقابل مفرق قيبار","Site_type":"SC","Category":"Severe","Total_IDPs":314,"Latitude":36.532539999999997,"Longitude":36.89723}},{"type":"Feature","id":179,"geometry":{"type":"Point","coordinates":[303761.08849999961,4028202.5484999996]},"properties":{"OBJECTID":179,"P_CODE":"CP002370","Governorate":"Aleppo/حلب","District":"Afrin/عفرين","Subdistrict":"Afrin/مركز عفرين","Community":"Eskan/اسكان","Site_name":"Alsakia/ الساقية","Site_type":"SC","Category":"Severe","Total_IDPs":314,"Latitude":36.378940399999998,"Longitude":36.812299400000001}},{"type":"Feature","id":180,"geometry":{"type":"Point","coordinates":[307687.60809999984,4029919.2832999993]},"properties":{"OBJECTID":180,"P_CODE":"CP001908","Governorate":"Aleppo/حلب","District":"Afrin/عفرين","Subdistrict":"Afrin/مركز عفرين","Community":"Burj Abdallah/برج عبد الله","Site_name":"Tal Namuz / تل ناموز","Site_type":"SC","Category":"Severe","Total_IDPs":314,"Latitude":36.395200000000003,"Longitude":36.855620000000002}},{"type":"Feature","id":181,"geometry":{"type":"Point","coordinates":[305042.06689999998,4026569.6015000008]},"properties":{"OBJECTID":181,"P_CODE":"CP001906","Governorate":"Aleppo/حلب","District":"Afrin/عفرين","Subdistrict":"Afrin/مركز عفرين","Community":"Sheikh Eldeir/شيخ الدير","Site_name":"Sheikh Eldeir / شيخ الدير","Site_type":"SC","Category":"Severe","Total_IDPs":314,"Latitude":36.364490000000004,"Longitude":36.826979999999999}},{"type":"Feature","id":182,"geometry":{"type":"Point","coordinates":[308196.91139999963,4033219.1070000008]},"properties":{"OBJECTID":182,"P_CODE":"CP001740","Governorate":"Aleppo/حلب","District":"Afrin/عفرين","Subdistrict":"Afrin/مركز عفرين","Community":"Kafir (Afrin)/كفير","Site_name":"Al Kefra / الكفرة","Site_type":"SC","Category":"Severe","Total_IDPs":314,"Latitude":36.42503,"Longitude":36.860480000000003}},{"type":"Feature","id":183,"geometry":{"type":"Point","coordinates":[307608.51530000009,4038296.0475999992]},"properties":{"OBJECTID":183,"P_CODE":"CP001733","Governorate":"Aleppo/حلب","District":"Afrin/عفرين","Subdistrict":"Afrin/مركز عفرين","Community":"Ein Dara/عين دارة","Site_name":"Al Tal wa Al Hersh wa Al Nabaa / التل والحرش والنبعة","Site_type":"SC","Category":"Severe","Total_IDPs":314,"Latitude":36.470649999999999,"Longitude":36.85266}},{"type":"Feature","id":184,"geometry":{"type":"Point","coordinates":[309083.81680000015,4037833.7212000005]},"properties":{"OBJECTID":184,"P_CODE":"CP001731","Governorate":"Aleppo/حلب","District":"Afrin/عفرين","Subdistrict":"Afrin/مركز عفرين","Community":"Ein Dara/عين دارة","Site_name":"Al sijn / السجن","Site_type":"SC","Category":"Severe","Total_IDPs":314,"Latitude":36.46678,"Longitude":36.869230000000002}},{"type":"Feature","id":185,"geometry":{"type":"Point","coordinates":[289826.5449000001,4020540.4441999998]},"properties":{"OBJECTID":185,"P_CODE":"CP002232","Governorate":"Idleb/إدلب","District":"Harim/حارم","Subdistrict":"Dana/دانا","Community":"Atma/اطمه","Site_name":"Al Haneen(Karama) / الحنين(الكرامة)","Site_type":"SC","Category":"Severe","Total_IDPs":638,"Latitude":36.306975999999999,"Longitude":36.659135999999997}},{"type":"Feature","id":186,"geometry":{"type":"Point","coordinates":[292862.0159,4019179.5039000008]},"properties":{"OBJECTID":186,"P_CODE":"CP000272","Governorate":"Idleb/إدلب","District":"Harim/حارم","Subdistrict":"Dana/دانا","Community":"Atma/اطمه","Site_name":"Nasret Al Mazloum / نصرة المظلومين","Site_type":"SC","Category":"Severe","Total_IDPs":638,"Latitude":36.295373499999997,"Longitude":36.693280700000003}},{"type":"Feature","id":187,"geometry":{"type":"Point","coordinates":[293156.4796000002,4019188.9359000009]},"properties":{"OBJECTID":187,"P_CODE":"CP000142","Governorate":"Idleb/إدلب","District":"Harim/حارم","Subdistrict":"Dana/دانا","Community":"Atma/اطمه","Site_name":"Salah Eldin (including Al Islah) / صلاح الدين","Site_type":"SC","Category":"Severe","Total_IDPs":638,"Latitude":36.295521669999999,"Longitude":36.696554999999996}},{"type":"Feature","id":188,"geometry":{"type":"Point","coordinates":[293038.20160000026,4019219.4756000005]},"properties":{"OBJECTID":188,"P_CODE":"CP001042","Governorate":"Idleb/إدلب","District":"Harim/حارم","Subdistrict":"Dana/دانا","Community":"Atma/اطمه","Site_name":"Al Islah / الاصلاح","Site_type":"SC","Category":"Severe","Total_IDPs":638,"Latitude":36.2957714,"Longitude":36.695230700000003}},{"type":"Feature","id":189,"geometry":{"type":"Point","coordinates":[293252.17709999997,4018559.2664000001]},"properties":{"OBJECTID":189,"P_CODE":"CP000420","Governorate":"Idleb/إدلب","District":"Harim/حارم","Subdistrict":"Dana/دانا","Community":"Atma/اطمه","Site_name":"Khan Sheikhon Al Kemawi / خان شيخون الكيماوي","Site_type":"SC","Category":"Severe","Total_IDPs":638,"Latitude":36.289870000000001,"Longitude":36.697786669999999}},{"type":"Feature","id":190,"geometry":{"type":"Point","coordinates":[293226.73730000015,4018903.2476000004]},"properties":{"OBJECTID":190,"P_CODE":"CP000135","Governorate":"Idleb/إدلب","District":"Harim/حارم","Subdistrict":"Dana/دانا","Community":"Atma/اطمه","Site_name":"Nour Al Mustafa / نور المصطفى","Site_type":"SC","Category":"Severe","Total_IDPs":638,"Latitude":36.292963200000003,"Longitude":36.697412499999999}},{"type":"Feature","id":191,"geometry":{"type":"Point","coordinates":[293226.99629999977,4018840.4986000005]},"properties":{"OBJECTID":191,"P_CODE":"CP000106","Governorate":"Idleb/إدلب","District":"Harim/حارم","Subdistrict":"Dana/دانا","Community":"Atma/اطمه","Site_name":"Al Ahrar / الأحرار- عطاء المرأة الكويتية","Site_type":"SC","Category":"Severe","Total_IDPs":638,"Latitude":36.292397999999999,"Longitude":36.697431999999999}},{"type":"Feature","id":192,"geometry":{"type":"Point","coordinates":[293238.3964999998,4019154.7496000007]},"properties":{"OBJECTID":192,"P_CODE":"CP000137","Governorate":"Idleb/إدلب","District":"Harim/حارم","Subdistrict":"Dana/دانا","Community":"Atma/اطمه","Site_name":"Nour Al Sham / نور الشام","Site_type":"SC","Category":"Severe","Total_IDPs":638,"Latitude":36.295231280000003,"Longitude":36.69747563}},{"type":"Feature","id":193,"geometry":{"type":"Point","coordinates":[293573.36899999995,4018795.1513]},"properties":{"OBJECTID":193,"P_CODE":"CP000282","Governorate":"Idleb/إدلب","District":"Harim/حارم","Subdistrict":"Dana/دانا","Community":"Atma/اطمه","Site_name":"Sarkhat Tifl / صرخة طفل","Site_type":"SC","Category":"Severe","Total_IDPs":638,"Latitude":36.2920637,"Longitude":36.701298299999998}},{"type":"Feature","id":194,"geometry":{"type":"Point","coordinates":[293093.42729999963,4019059.3378999997]},"properties":{"OBJECTID":194,"P_CODE":"CP000144","Governorate":"Idleb/إدلب","District":"Harim/حارم","Subdistrict":"Dana/دانا","Community":"Atma/اطمه","Site_name":"Shaheid Saleh / الشهيد صالح","Site_type":"SC","Category":"Severe","Total_IDPs":638,"Latitude":36.294340699999999,"Longitude":36.6958877}},{"type":"Feature","id":195,"geometry":{"type":"Point","coordinates":[293416.90160000045,4019269.5109000001]},"properties":{"OBJECTID":195,"P_CODE":"CP000153","Governorate":"Idleb/إدلب","District":"Harim/حارم","Subdistrict":"Dana/دانا","Community":"Atma/اطمه","Site_name":"Zahrat Al Madaen / زهرة المدائن","Site_type":"SC","Category":"Severe","Total_IDPs":638,"Latitude":36.296303330000001,"Longitude":36.699431670000003}},{"type":"Feature","id":196,"geometry":{"type":"Point","coordinates":[294759.27190000005,4011905.4652999993]},"properties":{"OBJECTID":196,"P_CODE":"CP000451","Governorate":"Idleb/إدلب","District":"Harim/حارم","Subdistrict":"Dana/دانا","Community":"Bab El Hawa/باب الهوى - دانا","Site_name":"Umut / أمل","Site_type":"SC","Category":"Severe","Total_IDPs":638,"Latitude":36.230252,"Longitude":36.716303000000003}},{"type":"Feature","id":197,"geometry":{"type":"Point","coordinates":[296039.41949999984,4012552.5536000002]},"properties":{"OBJECTID":197,"P_CODE":"CP000566","Governorate":"Idleb/إدلب","District":"Harim/حارم","Subdistrict":"Dana/دانا","Community":"Bab El Hawa/باب الهوى - دانا","Site_name":"Badr Alhus / بدر الحص","Site_type":"SC","Category":"Severe","Total_IDPs":638,"Latitude":36.236352259999997,"Longitude":36.730368439999999}},{"type":"Feature","id":198,"geometry":{"type":"Point","coordinates":[295391.33359999955,4011721.3052999992]},"properties":{"OBJECTID":198,"P_CODE":"CP000575","Governorate":"Idleb/إدلب","District":"Harim/حارم","Subdistrict":"Dana/دانا","Community":"Bab El Hawa/باب الهوى - دانا","Site_name":"Aljihad / الجهاد","Site_type":"SC","Category":"Severe","Total_IDPs":638,"Latitude":36.228726999999999,"Longitude":36.723379000000001}},{"type":"Feature","id":199,"geometry":{"type":"Point","coordinates":[295877.37270000018,4011462.5336000007]},"properties":{"OBJECTID":199,"P_CODE":"CP001538","Governorate":"Idleb/إدلب","District":"Harim/حارم","Subdistrict":"Dana/دانا","Community":"Bab El Hawa/باب الهوى - دانا","Site_name":"AlAkraboon / الأقربون","Site_type":"SC","Category":"Severe","Total_IDPs":638,"Latitude":36.22649861,"Longitude":36.728850620000003}},{"type":"Feature","id":200,"geometry":{"type":"Point","coordinates":[295539.67499999981,4012391.0499000009]},"properties":{"OBJECTID":200,"P_CODE":"CP001539","Governorate":"Idleb/إدلب","District":"Harim/حارم","Subdistrict":"Dana/دانا","Community":"Bab El Hawa/باب الهوى - دانا","Site_name":"Al Etihad(Bab Alhawa) / الإتحاد(باب الهوى)","Site_type":"SC","Category":"Severe","Total_IDPs":638,"Latitude":36.23479176,"Longitude":36.724853510000003}},{"type":"Feature","id":201,"geometry":{"type":"Point","coordinates":[289657.81859999988,4021931.6435000002]},"properties":{"OBJECTID":201,"P_CODE":"CP000760","Governorate":"Idleb/إدلب","District":"Harim/حارم","Subdistrict":"Dana/دانا","Community":"Atma/اطمه","Site_name":"Al Anfal / الأنفال","Site_type":"SC","Category":"Severe","Total_IDPs":638,"Latitude":36.319471,"Longitude":36.656883000000001}},{"type":"Feature","id":202,"geometry":{"type":"Point","coordinates":[269649.41199999955,4001742.2017999999]},"properties":{"OBJECTID":202,"P_CODE":"CP002172","Governorate":"Idleb/إدلب","District":"Harim/حارم","Subdistrict":"Salqin/سلقين","Community":"Salqin/سلقين","Site_name":"Al Taqwa (Salqin) / التقوى(سلقين)","Site_type":"SC","Category":"Severe","Total_IDPs":193,"Latitude":36.133058300000002,"Longitude":36.440127400000002}},{"type":"Feature","id":203,"geometry":{"type":"Point","coordinates":[271657.81359999999,4003430.2627000008]},"properties":{"OBJECTID":203,"P_CODE":"CP001145","Governorate":"Idleb/إدلب","District":"Harim/حارم","Subdistrict":"Salqin/سلقين","Community":"Salqin/سلقين","Site_name":"Souq Alhal / سوق الهال","Site_type":"SC","Category":"Severe","Total_IDPs":193,"Latitude":36.148737240000003,"Longitude":36.461936860000002}},{"type":"Feature","id":204,"geometry":{"type":"Point","coordinates":[403789.39520000014,4042698.2570999991]},"properties":{"OBJECTID":204,"P_CODE":"CP002454","Governorate":"Aleppo/حلب","District":"Menbij/منبج","Subdistrict":"Menbij/مركز منبج","Community":"Al Sarb (Menbij)/السرب - مركز منبج","Site_name":"Alyounos / اليونس","Site_type":"SC","Category":"Severe","Total_IDPs":90,"Latitude":36.524819999999998,"Longitude":37.925359999999998}},{"type":"Feature","id":205,"geometry":{"type":"Point","coordinates":[423092.77649999969,4047884.8311999999]},"properties":{"OBJECTID":205,"P_CODE":"CP002455","Governorate":"Aleppo/حلب","District":"Menbij/منبج","Subdistrict":"Menbij/مركز منبج","Community":"Big Hayyeh/حية كبيرة","Site_name":"Haia Kabeera / حية كبيرة","Site_type":"SC","Category":"Severe","Total_IDPs":90,"Latitude":36.573320000000002,"Longitude":38.140430000000002}},{"type":"Feature","id":206,"geometry":{"type":"Point","coordinates":[419271.7416000003,4045958.4395000003]},"properties":{"OBJECTID":206,"P_CODE":"CP002456","Governorate":"Aleppo/حلب","District":"Menbij/منبج","Subdistrict":"Menbij/مركز منبج","Community":"Karsan/كرسان","Site_name":"Karsan Aljriyat / كرسان","Site_type":"SC","Category":"Severe","Total_IDPs":90,"Latitude":36.555639999999997,"Longitude":38.097929999999998}},{"type":"Feature","id":207,"geometry":{"type":"Point","coordinates":[408289.4227,4037697.8630999997]},"properties":{"OBJECTID":207,"P_CODE":"CP002463","Governorate":"Aleppo/حلب","District":"Menbij/منبج","Subdistrict":"Menbij/مركز منبج","Community":"Little Kaber - Little Kaberjeh/كابر صغير_كابرجة صغيرة","Site_name":"Abwat / مخيم العبوات","Site_type":"SC","Category":"Severe","Total_IDPs":90,"Latitude":36.48019,"Longitude":37.976210000000002}},{"type":"Feature","id":208,"geometry":{"type":"Point","coordinates":[408562.8395999996,4042913.1026000008]},"properties":{"OBJECTID":208,"P_CODE":"CP002467","Governorate":"Aleppo/حلب","District":"Menbij/منبج","Subdistrict":"Menbij/مركز منبج","Community":"Menbij/منبج","Site_name":"Asaf / عساف","Site_type":"SC","Category":"Severe","Total_IDPs":90,"Latitude":36.527225000000001,"Longitude":37.978644439999997}},{"type":"Feature","id":209,"geometry":{"type":"Point","coordinates":[408248.65249999985,4043799.8312999997]},"properties":{"OBJECTID":209,"P_CODE":"CP002472","Governorate":"Aleppo/حلب","District":"Menbij/منبج","Subdistrict":"Menbij/مركز منبج","Community":"Menbij/منبج","Site_name":"Ghassaniyeh / الغسانية","Site_type":"SC","Category":"Severe","Total_IDPs":90,"Latitude":36.5351876,"Longitude":37.975029999999997}},{"type":"Feature","id":210,"geometry":{"type":"Point","coordinates":[274613.14719999954,3974608.8925999999]},"properties":{"OBJECTID":210,"P_CODE":"CP001309","Governorate":"Idleb/إدلب","District":"Ariha/أريحا","Subdistrict":"Mhambal/محمبل","Community":"Ora Qabli - Edwan/عرى القبلي_عدوان","Site_name":"Eudwan / عدوان","Site_type":"SC","Category":"Severe","Total_IDPs":100,"Latitude":35.889825999999999,"Longitude":36.502966000000001}},{"type":"Feature","id":211,"geometry":{"type":"Point","coordinates":[283169.28639999963,3965699.1876999997]},"properties":{"OBJECTID":211,"P_CODE":"CP001536","Governorate":"Idleb/إدلب","District":"Ariha/أريحا","Subdistrict":"Ariha/مركز أريحا","Community":"Ariha/أريحا - مركز أريحا","Site_name":"Al Muhdatheh / المحدثة","Site_type":"SC","Category":"Severe","Total_IDPs":105,"Latitude":35.811498329999999,"Longitude":36.600103330000003}},{"type":"Feature","id":212,"geometry":{"type":"Point","coordinates":[273240.30379999988,3970658.2958000004]},"properties":{"OBJECTID":212,"P_CODE":"CP002127","Governorate":"Idleb/إدلب","District":"Ariha/أريحا","Subdistrict":"Mhambal/محمبل","Community":"Hila/حيلا","Site_name":"Al- Hamdan / الحمدان","Site_type":"SC","Category":"Severe","Total_IDPs":100,"Latitude":35.8539241,"Longitude":36.488893300000001}},{"type":"Feature","id":213,"geometry":{"type":"Point","coordinates":[269157.89360000007,3962025.8846000005]},"properties":{"OBJECTID":213,"P_CODE":"CP002238","Governorate":"Idleb/إدلب","District":"Ariha/أريحا","Subdistrict":"Mhambal/محمبل","Community":"Mhambal/محمبل","Site_name":"Al Mahata(Mahambal)/ المحطة(محمبل)","Site_type":"SC","Category":"Severe","Total_IDPs":100,"Latitude":35.775216899999997,"Longitude":36.446217900000001}},{"type":"Feature","id":214,"geometry":{"type":"Point","coordinates":[294198.84480000008,4017244.7437999994]},"properties":{"OBJECTID":214,"P_CODE":"CP001356","Governorate":"Idleb/إدلب","District":"Harim/حارم","Subdistrict":"Dana/دانا","Community":"Aqrabat (Dana)/عقربات - دانا","Site_name":"Sanabel Alghadfa / سنابل الغدفة","Site_type":"SC","Category":"Severe","Total_IDPs":638,"Latitude":36.278230860000001,"Longitude":36.708666899999997}},{"type":"Feature","id":215,"geometry":{"type":"Point","coordinates":[292213.39719999954,3992043.7820999995]},"properties":{"OBJECTID":215,"P_CODE":"CP001118","Governorate":"Idleb/إدلب","District":"Idleb/مركز إدلب","Subdistrict":"Maaret Tamsrin/معرة تمصرين","Community":"Kafr - Kafrehmul/الكفر_كفريحمول","Site_name":"Al- Laban Factory / معمل اللبن","Site_type":"SC","Category":"Severe","Total_IDPs":623,"Latitude":36.05078632,"Longitude":36.693242349999998}},{"type":"Feature","id":216,"geometry":{"type":"Point","coordinates":[297528.99430000037,4009811.4572000001]},"properties":{"OBJECTID":216,"P_CODE":"CP000545","Governorate":"Idleb/إدلب","District":"Harim/حارم","Subdistrict":"Dana/دانا","Community":"Deir Hassan - Darhashan/دير حسان_درحشان","Site_name":"Om Twaina / أم توينة","Site_type":"SC","Category":"Severe","Total_IDPs":638,"Latitude":36.211972000000003,"Longitude":36.747641000000002}},{"type":"Feature","id":217,"geometry":{"type":"Point","coordinates":[297058.60800000001,4009748.5905000009]},"properties":{"OBJECTID":217,"P_CODE":"CP000553","Governorate":"Idleb/إدلب","District":"Harim/حارم","Subdistrict":"Dana/دانا","Community":"Deir Hassan - Darhashan/دير حسان_درحشان","Site_name":"Abnaa alziara / أبناء الزيارة","Site_type":"SC","Category":"Severe","Total_IDPs":638,"Latitude":36.211307079999997,"Longitude":36.742428189999998}},{"type":"Feature","id":218,"geometry":{"type":"Point","coordinates":[297280.73759999964,4009895.9882999994]},"properties":{"OBJECTID":218,"P_CODE":"CP000607","Governorate":"Idleb/إدلب","District":"Harim/حارم","Subdistrict":"Dana/دانا","Community":"Deir Hassan - Darhashan/دير حسان_درحشان","Site_name":"Horan / حوران","Site_type":"SC","Category":"Severe","Total_IDPs":638,"Latitude":36.212681510000003,"Longitude":36.74485937}},{"type":"Feature","id":219,"geometry":{"type":"Point","coordinates":[295567.8543999996,4010099.0188999996]},"properties":{"OBJECTID":219,"P_CODE":"CP001643","Governorate":"Idleb/إدلب","District":"Harim/حارم","Subdistrict":"Dana/دانا","Community":"Dana (Dana)/الدانا - دانا","Site_name":"TilalHalab / تلال حلب","Site_type":"SC","Category":"Severe","Total_IDPs":638,"Latitude":36.214149999999997,"Longitude":36.725765000000003}},{"type":"Feature","id":220,"geometry":{"type":"Point","coordinates":[295274.84140000027,4009590.8332000002]},"properties":{"OBJECTID":220,"P_CODE":"CP000065","Governorate":"Idleb/إدلب","District":"Harim/حارم","Subdistrict":"Dana/دانا","Community":"Sarmada/سرمدا","Site_name":"Ariha / أريحا","Site_type":"SC","Category":"Severe","Total_IDPs":638,"Latitude":36.209510039999998,"Longitude":36.722640380000001}},{"type":"Feature","id":221,"geometry":{"type":"Point","coordinates":[296538.01350000035,4006545.8200000003]},"properties":{"OBJECTID":221,"P_CODE":"CP000663","Governorate":"Idleb/إدلب","District":"Harim/حارم","Subdistrict":"Dana/دانا","Community":"Sarmada/سرمدا","Site_name":"Saad bin abi wakkas / سعد بن ابي وقاص","Site_type":"SC","Category":"Severe","Total_IDPs":638,"Latitude":36.182345249999997,"Longitude":36.737471749999997}},{"type":"Feature","id":222,"geometry":{"type":"Point","coordinates":[296369.98749999981,4006134.8366999999]},"properties":{"OBJECTID":222,"P_CODE":"CP000662","Governorate":"Idleb/إدلب","District":"Harim/حارم","Subdistrict":"Dana/دانا","Community":"Sarmada/سرمدا","Site_name":"Faheel Alez / فحيل العز","Site_type":"SC","Category":"Severe","Total_IDPs":638,"Latitude":36.178607540000002,"Longitude":36.735711190000004}},{"type":"Feature","id":223,"geometry":{"type":"Point","coordinates":[296697.21690000035,4005089.8149999995]},"properties":{"OBJECTID":223,"P_CODE":"CP000564","Governorate":"Idleb/إدلب","District":"Harim/حارم","Subdistrict":"Dana/دانا","Community":"Sarmada/سرمدا","Site_name":"Alwasitah / الوسيطه","Site_type":"SC","Category":"Severe","Total_IDPs":638,"Latitude":36.169262060000001,"Longitude":36.739617840000001}},{"type":"Feature","id":224,"geometry":{"type":"Point","coordinates":[293290.65419999976,3994564.8424999993]},"properties":{"OBJECTID":224,"P_CODE":"CP001132","Governorate":"Idleb/إدلب","District":"Idleb/مركز إدلب","Subdistrict":"Maaret Tamsrin/معرة تمصرين","Community":"Kafr - Kafrehmul/الكفر_كفريحمول","Site_name":"Al Hijra(kafryahmul) / الهجرة(كفريحمول)","Site_type":"SC","Category":"Severe","Total_IDPs":623,"Latitude":36.073726999999998,"Longitude":36.704532999999998}},{"type":"Feature","id":225,"geometry":{"type":"Point","coordinates":[293858.16019999981,4008706.7484000009]},"properties":{"OBJECTID":225,"P_CODE":"CP000736","Governorate":"Idleb/إدلب","District":"Harim/حارم","Subdistrict":"Dana/دانا","Community":"Sarmada/سرمدا","Site_name":"Sinjar / سنجار","Site_type":"SC","Category":"Severe","Total_IDPs":638,"Latitude":36.201245,"Longitude":36.707124999999998}},{"type":"Feature","id":226,"geometry":{"type":"Point","coordinates":[294273.31329999957,4013913.5523000006]},"properties":{"OBJECTID":226,"P_CODE":"CP000194","Governorate":"Idleb/إدلب","District":"Harim/حارم","Subdistrict":"Dana/دانا","Community":"Bab El Hawa/باب الهوى - دانا","Site_name":"Damaet Nazeh / دمعة نازحة - الشهباء","Site_type":"SC","Category":"Severe","Total_IDPs":638,"Latitude":36.248238280000002,"Longitude":36.71037192}},{"type":"Feature","id":227,"geometry":{"type":"Point","coordinates":[293624.08839999977,4014446.6385999992]},"properties":{"OBJECTID":227,"P_CODE":"CP001649","Governorate":"Idleb/إدلب","District":"Harim/حارم","Subdistrict":"Dana/دانا","Community":"Bab El Hawa/باب الهوى - دانا","Site_name":"AlEMAM2 / الإمام 2","Site_type":"SC","Category":"Severe","Total_IDPs":638,"Latitude":36.252901999999999,"Longitude":36.703010999999996}},{"type":"Feature","id":228,"geometry":{"type":"Point","coordinates":[294048.89699999988,4013788.5058999993]},"properties":{"OBJECTID":228,"P_CODE":"CP001780","Governorate":"Idleb/إدلب","District":"Harim/حارم","Subdistrict":"Dana/دانا","Community":"Bab El Hawa/باب الهوى - دانا","Site_name":"Nasaem Alrahma / نسائم الرحمة","Site_type":"SC","Category":"Severe","Total_IDPs":638,"Latitude":36.247064000000002,"Longitude":36.707909000000001}},{"type":"Feature","id":229,"geometry":{"type":"Point","coordinates":[278917.17819999997,4011780.6316999998]},"properties":{"OBJECTID":229,"P_CODE":"CP001093","Governorate":"Idleb/إدلب","District":"Harim/حارم","Subdistrict":"Harim/مركز حارم","Community":"Harim/حارم","Site_name":"Hayat kareama / حياة كريمة","Site_type":"PC","Category":"Severe","Total_IDPs":887,"Latitude":36.225634370000002,"Longitude":36.540205729999997}},{"type":"Feature","id":230,"geometry":{"type":"Point","coordinates":[278886.54970000032,4011908.8319000006]},"properties":{"OBJECTID":230,"P_CODE":"CP000258","Governorate":"Idleb/إدلب","District":"Harim/حارم","Subdistrict":"Harim/مركز حارم","Community":"Harim/حارم","Site_name":"Jabal Harim (Sabiroon) / جبل حارم (صابرون)","Site_type":"SC","Category":"Severe","Total_IDPs":887,"Latitude":36.226782100000001,"Longitude":36.539829050000002}},{"type":"Feature","id":231,"geometry":{"type":"Point","coordinates":[289464.29220000003,3981846.6217999998]},"properties":{"OBJECTID":231,"P_CODE":"CP001982","Governorate":"Idleb/إدلب","District":"Idleb/مركز إدلب","Subdistrict":"Idleb/مركز إدلب","Community":"Idleb/إدلب","Site_name":"Al Thawra / الثورة","Site_type":"SC","Category":"Severe","Total_IDPs":422,"Latitude":35.958334999999998,"Longitude":36.665456599999999}},{"type":"Feature","id":232,"geometry":{"type":"Point","coordinates":[297560.57749999966,3990887.7599999998]},"properties":{"OBJECTID":232,"P_CODE":"CP001432","Governorate":"Idleb/إدلب","District":"Idleb/مركز إدلب","Subdistrict":"Maaret Tamsrin/معرة تمصرين","Community":"Zardana Mashehad/زردنا_مشهد","Site_name":"Al Andalus 1 / الأندلس 1","Site_type":"SC","Category":"Severe","Total_IDPs":623,"Latitude":36.041499090000002,"Longitude":36.752858969999998}},{"type":"Feature","id":233,"geometry":{"type":"Point","coordinates":[292404.68410000019,4010281.8234000001]},"properties":{"OBJECTID":233,"P_CODE":"CP002016","Governorate":"Idleb/إدلب","District":"Harim/حارم","Subdistrict":"Dana/دانا","Community":"Babisqa/بابيسقا","Site_name":"Al Sedik(Babisqa) / الصديق(بابيسقا)","Site_type":"SC","Category":"Severe","Total_IDPs":638,"Latitude":36.215122999999998,"Longitude":36.690553000000001}},{"type":"Feature","id":234,"geometry":{"type":"Point","coordinates":[302042.60170000046,4006951.5730000008]},"properties":{"OBJECTID":234,"P_CODE":"CP002151","Governorate":"Aleppo/حلب","District":"Jebel Saman/جبل سمعان","Subdistrict":"Atareb/أتارب","Community":"Tuwama/التوامة","Site_name":"Islam / اسلام","Site_type":"SC","Category":"Severe","Total_IDPs":626,"Latitude":36.187141699999998,"Longitude":36.798540000000003}},{"type":"Feature","id":235,"geometry":{"type":"Point","coordinates":[300573.04119999986,4008048.8128999993]},"properties":{"OBJECTID":235,"P_CODE":"CP002364","Governorate":"Aleppo/حلب","District":"Jebel Saman/جبل سمعان","Subdistrict":"Atareb/أتارب","Community":"Tuwama/التوامة","Site_name":"Nasaem Alrahma(Tuwama) / نسائم الرحمة(توامة)","Site_type":"SC","Category":"Severe","Total_IDPs":626,"Latitude":36.196725000000001,"Longitude":36.781929300000002}},{"type":"Feature","id":236,"geometry":{"type":"Point","coordinates":[301185.79920000024,4007268.4592000004]},"properties":{"OBJECTID":236,"P_CODE":"CP000613","Governorate":"Aleppo/حلب","District":"Jebel Saman/جبل سمعان","Subdistrict":"Atareb/أتارب","Community":"Tuwama/التوامة","Site_name":"Al Ezza / العزة","Site_type":"SC","Category":"Severe","Total_IDPs":626,"Latitude":36.189820930000003,"Longitude":36.788937699999998}},{"type":"Feature","id":237,"geometry":{"type":"Point","coordinates":[300680.38310000021,4008141.5921]},"properties":{"OBJECTID":237,"P_CODE":"CP000468","Governorate":"Aleppo/حلب","District":"Jebel Saman/جبل سمعان","Subdistrict":"Atareb/أتارب","Community":"Tuwama/التوامة","Site_name":"Defaf Al Furat / ضفاف الفرات","Site_type":"SC","Category":"Severe","Total_IDPs":626,"Latitude":36.197582949999997,"Longitude":36.783098799999998}},{"type":"Feature","id":238,"geometry":{"type":"Point","coordinates":[300544.29970000032,4007776.8280999996]},"properties":{"OBJECTID":238,"P_CODE":"CP002251","Governorate":"Aleppo/حلب","District":"Jebel Saman/جبل سمعان","Subdistrict":"Atareb/أتارب","Community":"Tuwama/التوامة","Site_name":"Al Moutasim(Babka) /المعتصم(بابكة)","Site_type":"SC","Category":"Severe","Total_IDPs":626,"Latitude":36.194268800000003,"Longitude":36.781678999999997}},{"type":"Feature","id":239,"geometry":{"type":"Point","coordinates":[298698.4737999998,3999522.8368999995]},"properties":{"OBJECTID":239,"P_CODE":"CP001721","Governorate":"Aleppo/حلب","District":"Jebel Saman/جبل سمعان","Subdistrict":"Atareb/أتارب","Community":"Batbu/باتبو","Site_name":"Tal Nawaz / تل نواز","Site_type":"SC","Category":"Severe","Total_IDPs":626,"Latitude":36.119528000000003,"Longitude":36.763278}},{"type":"Feature","id":240,"geometry":{"type":"Point","coordinates":[298958.55339999963,4000548.1678999998]},"properties":{"OBJECTID":240,"P_CODE":"CP001511","Governorate":"Aleppo/حلب","District":"Jebel Saman/جبل سمعان","Subdistrict":"Atareb/أتارب","Community":"Kafr Naseh Elatareb/كفر ناصح الاتارب","Site_name":"Maram (Atareb) / مرام(أتارب)","Site_type":"SC","Category":"Severe","Total_IDPs":626,"Latitude":36.128819,"Longitude":36.765903999999999}},{"type":"Feature","id":241,"geometry":{"type":"Point","coordinates":[307358.08260000031,4026824.1917000003]},"properties":{"OBJECTID":241,"P_CODE":"CP002206","Governorate":"Aleppo/حلب","District":"Jebel Saman/جبل سمعان","Subdistrict":"Daret Azza/دارة عزة","Community":"Deir Samaan/دير سمعان","Site_name":"Al Hirsh(Deir Samaan) / الحرش(دير سمعان)","Site_type":"SC","Category":"Severe","Total_IDPs":125,"Latitude":36.367250249999998,"Longitude":36.852715019999998}},{"type":"Feature","id":242,"geometry":{"type":"Point","coordinates":[306527.99129999988,4022528.6601]},"properties":{"OBJECTID":242,"P_CODE":"CP001678","Governorate":"Aleppo/حلب","District":"Jebel Saman/جبل سمعان","Subdistrict":"Daret Azza/دارة عزة","Community":"Deir Samaan/دير سمعان","Site_name":"Al Bayara / البيارة","Site_type":"SC","Category":"Severe","Total_IDPs":125,"Latitude":36.328385099999998,"Longitude":36.844535700000002}},{"type":"Feature","id":243,"geometry":{"type":"Point","coordinates":[282859.51769999973,3980335.4497999996]},"properties":{"OBJECTID":243,"P_CODE":"CP001394","Governorate":"Idleb/إدلب","District":"Idleb/مركز إدلب","Subdistrict":"Idleb/مركز إدلب","Community":"Idleb/إدلب","Site_name":"Wadi Khahd / وادي خالد","Site_type":"SC","Category":"Severe","Total_IDPs":422,"Latitude":35.943275669999998,"Longitude":36.592689440000001}},{"type":"Feature","id":244,"geometry":{"type":"Point","coordinates":[293241.24199999962,4018716.6055999994]},"properties":{"OBJECTID":244,"P_CODE":"CP000133","Governorate":"Idleb/إدلب","District":"Harim/حارم","Subdistrict":"Dana/دانا","Community":"Atma/اطمه","Site_name":"Al Harameen / الحرمين","Site_type":"SC","Category":"Severe","Total_IDPs":638,"Latitude":36.291285000000002,"Longitude":36.697623329999999}},{"type":"Feature","id":245,"geometry":{"type":"Point","coordinates":[293587.56259999983,4019139.8653999995]},"properties":{"OBJECTID":245,"P_CODE":"CP000149","Governorate":"Idleb/إدلب","District":"Harim/حارم","Subdistrict":"Dana/دانا","Community":"Atma/اطمه","Site_name":"Taibah / طيبة","Site_type":"SC","Category":"Severe","Total_IDPs":638,"Latitude":36.295172000000001,"Longitude":36.701365099999997}},{"type":"Feature","id":246,"geometry":{"type":"Point","coordinates":[293543.33299999963,4018927.7777999993]},"properties":{"OBJECTID":246,"P_CODE":"CP000118","Governorate":"Idleb/إدلب","District":"Harim/حارم","Subdistrict":"Dana/دانا","Community":"Atma/اطمه","Site_name":"Al Karama / الكرامة","Site_type":"SC","Category":"Severe","Total_IDPs":638,"Latitude":36.293252000000003,"Longitude":36.700929000000002}},{"type":"Feature","id":247,"geometry":{"type":"Point","coordinates":[326489.80209999997,4051870.2243000008]},"properties":{"OBJECTID":247,"P_CODE":"CP001614","Governorate":"Aleppo/حلب","District":"Azaz/اعزاز","Subdistrict":"Azaz/مركز اعزاز","Community":"Azaz/أعزاز","Site_name":"Nayyarah / نيارة","Site_type":"SC","Category":"Severe","Total_IDPs":1199,"Latitude":36.596558299999998,"Longitude":37.060231700000003}},{"type":"Feature","id":248,"geometry":{"type":"Point","coordinates":[327460.94180000015,4054331.8051999994]},"properties":{"OBJECTID":248,"P_CODE":"CP001004","Governorate":"Aleppo/حلب","District":"Azaz/اعزاز","Subdistrict":"Azaz/مركز اعزاز","Community":"Salama/السلامة","Site_name":"Karaj Sujo / كراج سجو","Site_type":"SC","Category":"Severe","Total_IDPs":1199,"Latitude":36.618913079999999,"Longitude":37.070530460000001}},{"type":"Feature","id":249,"geometry":{"type":"Point","coordinates":[328160.38549999986,4055316.0030000005]},"properties":{"OBJECTID":249,"P_CODE":"CP001342","Governorate":"Aleppo/حلب","District":"Azaz/اعزاز","Subdistrict":"Azaz/مركز اعزاز","Community":"Salama/السلامة","Site_name":"Sejjo Schoo / مدرسة سجو","Site_type":"SC","Category":"Severe","Total_IDPs":1199,"Latitude":36.627907,"Longitude":37.078128}},{"type":"Feature","id":250,"geometry":{"type":"Point","coordinates":[291641.19060000032,4028936.9071999993]},"properties":{"OBJECTID":250,"P_CODE":"CP002413","Governorate":"Aleppo/حلب","District":"Afrin/عفرين","Subdistrict":"Jandairis/جنديرس","Community":"Jandairis/جنديرس","Site_name":"Aljabal / الجبل","Site_type":"SC","Category":"Severe","Total_IDPs":225,"Latitude":36.383005300000001,"Longitude":36.677085499999997}},{"type":"Feature","id":251,"geometry":{"type":"Point","coordinates":[292114.18099999987,4031708.7139999997]},"properties":{"OBJECTID":251,"P_CODE":"CP001835","Governorate":"Aleppo/حلب","District":"Afrin/عفرين","Subdistrict":"Jandairis/جنديرس","Community":"Kafr Safra/كفر صفرة","Site_name":"Masrat Kafar Safra / معصرة كفرصفرة","Site_type":"SC","Category":"Severe","Total_IDPs":225,"Latitude":36.408076000000001,"Longitude":36.681612999999999}},{"type":"Feature","id":252,"geometry":{"type":"Point","coordinates":[307903.44099999964,4043963.8923000004]},"properties":{"OBJECTID":252,"P_CODE":"CP001635","Governorate":"Aleppo/حلب","District":"Afrin/عفرين","Subdistrict":"Afrin/مركز عفرين","Community":"Afrin (Afrin)/عفرين - مركز عفرين","Site_name":"Hirsh AlZaidiah / حرش الزيدية","Site_type":"SC","Category":"Severe","Total_IDPs":314,"Latitude":36.521769999999997,"Longitude":36.854540999999998}},{"type":"Feature","id":253,"geometry":{"type":"Point","coordinates":[317639.36890000012,4050213.5750999991]},"properties":{"OBJECTID":253,"P_CODE":"CP001819","Governorate":"Aleppo/حلب","District":"Afrin/عفرين","Subdistrict":"Afrin/مركز عفرين","Community":"Afrin (Afrin)/عفرين - مركز عفرين","Site_name":"Ma'mal Altanak / معمل التنك","Site_type":"SC","Category":"Severe","Total_IDPs":314,"Latitude":36.5799819,"Longitude":36.961735699999998}},{"type":"Feature","id":254,"geometry":{"type":"Point","coordinates":[308147.41370000038,4044270.1503999997]},"properties":{"OBJECTID":254,"P_CODE":"CP001812","Governorate":"Aleppo/حلب","District":"Afrin/عفرين","Subdistrict":"Afrin/مركز عفرين","Community":"Tal Tawil (Afrin)/تل طويل - مركز عفرين","Site_name":"Kubila / كوبيلا","Site_type":"SC","Category":"Severe","Total_IDPs":314,"Latitude":36.524577999999998,"Longitude":36.857188000000001}},{"type":"Feature","id":255,"geometry":{"type":"Point","coordinates":[313636.50169999991,4041837.0277999993]},"properties":{"OBJECTID":255,"P_CODE":"CP001842","Governorate":"Aleppo/حلب","District":"Afrin/عفرين","Subdistrict":"Afrin/مركز عفرين","Community":"Khaldiyet Afrin/خالدية عفرين","Site_name":"Al Khaldiyet(Afrin) / الخالدية(عفرين)","Site_type":"SC","Category":"Severe","Total_IDPs":314,"Latitude":36.503743,"Longitude":36.919046000000002}},{"type":"Feature","id":256,"geometry":{"type":"Point","coordinates":[310442.98780000024,4043217.2255000006]},"properties":{"OBJECTID":256,"P_CODE":"CP001705","Governorate":"Aleppo/حلب","District":"Afrin/عفرين","Subdistrict":"Afrin/مركز عفرين","Community":"Afrin (Afrin)/عفرين - مركز عفرين","Site_name":"Ashrafyah (Center21) / الأشرفية(مركز21)","Site_type":"SC","Category":"Severe","Total_IDPs":314,"Latitude":36.515549999999998,"Longitude":36.883069999999996}},{"type":"Feature","id":257,"geometry":{"type":"Point","coordinates":[293461.11710000038,4018818.6113000009]},"properties":{"OBJECTID":257,"P_CODE":"CP000116","Governorate":"Idleb/إدلب","District":"Harim/حارم","Subdistrict":"Dana/دانا","Community":"Atma/اطمه","Site_name":"Al Ikhaa / الإخاء","Site_type":"SC","Category":"Severe","Total_IDPs":638,"Latitude":36.292251,"Longitude":36.700043000000001}},{"type":"Feature","id":258,"geometry":{"type":"Point","coordinates":[293290.10960000008,4019098.4602000006]},"properties":{"OBJECTID":258,"P_CODE":"CP000110","Governorate":"Idleb/إدلب","District":"Harim/حارم","Subdistrict":"Dana/دانا","Community":"Atma/اطمه","Site_name":"Al Fadel (Karama) / الفضل(كرامة)","Site_type":"SC","Category":"Severe","Total_IDPs":638,"Latitude":36.294735299999999,"Longitude":36.698065999999997}},{"type":"Feature","id":259,"geometry":{"type":"Point","coordinates":[293769.11820000038,4018785.7623999994]},"properties":{"OBJECTID":259,"P_CODE":"CP000255","Governorate":"Idleb/إدلب","District":"Harim/حارم","Subdistrict":"Dana/دانا","Community":"Atma/اطمه","Site_name":"Al Ghab Al Mankoub / الغاب المنكوب","Site_type":"SC","Category":"Severe","Total_IDPs":638,"Latitude":36.292020999999998,"Longitude":36.703479000000002}},{"type":"Feature","id":260,"geometry":{"type":"Point","coordinates":[293792.52599999961,4018967.773]},"properties":{"OBJECTID":260,"P_CODE":"CP000271","Governorate":"Idleb/إدلب","District":"Harim/حارم","Subdistrict":"Dana/دانا","Community":"Atma/اطمه","Site_name":"Al Nahda Al Eslamia / النهضة الاسلامية","Site_type":"SC","Category":"Severe","Total_IDPs":638,"Latitude":36.293665599999997,"Longitude":36.703691399999997}},{"type":"Feature","id":261,"geometry":{"type":"Point","coordinates":[293848.50540000014,4018793.6805000007]},"properties":{"OBJECTID":261,"P_CODE":"CP000383","Governorate":"Idleb/إدلب","District":"Harim/حارم","Subdistrict":"Dana/دانا","Community":"Atma/اطمه","Site_name":"Moatakalen Sahl Al Gab / معتقلين سهل الغاب","Site_type":"SC","Category":"Severe","Total_IDPs":638,"Latitude":36.2921093,"Longitude":36.704360299999998}},{"type":"Feature","id":262,"geometry":{"type":"Point","coordinates":[290290.77280000038,4022446.6364999991]},"properties":{"OBJECTID":262,"P_CODE":"CP002231","Governorate":"Idleb/إدلب","District":"Harim/حارم","Subdistrict":"Dana/دانا","Community":"Atma/اطمه","Site_name":"Shams Al Hurriya(karama) / شمس الحرية(الكرامة)","Site_type":"SC","Category":"Severe","Total_IDPs":638,"Latitude":36.324247999999997,"Longitude":36.663789999999999}},{"type":"Feature","id":263,"geometry":{"type":"Point","coordinates":[293768.04160000011,4018842.6248000003]},"properties":{"OBJECTID":263,"P_CODE":"CP000269","Governorate":"Idleb/إدلب","District":"Harim/حارم","Subdistrict":"Dana/دانا","Community":"Atma/اطمه","Site_name":"Al Amal Bil Awdah / الأمل بالعودة","Site_type":"SC","Category":"Severe","Total_IDPs":638,"Latitude":36.292532999999999,"Longitude":36.703451999999999}},{"type":"Feature","id":264,"geometry":{"type":"Point","coordinates":[293330.97900000028,4019093.9022000004]},"properties":{"OBJECTID":264,"P_CODE":"CP000125","Governorate":"Idleb/إدلب","District":"Harim/حارم","Subdistrict":"Dana/دانا","Community":"Atma/اطمه","Site_name":"Al Shuhada / الشهداء","Site_type":"SC","Category":"Severe","Total_IDPs":638,"Latitude":36.294702999999998,"Longitude":36.698521999999997}},{"type":"Feature","id":265,"geometry":{"type":"Point","coordinates":[293340.54910000041,4018839.2620999999]},"properties":{"OBJECTID":265,"P_CODE":"CP000129","Governorate":"Idleb/إدلب","District":"Harim/حارم","Subdistrict":"Dana/دانا","Community":"Atma/اطمه","Site_name":"Al Doaa / الدعاء","Site_type":"SC","Category":"Severe","Total_IDPs":638,"Latitude":36.292411199999997,"Longitude":36.698695899999997}},{"type":"Feature","id":266,"geometry":{"type":"Point","coordinates":[314505.91150000039,4040104.3816]},"properties":{"OBJECTID":266,"P_CODE":"CP002087","Governorate":"Aleppo/حلب","District":"Afrin/عفرين","Subdistrict":"Afrin/مركز عفرين","Community":"Khaldiyet Afrin/خالدية عفرين","Site_name":"Hersh Kobula / حرش كوبلة","Site_type":"SC","Category":"Severe","Total_IDPs":314,"Latitude":36.488301999999997,"Longitude":36.929164}},{"type":"Feature","id":267,"geometry":{"type":"Point","coordinates":[309619.71559999976,4041517.9262000006]},"properties":{"OBJECTID":267,"P_CODE":"CP002083","Governorate":"Aleppo/حلب","District":"Afrin/عفرين","Subdistrict":"Afrin/مركز عفرين","Community":"Afrin (Afrin)/عفرين - مركز عفرين","Site_name":"Center 24 / مركز 24","Site_type":"SC","Category":"Severe","Total_IDPs":314,"Latitude":36.500077599999997,"Longitude":36.874300400000003}},{"type":"Feature","id":268,"geometry":{"type":"Point","coordinates":[313216.58990000002,4040921.5708000008]},"properties":{"OBJECTID":268,"P_CODE":"CP002086","Governorate":"Aleppo/حلب","District":"Afrin/عفرين","Subdistrict":"Afrin/مركز عفرين","Community":"Khaldiyet Afrin/خالدية عفرين","Site_name":"Hersh khaldia / حرش الخالدية","Site_type":"SC","Category":"Severe","Total_IDPs":314,"Latitude":36.495413599999999,"Longitude":36.914581300000002}},{"type":"Feature","id":269,"geometry":{"type":"Point","coordinates":[312947.3359000003,4039496.3915999997]},"properties":{"OBJECTID":269,"P_CODE":"CP002085","Governorate":"Aleppo/حلب","District":"Afrin/عفرين","Subdistrict":"Afrin/مركز عفرين","Community":"Khaldiyet Afrin/خالدية عفرين","Site_name":"Wady Alhamam / وادي الحمام","Site_type":"SC","Category":"Severe","Total_IDPs":314,"Latitude":36.482521300000002,"Longitude":36.911921700000001}},{"type":"Feature","id":270,"geometry":{"type":"Point","coordinates":[313614.26779999956,4041764.8272999991]},"properties":{"OBJECTID":270,"P_CODE":"CP002307","Governorate":"Aleppo/حلب","District":"Afrin/عفرين","Subdistrict":"Afrin/مركز عفرين","Community":"Khaldiyet Afrin/خالدية عفرين","Site_name":"Taibah(Afrin)/ طيبة(عفرين)","Site_type":"SC","Category":"Severe","Total_IDPs":314,"Latitude":36.503088200000001,"Longitude":36.918815299999999}},{"type":"Feature","id":271,"geometry":{"type":"Point","coordinates":[290133.57699999958,3998255.4727999996]},"properties":{"OBJECTID":271,"P_CODE":"CP000968","Governorate":"Idleb/إدلب","District":"Idleb/مركز إدلب","Subdistrict":"Maaret Tamsrin/معرة تمصرين","Community":"Kaftin/كفتين","Site_name":"Sham2 / شام2","Site_type":"SC","Category":"Severe","Total_IDPs":623,"Latitude":36.106296999999998,"Longitude":36.668517999999999}},{"type":"Feature","id":272,"geometry":{"type":"Point","coordinates":[290255.28720000014,3993972.8950999994]},"properties":{"OBJECTID":272,"P_CODE":"CP001414","Governorate":"Idleb/إدلب","District":"Idleb/مركز إدلب","Subdistrict":"Maaret Tamsrin/معرة تمصرين","Community":"Maaret Elekhwan/معارة الاخوان - معرة تمصرين","Site_name":"Al Baydar / البيدر","Site_type":"SC","Category":"Severe","Total_IDPs":623,"Latitude":36.067744380000001,"Longitude":36.671008010000001}},{"type":"Feature","id":273,"geometry":{"type":"Point","coordinates":[290003.82180000003,3986751.3142000008]},"properties":{"OBJECTID":273,"P_CODE":"CP001007","Governorate":"Idleb/إدلب","District":"Idleb/مركز إدلب","Subdistrict":"Maaret Tamsrin/معرة تمصرين","Community":"Ma'arrat Tamasrin/معر تمصرين","Site_name":"Al Cournesh / الكورنيش","Site_type":"SC","Category":"Severe","Total_IDPs":623,"Latitude":36.002635140000002,"Longitude":36.670135709999997}},{"type":"Feature","id":274,"geometry":{"type":"Point","coordinates":[289262.55700000003,3999378.7063999996]},"properties":{"OBJECTID":274,"P_CODE":"CP001741","Governorate":"Idleb/إدلب","District":"Harim/حارم","Subdistrict":"Qourqeena/قورقينا","Community":"Kafr Aruq/كفر عروق","Site_name":"Um Jaran / ام جرن","Site_type":"SC","Category":"Severe","Total_IDPs":491,"Latitude":36.116226699999999,"Longitude":36.6585483}},{"type":"Feature","id":275,"geometry":{"type":"Point","coordinates":[291144.51690000016,4008019.0313000008]},"properties":{"OBJECTID":275,"P_CODE":"CP002013","Governorate":"Idleb/إدلب","District":"Harim/حارم","Subdistrict":"Dana/دانا","Community":"Kafr Deryan/كفردريان","Site_name":"Kafr Deryan Shemali / كفر دريان شمالي","Site_type":"SC","Category":"Severe","Total_IDPs":638,"Latitude":36.194468000000001,"Longitude":36.677146999999998}},{"type":"Feature","id":276,"geometry":{"type":"Point","coordinates":[291231.46490000002,4007706.7437999994]},"properties":{"OBJECTID":276,"P_CODE":"CP002022","Governorate":"Idleb/إدلب","District":"Harim/حارم","Subdistrict":"Dana/دانا","Community":"Kafr Deryan/كفردريان","Site_name":"Kafr Deryan Janobi / كفر دريان جنوبي","Site_type":"SC","Category":"Severe","Total_IDPs":638,"Latitude":36.191673600000001,"Longitude":36.678196399999997}},{"type":"Feature","id":277,"geometry":{"type":"Point","coordinates":[300282.2106999997,4012752.4236999992]},"properties":{"OBJECTID":277,"P_CODE":"CP002342","Governorate":"Idleb/إدلب","District":"Harim/حارم","Subdistrict":"Dana/دانا","Community":"Hezreh - Hezri/حزرة_حرزي","Site_name":"Saadah(Hezreh) /السعاده( حزره)","Site_type":"SC","Category":"Severe","Total_IDPs":638,"Latitude":36.239038999999998,"Longitude":36.777498000000001}},{"type":"Feature","id":278,"geometry":{"type":"Point","coordinates":[299936.95120000001,4012961.7113000005]},"properties":{"OBJECTID":278,"P_CODE":"CP002383","Governorate":"Idleb/إدلب","District":"Harim/حارم","Subdistrict":"Dana/دانا","Community":"Hezreh - Hezri/حزرة_حرزي","Site_name":"Alsaad/ الساعد","Site_type":"SC","Category":"Severe","Total_IDPs":638,"Latitude":36.240853000000001,"Longitude":36.773605000000003}},{"type":"Feature","id":279,"geometry":{"type":"Point","coordinates":[300699.32079999987,4012542.2894000001]},"properties":{"OBJECTID":279,"P_CODE":"CP000441","Governorate":"Idleb/إدلب","District":"Harim/حارم","Subdistrict":"Dana/دانا","Community":"Hezreh - Hezri/حزرة_حرزي","Site_name":"Al Bo Fares / البوفارس","Site_type":"SC","Category":"Severe","Total_IDPs":638,"Latitude":36.237232059999997,"Longitude":36.782190049999997}},{"type":"Feature","id":280,"geometry":{"type":"Point","coordinates":[286579.49239999987,3980128.8013000004]},"properties":{"OBJECTID":280,"P_CODE":"CP001111","Governorate":"Idleb/إدلب","District":"Idleb/مركز إدلب","Subdistrict":"Idleb/مركز إدلب","Community":"Idleb/إدلب","Site_name":"University / الجامعة","Site_type":"SC","Category":"Severe","Total_IDPs":422,"Latitude":35.942233969999997,"Longitude":36.633954299999999}},{"type":"Feature","id":281,"geometry":{"type":"Point","coordinates":[252225.51460000034,3625484.8653999995]},"properties":{"OBJECTID":281,"P_CODE":"CP002938","Governorate":"Dar'a/درعا","District":"Izra/ازرع","Subdistrict":"Hrak/الحراك","Community":"Western Maliha/المليحة الغربية","Site_name":"Bir Abu Fadel Camp / مخيم بئر ابو فاضل","Site_type":"SC","Category":"Severe","Total_IDPs":824,"Latitude":32.739345890000003,"Longitude":36.35575935}},{"type":"Feature","id":282,"geometry":{"type":"Point","coordinates":[252225.51460000034,3625484.8653999995]},"properties":{"OBJECTID":282,"P_CODE":"CP002935","Governorate":"Dar'a/درعا","District":"Izra/ازرع","Subdistrict":"Hrak/الحراك","Community":"Western Maliha/المليحة الغربية","Site_name":"Al-Bir North Camp / مخيم البئر الشمالي","Site_type":"SC","Category":"Severe","Total_IDPs":824,"Latitude":32.739345890000003,"Longitude":36.35575935}},{"type":"Feature","id":283,"geometry":{"type":"Point","coordinates":[252876.40020000003,3626370.7285999991]},"properties":{"OBJECTID":283,"P_CODE":"CP002984","Governorate":"Dar'a/درعا","District":"Izra/ازرع","Subdistrict":"Hrak/الحراك","Community":"Eastern Maliha/المليحة الشرقية","Site_name":"مخيم طريق الدارة المليحة الغربية/ Al-Dara Al-Maliha West Road Camp","Site_type":"SC","Category":"Severe","Total_IDPs":824,"Latitude":32.747474850000003,"Longitude":36.362463869999999}},{"type":"Feature","id":284,"geometry":{"type":"Point","coordinates":[253586.7603000002,3626208.102]},"properties":{"OBJECTID":284,"P_CODE":"CP002985","Governorate":"Dar'a/درعا","District":"Izra/ازرع","Subdistrict":"Hrak/الحراك","Community":"Eastern Maliha/المليحة الشرقية","Site_name":"مخيم طريق الدارة المليحة الشرقية/ Al-Dara Al-Maliha East Road Camp","Site_type":"SC","Category":"Severe","Total_IDPs":824,"Latitude":32.746168670000003,"Longitude":36.370081679999998}},{"type":"Feature","id":285,"geometry":{"type":"Point","coordinates":[255751.73660000041,3627876.7000999991]},"properties":{"OBJECTID":285,"P_CODE":"CP002983","Governorate":"Dar'a/درعا","District":"Izra/ازرع","Subdistrict":"Hrak/الحراك","Community":"Eastern Maliha/المليحة الشرقية","Site_name":"مخيم طريق صما/ Sama Road Camp","Site_type":"SC","Category":"Severe","Total_IDPs":824,"Latitude":32.761687619999996,"Longitude":36.392728910000002}},{"type":"Feature","id":286,"geometry":{"type":"Point","coordinates":[297403.67650000006,4009744.0675000008]},"properties":{"OBJECTID":286,"P_CODE":"CP000535","Governorate":"Idleb/إدلب","District":"Harim/حارم","Subdistrict":"Dana/دانا","Community":"Burdaqly/بردقلي","Site_name":"Al Salam (Burdaqly) / السلام(بردقلي)","Site_type":"SC","Category":"Severe","Total_IDPs":638,"Latitude":36.211338670000004,"Longitude":36.746265309999998}},{"type":"Feature","id":287,"geometry":{"type":"Point","coordinates":[293503.28419999965,4019114.3378999997]},"properties":{"OBJECTID":287,"P_CODE":"CP000111","Governorate":"Idleb/إدلب","District":"Harim/حارم","Subdistrict":"Dana/دانا","Community":"Atma/اطمه","Site_name":"Al Faraj / الفرج","Site_type":"SC","Category":"Severe","Total_IDPs":638,"Latitude":36.294924000000002,"Longitude":36.700434000000001}},{"type":"Feature","id":288,"geometry":{"type":"Point","coordinates":[295838.51319999993,4020830.7541000005]},"properties":{"OBJECTID":288,"P_CODE":"CP000602","Governorate":"Idleb/إدلب","District":"Harim/حارم","Subdistrict":"Dana/دانا","Community":"Qah/قاح - دانا","Site_name":"Al Taibah / الطيبة -قاح","Site_type":"SC","Category":"Severe","Total_IDPs":638,"Latitude":36.310883330000003,"Longitude":36.72597167}},{"type":"Feature","id":289,"geometry":{"type":"Point","coordinates":[298668.31390000042,3991620.8563000001]},"properties":{"OBJECTID":289,"P_CODE":"CP001558","Governorate":"Idleb/إدلب","District":"Idleb/مركز إدلب","Subdistrict":"Maaret Tamsrin/معرة تمصرين","Community":"Zardana Mashehad/زردنا_مشهد","Site_name":"Al Nour(Zaradna Mashehad) / النور(زردنا مشهد)","Site_type":"SC","Category":"Severe","Total_IDPs":623,"Latitude":36.048333329999998,"Longitude":36.764960000000002}},{"type":"Feature","id":290,"geometry":{"type":"Point","coordinates":[292886.34939999972,3990577.1464000009]},"properties":{"OBJECTID":290,"P_CODE":"CP001396","Governorate":"Idleb/إدلب","District":"Idleb/مركز إدلب","Subdistrict":"Maaret Tamsrin/معرة تمصرين","Community":"Kafr - Kafrehmul/الكفر_كفريحمول","Site_name":"Ebd Alrahman(Kafrehmul) / عباد الرحمن(كفريحمول)","Site_type":"SC","Category":"Severe","Total_IDPs":623,"Latitude":36.037717469999997,"Longitude":36.701092090000003}},{"type":"Feature","id":291,"geometry":{"type":"Point","coordinates":[295600.45390000008,3991839.8947999999]},"properties":{"OBJECTID":291,"P_CODE":"CP001523","Governorate":"Idleb/إدلب","District":"Idleb/مركز إدلب","Subdistrict":"Maaret Tamsrin/معرة تمصرين","Community":"Zardana Mashehad/زردنا_مشهد","Site_name":"Al Maara(Shabur) / المعرة(شابور)","Site_type":"SC","Category":"Severe","Total_IDPs":623,"Latitude":36.049666999999999,"Longitude":36.730870000000003}},{"type":"Feature","id":292,"geometry":{"type":"Point","coordinates":[293462.4151999997,4014234.0077]},"properties":{"OBJECTID":292,"P_CODE":"CP001648","Governorate":"Idleb/إدلب","District":"Harim/حارم","Subdistrict":"Dana/دانا","Community":"Bab El Hawa/باب الهوى - دانا","Site_name":"Al Sultan / السلطان","Site_type":"SC","Category":"Severe","Total_IDPs":638,"Latitude":36.250951999999998,"Longitude":36.701269000000003}},{"type":"Feature","id":293,"geometry":{"type":"Point","coordinates":[294098.57859999966,4013819.7557999995]},"properties":{"OBJECTID":293,"P_CODE":"CP001715","Governorate":"Idleb/إدلب","District":"Harim/حارم","Subdistrict":"Dana/دانا","Community":"Bab El Hawa/باب الهوى - دانا","Site_name":"Sanabil Alkheir / سنابل الخير","Site_type":"SC","Category":"Severe","Total_IDPs":638,"Latitude":36.247356099999998,"Longitude":36.708453300000002}},{"type":"Feature","id":294,"geometry":{"type":"Point","coordinates":[411621.73010000028,4074392.1983000003]},"properties":{"OBJECTID":294,"P_CODE":"CP000017","Governorate":"Aleppo/حلب","District":"Jarablus/جرابلس","Subdistrict":"Jarablus/مركز جرابلس","Community":"Jarablus/جرابلس","Site_name":"Jarablus 4 (Jbel) / المخيم رقم 4 (جبل)","Site_type":"PC","Category":"Severe","Total_IDPs":652,"Latitude":36.811252199999998,"Longitude":38.009176429999997}},{"type":"Feature","id":295,"geometry":{"type":"Point","coordinates":[411313.52020000014,4073123.1315000001]},"properties":{"OBJECTID":295,"P_CODE":"CP002162","Governorate":"Aleppo/حلب","District":"Jarablus/جرابلس","Subdistrict":"Jarablus/مركز جرابلس","Community":"Jarablus/جرابلس","Site_name":"Tareeq Aljisr / طريق الجسر","Site_type":"SC","Category":"Severe","Total_IDPs":652,"Latitude":36.799784799999998,"Longitude":38.005869400000002}},{"type":"Feature","id":296,"geometry":{"type":"Point","coordinates":[412309.27550000045,4073817.6209999993]},"properties":{"OBJECTID":296,"P_CODE":"CP000947","Governorate":"Aleppo/حلب","District":"Jarablus/جرابلس","Subdistrict":"Jarablus/مركز جرابلس","Community":"Jarablus/جرابلس","Site_name":"Al koush / الكوش","Site_type":"SC","Category":"Severe","Total_IDPs":652,"Latitude":36.806137280000002,"Longitude":38.016949799999999}},{"type":"Feature","id":297,"geometry":{"type":"Point","coordinates":[263247.50970000029,3987422.1415999997]},"properties":{"OBJECTID":297,"P_CODE":"CP000459","Governorate":"Idleb/إدلب","District":"Jisr-Ash-Shugur/جسر الشغور","Subdistrict":"Darkosh/دركوش","Community":"Zanbaqi/الزنبقي","Site_name":"Aleppo 1 / حلب 1","Site_type":"SC","Category":"Severe","Total_IDPs":249,"Latitude":36.002546000000002,"Longitude":36.373344000000003}},{"type":"Feature","id":298,"geometry":{"type":"Point","coordinates":[297017.41289999988,4014327.2397000007]},"properties":{"OBJECTID":298,"P_CODE":"CP000470","Governorate":"Idleb/إدلب","District":"Harim/حارم","Subdistrict":"Dana/دانا","Community":"Deir Hassan - Darhashan/دير حسان_درحشان","Site_name":"Al Iman / الايمان","Site_type":"SC","Category":"Severe","Total_IDPs":638,"Latitude":36.252545519999998,"Longitude":36.740783399999998}},{"type":"Feature","id":299,"geometry":{"type":"Point","coordinates":[296822.30240000039,4014420.6250999998]},"properties":{"OBJECTID":299,"P_CODE":"CP001371","Governorate":"Idleb/إدلب","District":"Harim/حارم","Subdistrict":"Dana/دانا","Community":"Deir Hassan - Darhashan/دير حسان_درحشان","Site_name":"Al Sabeil / السبيل","Site_type":"SC","Category":"Severe","Total_IDPs":638,"Latitude":36.253345760000002,"Longitude":36.738589070000003}},{"type":"Feature","id":300,"geometry":{"type":"Point","coordinates":[296884.51999999955,4014405.5241999999]},"properties":{"OBJECTID":300,"P_CODE":"CP000473","Governorate":"Idleb/إدلب","District":"Harim/حارم","Subdistrict":"Dana/دانا","Community":"Deir Hassan - Darhashan/دير حسان_درحشان","Site_name":"Khan Sheikhon / خان شيخون","Site_type":"SC","Category":"Severe","Total_IDPs":638,"Latitude":36.253222809999997,"Longitude":36.739285000000002}},{"type":"Feature","id":301,"geometry":{"type":"Point","coordinates":[259839.14639999997,3603662.6689999998]},"properties":{"OBJECTID":301,"P_CODE":"CP002976","Governorate":"Dar'a/درعا","District":"Dara/درعا","Subdistrict":"Busra Esh-Sham/بصرى الشام","Community":"Moraba/معربة","Site_name":"معمل الحلاوة / Halawa Factory","Site_type":"SC","Category":"Severe","Total_IDPs":847,"Latitude":32.544374699999999,"Longitude":36.4425466}},{"type":"Feature","id":302,"geometry":null,"properties":{"OBJECTID":302,"Shape":null,"P_CODE":"CP002989","Governorate":"Dar'a/درعا","District":"Dara/درعا","Subdistrict":"Busra Esh-Sham/بصرى الشام","Community":"Jemrine/جمرين","Site_name":"مخيم جمرين/ jamrin Camp","Site_type":"SC","Category":"Severe","Total_IDPs":847,"Latitude":null,"Longitude":null}},{"type":"Feature","id":303,"geometry":{"type":"Point","coordinates":[253084.40649999958,3608304.4508999996]},"properties":{"OBJECTID":303,"P_CODE":"CP002946","Governorate":"Dar'a/درعا","District":"Dara/درعا","Subdistrict":"Mseifra/المسيفرة","Community":"Sahwa/السهوة","Site_name":"مخيم جنوب السهوة / South Sahwa Camp","Site_type":"SC","Category":"Severe","Total_IDPs":300,"Latitude":32.584720799999999,"Longitude":36.3694591}},{"type":"Feature","id":304,"geometry":{"type":"Point","coordinates":[410666.57930000033,4072293.2536999993]},"properties":{"OBJECTID":304,"P_CODE":"CP001012","Governorate":"Aleppo/حلب","District":"Jarablus/جرابلس","Subdistrict":"Jarablus/مركز جرابلس","Community":"Marma Elhajar/مرمى الحجر","Site_name":"Tareeq Marma Elhajar / طريق مرمى الحجر","Site_type":"SC","Category":"Severe","Total_IDPs":652,"Latitude":36.792243980000002,"Longitude":37.99871589}},{"type":"Feature","id":305,"geometry":{"type":"Point","coordinates":[474331.20889999997,3987236.0208000001]},"properties":{"OBJECTID":305,"P_CODE":"CP002532","Governorate":"Ar-Raqqa","District":"Ar-Raqqa","Subdistrict":"Ar-Raqqa","Community":"Abu Quera","Site_name":"Al-Rasheed (Bizar)/الرشيد (بيزار)","Site_type":"CC","Category":"Severe","Total_IDPs":1643,"Latitude":36.029302000000001,"Longitude":38.715089999999996}},{"type":"Feature","id":306,"geometry":{"type":"Point","coordinates":[501119.20490000024,3985362.6875]},"properties":{"OBJECTID":306,"P_CODE":"CP002584","Governorate":"Ar-Raqqa","District":"Ar-Raqqa","Subdistrict":"Ar-Raqqa","Community":"Assadiya","Site_name":"Assidiyeh / Al Asadiya/الأسدية","Site_type":"SC","Category":"Severe","Total_IDPs":1643,"Latitude":36.012749999999997,"Longitude":39.012419999999999}},{"type":"Feature","id":307,"geometry":{"type":"Point","coordinates":[475507.03399999999,3983388.0867999997]},"properties":{"OBJECTID":307,"P_CODE":"CP002524","Governorate":"Ar-Raqqa","District":"Ar-Raqqa","Subdistrict":"Ar-Raqqa","Community":"Andalus","Site_name":"Andalus Farm/مزرعة الاندلس","Site_type":"SC","Category":"Severe","Total_IDPs":1643,"Latitude":35.994639999999997,"Longitude":38.728259999999999}},{"type":"Feature","id":308,"geometry":{"type":"Point","coordinates":[489822.65820000041,3990059.1286999993]},"properties":{"OBJECTID":308,"P_CODE":"CP002578","Governorate":"Ar-Raqqa","District":"Ar-Raqqa","Subdistrict":"Ar-Raqqa","Community":"Jalaa","Site_name":"AL-Jalaa(Waleed) / Alwalid/الجلاء (الوليد)","Site_type":"SC","Category":"Severe","Total_IDPs":1643,"Latitude":36.055039999999998,"Longitude":38.887}},{"type":"Feature","id":309,"geometry":{"type":"Point","coordinates":[479144.94680000003,3979241.5671999995]},"properties":{"OBJECTID":309,"P_CODE":"CP002535","Governorate":"Ar-Raqqa","District":"Ar-Raqqa","Subdistrict":"Ar-Raqqa","Community":"Khayala","Site_name":"Eastern Salhabiyeh/السلحبية  الشرقية","Site_type":"SC","Category":"Severe","Total_IDPs":1643,"Latitude":35.957340000000002,"Longitude":38.768729999999998}},{"type":"Feature","id":310,"geometry":{"type":"Point","coordinates":[477035.59090000018,3977122.8019999992]},"properties":{"OBJECTID":310,"P_CODE":"CP002559","Governorate":"Ar-Raqqa","District":"Ar-Raqqa","Subdistrict":"Ar-Raqqa","Community":"Western Sahlabiyeh","Site_name":"Western salhabiya 1/مخيم السلحبية الغربية 1","Site_type":"SC","Category":"Severe","Total_IDPs":1643,"Latitude":35.938189999999999,"Longitude":38.745399999999997}},{"type":"Feature","id":311,"geometry":{"type":"Point","coordinates":[490279.41770000011,3986924.1363999993]},"properties":{"OBJECTID":311,"P_CODE":"CP002579","Governorate":"Ar-Raqqa","District":"Ar-Raqqa","Subdistrict":"Ar-Raqqa","Community":"Adnaniyeh","Site_name":"Al-Adnania/العدنانيه","Site_type":"SC","Category":"Severe","Total_IDPs":1643,"Latitude":36.026780000000002,"Longitude":38.892110000000002}},{"type":"Feature","id":312,"geometry":{"type":"Point","coordinates":[472479.80669999961,3975156.0315000005]},"properties":{"OBJECTID":312,"P_CODE":"CP002492","Governorate":"Ar-Raqqa","District":"Ar-Raqqa","Subdistrict":"Ar-Raqqa","Community":"Fteih (Ar-Raqqa)","Site_name":"Bir Al-Ejail/بير العجيل","Site_type":"SC","Category":"Severe","Total_IDPs":1643,"Latitude":35.920340000000003,"Longitude":38.694960000000002}},{"type":"Feature","id":313,"geometry":{"type":"Point","coordinates":[473565.40579999983,3983646.6019000001]},"properties":{"OBJECTID":313,"P_CODE":"CP002547","Governorate":"Ar-Raqqa","District":"Ar-Raqqa","Subdistrict":"Ar-Raqqa","Community":"Fteih (Ar-Raqqa)","Site_name":"Fteih / Futiah/الفتيح","Site_type":"SC","Category":"Severe","Total_IDPs":1643,"Latitude":35.996920000000003,"Longitude":38.706710000000001}},{"type":"Feature","id":314,"geometry":{"type":"Point","coordinates":[495104.28619999997,3995276.5198999997]},"properties":{"OBJECTID":314,"P_CODE":"CP002507","Governorate":"Ar-Raqqa","District":"Ar-Raqqa","Subdistrict":"Ar-Raqqa","Community":"Wihdeh","Site_name":"Al-Shlash/الشلاش","Site_type":"SC","Category":"Severe","Total_IDPs":1643,"Latitude":36.102119999999999,"Longitude":38.945610000000002}},{"type":"Feature","id":315,"geometry":{"type":"Point","coordinates":[495631.04889999982,3997472.3924000002]},"properties":{"OBJECTID":315,"P_CODE":"CP002505","Governorate":"Ar-Raqqa","District":"Ar-Raqqa","Subdistrict":"Ar-Raqqa","Community":"Wihdeh","Site_name":"Hazeema/حزيمة","Site_type":"SC","Category":"Severe","Total_IDPs":1643,"Latitude":36.121920000000003,"Longitude":38.951450000000001}},{"type":"Feature","id":316,"geometry":{"type":"Point","coordinates":[472588.49320000038,3973261.2722999994]},"properties":{"OBJECTID":316,"P_CODE":"CP002490","Governorate":"Ar-Raqqa","District":"Ar-Raqqa","Subdistrict":"Ar-Raqqa","Community":"Yamama","Site_name":"Shara/الشارة","Site_type":"SC","Category":"Severe","Total_IDPs":1643,"Latitude":35.903260000000003,"Longitude":38.69623}},{"type":"Feature","id":317,"geometry":{"type":"Point","coordinates":[487187.54140000045,3998187.2288000006]},"properties":{"OBJECTID":317,"P_CODE":"CP002577","Governorate":"Ar-Raqqa","District":"Ar-Raqqa","Subdistrict":"Ar-Raqqa","Community":"Tishrine","Site_name":"Kubash Tishrine/كبش تشرين","Site_type":"SC","Category":"Severe","Total_IDPs":1643,"Latitude":36.12829,"Longitude":38.857610000000001}},{"type":"Feature","id":318,"geometry":{"type":"Point","coordinates":[506160.4952999996,3980990.3066000007]},"properties":{"OBJECTID":318,"P_CODE":"CP002585","Governorate":"Ar-Raqqa","District":"Ar-Raqqa","Subdistrict":"Ar-Raqqa","Community":"Tel byaa","Site_name":"Sahalt Banat (Sahel Banath)/سهلة البنات/ مخيم سهلة البنات","Site_type":"SC","Category":"Severe","Total_IDPs":1643,"Latitude":35.973309999999998,"Longitude":39.068330000000003}},{"type":"Feature","id":319,"geometry":{"type":"Point","coordinates":[498489.93809999991,3997171.9561000001]},"properties":{"OBJECTID":319,"P_CODE":"CP002525","Governorate":"Ar-Raqqa","District":"Ar-Raqqa","Subdistrict":"Ar-Raqqa","Community":"Htash","Site_name":"Htash / Hattash informal site/حتاش","Site_type":"SC","Category":"Severe","Total_IDPs":1643,"Latitude":36.119219999999999,"Longitude":38.983220000000003}},{"type":"Feature","id":320,"geometry":{"type":"Point","coordinates":[486966.64240000024,3984567.0445000008]},"properties":{"OBJECTID":320,"P_CODE":"CP002516","Governorate":"Ar-Raqqa","District":"Ar-Raqqa","Subdistrict":"Ar-Raqqa","Community":"Hfeiret Elsoqur","Site_name":"Ayyubyah/الأيوبية / الأيويبة","Site_type":"SC","Category":"Severe","Total_IDPs":1643,"Latitude":36.005490000000002,"Longitude":38.855379999999997}},{"type":"Feature","id":321,"geometry":{"type":"Point","coordinates":[493370.83729999978,3979999.0750999991]},"properties":{"OBJECTID":321,"P_CODE":"CP002527","Governorate":"Ar-Raqqa","District":"Ar-Raqqa","Subdistrict":"Ar-Raqqa","Community":"Rabee'a","Site_name":"Harqla/هرقلة","Site_type":"SC","Category":"Severe","Total_IDPs":1643,"Latitude":35.964370000000002,"Longitude":38.926479999999998}},{"type":"Feature","id":322,"geometry":{"type":"Point","coordinates":[494681.67760000005,3976674.1001999993]},"properties":{"OBJECTID":322,"P_CODE":"CP002514","Governorate":"Ar-Raqqa","District":"Ar-Raqqa","Subdistrict":"Ar-Raqqa","Community":"Fakhaikha","Site_name":"Hawijet Al-Zahra/حويجة زهرة/ مخيم زهرة","Site_type":"SC","Category":"Severe","Total_IDPs":1643,"Latitude":35.934399999999997,"Longitude":38.941040000000001}},{"type":"Feature","id":323,"geometry":{"type":"Point","coordinates":[486121.39419999998,3980058.5459000003]},"properties":{"OBJECTID":323,"P_CODE":"CP002570","Governorate":"Ar-Raqqa","District":"Ar-Raqqa","Subdistrict":"Ar-Raqqa","Community":"Mazionah","Site_name":"Mazionah/المزيونه","Site_type":"SC","Category":"Severe","Total_IDPs":1643,"Latitude":35.964829999999999,"Longitude":38.846080000000001}},{"type":"Feature","id":324,"geometry":{"type":"Point","coordinates":[480134.4084999999,3998034.0313000008]},"properties":{"OBJECTID":324,"P_CODE":"CP002555","Governorate":"Ar-Raqqa","District":"Ar-Raqqa","Subdistrict":"Ar-Raqqa","Community":"Western Kabsh","Site_name":"West Kubash1/مخيم كبش غربي/ مخيم كبش غربي 1","Site_type":"SC","Category":"Severe","Total_IDPs":1643,"Latitude":36.12679,"Longitude":38.779229999999998}},{"type":"Feature","id":325,"geometry":{"type":"Point","coordinates":[245516.06149999984,3971501.0867999997]},"properties":{"OBJECTID":325,"P_CODE":"CP001301","Governorate":"Idleb/إدلب","District":"Jisr-Ash-Shugur/جسر الشغور","Subdistrict":"Badama/بداما","Community":"Ein El-Bayda (Badama)/عين البيضا - بداما","Site_name":"Almashfaand Al Firin / المشفى و الفرن","Site_type":"SC","Category":"Severe","Total_IDPs":495,"Latitude":35.854708000000002,"Longitude":36.181925}},{"type":"Feature","id":326,"geometry":{"type":"Point","coordinates":[244917.13159999996,3974748.4163000006]},"properties":{"OBJECTID":326,"P_CODE":"CP002351","Governorate":"Idleb/إدلب","District":"Jisr-Ash-Shugur/جسر الشغور","Subdistrict":"Badama/بداما","Community":"Kherbet Eljoz/خربة الجوز","Site_name":"Aljabal(Kherbet Eljoz)/ الجبل (خربة الجوز)","Site_type":"SC","Category":"Severe","Total_IDPs":495,"Latitude":35.883794999999999,"Longitude":36.174261000000001}},{"type":"Feature","id":327,"geometry":{"type":"Point","coordinates":[245609.38769999985,3975792.0828000009]},"properties":{"OBJECTID":327,"P_CODE":"CP000332","Governorate":"Idleb/إدلب","District":"Jisr-Ash-Shugur/جسر الشغور","Subdistrict":"Badama/بداما","Community":"Kherbet Eljoz/خربة الجوز","Site_name":"Al Fateha / الفاتحة","Site_type":"SC","Category":"Severe","Total_IDPs":495,"Latitude":35.893373510000004,"Longitude":36.181587989999997}},{"type":"Feature","id":328,"geometry":{"type":"Point","coordinates":[246061.89250000007,3969312.5325000007]},"properties":{"OBJECTID":328,"P_CODE":"CP000259","Governorate":"Idleb/إدلب","District":"Jisr-Ash-Shugur/جسر الشغور","Subdistrict":"Badama/بداما","Community":"Hanbushiyeh/حنبوشية","Site_name":"Al Hanbushiyeh / الحنبوشية","Site_type":"SC","Category":"Severe","Total_IDPs":495,"Latitude":35.835141,"Longitude":36.188659000000001}},{"type":"Feature","id":329,"geometry":{"type":"Point","coordinates":[245989.56759999972,3970384.9824999999]},"properties":{"OBJECTID":329,"P_CODE":"CP000909","Governorate":"Idleb/إدلب","District":"Jisr-Ash-Shugur/جسر الشغور","Subdistrict":"Badama/بداما","Community":"Hanbushiyeh/حنبوشية","Site_name":"Al Salata / السلاطة","Site_type":"SC","Category":"Severe","Total_IDPs":495,"Latitude":35.84478,"Longitude":36.187517999999997}},{"type":"Feature","id":330,"geometry":{"type":"Point","coordinates":[285136.1138000004,3979704.6633000001]},"properties":{"OBJECTID":330,"P_CODE":"CP000739","Governorate":"Idleb/إدلب","District":"Idleb/مركز إدلب","Subdistrict":"Idleb/مركز إدلب","Community":"Idleb/إدلب","Site_name":"Al Hussein / الحسين","Site_type":"SC","Category":"Severe","Total_IDPs":422,"Latitude":35.938096829999999,"Longitude":36.618079649999999}},{"type":"Feature","id":331,"geometry":{"type":"Point","coordinates":[297945.39429999981,4012840.9068999998]},"properties":{"OBJECTID":331,"P_CODE":"CP000275","Governorate":"Idleb/إدلب","District":"Harim/حارم","Subdistrict":"Dana/دانا","Community":"Deir Hassan - Darhashan/دير حسان_درحشان","Site_name":"Ghetaa Al Rahma 1 / عطاء الرحمة","Site_type":"SC","Category":"Severe","Total_IDPs":638,"Latitude":36.239350309999999,"Longitude":36.751488520000002}},{"type":"Feature","id":332,"geometry":{"type":"Point","coordinates":[473800.81689999998,3981887.8805999998]},"properties":{"OBJECTID":332,"P_CODE":"CP002523","Governorate":"Ar-Raqqa","District":"Ar-Raqqa","Subdistrict":"Ar-Raqqa","Community":"Mathloum","Site_name":"Al-Selam/السلام","Site_type":"SC","Category":"Severe","Total_IDPs":1643,"Latitude":35.981070000000003,"Longitude":38.709380000000003}},{"type":"Feature","id":333,"geometry":{"type":"Point","coordinates":[298951.45660000015,4014928.909]},"properties":{"OBJECTID":333,"P_CODE":"CP000606","Governorate":"Idleb/إدلب","District":"Harim/حارم","Subdistrict":"Dana/دانا","Community":"Deir Hassan - Darhashan/دير حسان_درحشان","Site_name":"Kafr Kar / كفر كار","Site_type":"SC","Category":"Severe","Total_IDPs":638,"Latitude":36.258370290000002,"Longitude":36.76213997}},{"type":"Feature","id":334,"geometry":{"type":"Point","coordinates":[299200.33229999989,4014965.0878999997]},"properties":{"OBJECTID":334,"P_CODE":"CP001657","Governorate":"Idleb/إدلب","District":"Harim/حارم","Subdistrict":"Dana/دانا","Community":"Deir Hassan - Darhashan/دير حسان_درحشان","Site_name":"Al Tadamn(Deir Hassan) / التضامن(ديرحسان)","Site_type":"SC","Category":"Severe","Total_IDPs":638,"Latitude":36.258747999999997,"Longitude":36.764899}},{"type":"Feature","id":335,"geometry":{"type":"Point","coordinates":[299524.62229999993,4014203.9037999995]},"properties":{"OBJECTID":335,"P_CODE":"CP002131","Governorate":"Idleb/إدلب","District":"Harim/حارم","Subdistrict":"Dana/دانا","Community":"Deir Hassan - Darhashan/دير حسان_درحشان","Site_name":"Alansar Alshamali / الأنصار الشمالي","Site_type":"SC","Category":"Severe","Total_IDPs":638,"Latitude":36.251958100000003,"Longitude":36.768701299999996}},{"type":"Feature","id":336,"geometry":{"type":"Point","coordinates":[238302.48039999977,3620511.5870999992]},"properties":{"OBJECTID":336,"P_CODE":"CP002941","Governorate":"Dar'a/درعا","District":"Dara/درعا","Subdistrict":"Kherbet Ghazala/خربة غزالة","Community":"Eastern Ghariyeh/الغارية الشرقية","Site_name":"مركز ايواء الغارية الغربية / Al-Ghariyah Al-Gharbiyah Shelter Center","Site_type":"CC","Category":"Severe","Total_IDPs":69,"Latitude":32.691314990000002,"Longitude":36.208718640000001}},{"type":"Feature","id":337,"geometry":{"type":"Point","coordinates":[226649.40330000035,3638865.5401000008]},"properties":{"OBJECTID":337,"P_CODE":"CP002987","Governorate":"Dar'a/درعا","District":"Izra/ازرع","Subdistrict":"Nawa /نوى","Community":"Nawa (Nawa)/نوى - نوى","Site_name":"تجمع خيم ظاهرية/ Al Dahria tent Gathring","Site_type":"CC","Category":"Severe","Total_IDPs":65,"Latitude":32.85383899,"Longitude":36.079161910000003}},{"type":"Feature","id":338,"geometry":{"type":"Point","coordinates":[245112.29090000037,3974328.9143000003]},"properties":{"OBJECTID":338,"P_CODE":"CP000325","Governorate":"Idleb/إدلب","District":"Jisr-Ash-Shugur/جسر الشغور","Subdistrict":"Badama/بداما","Community":"Kherbet Eljoz/خربة الجوز","Site_name":"Ataa Al Kheir(Kherbet Eljoz) / عطاء الخير (خربة الجوز)","Site_type":"SC","Category":"Severe","Total_IDPs":495,"Latitude":35.88006815,"Longitude":36.176554750000001}},{"type":"Feature","id":339,"geometry":{"type":"Point","coordinates":[245157.78110000025,3974094.3874999993]},"properties":{"OBJECTID":339,"P_CODE":"CP000988","Governorate":"Idleb/إدلب","District":"Jisr-Ash-Shugur/جسر الشغور","Subdistrict":"Badama/بداما","Community":"Kherbet Eljoz/خربة الجوز","Site_name":"Salma2 / سلمى2","Site_type":"SC","Category":"Severe","Total_IDPs":495,"Latitude":35.877968039999999,"Longitude":36.177133099999999}},{"type":"Feature","id":340,"geometry":{"type":"Point","coordinates":[245215.22790000029,3974503.0135999992]},"properties":{"OBJECTID":340,"P_CODE":"CP000990","Governorate":"Idleb/إدلب","District":"Jisr-Ash-Shugur/جسر الشغور","Subdistrict":"Badama/بداما","Community":"Kherbet Eljoz/خربة الجوز","Site_name":"Salama1 / سلمى1","Site_type":"SC","Category":"Severe","Total_IDPs":495,"Latitude":35.881662730000002,"Longitude":36.177638100000003}},{"type":"Feature","id":341,"geometry":{"type":"Point","coordinates":[245193.57459999993,3974914.2122000009]},"properties":{"OBJECTID":341,"P_CODE":"CP000986","Governorate":"Idleb/إدلب","District":"Jisr-Ash-Shugur/جسر الشغور","Subdistrict":"Badama/بداما","Community":"Kherbet Eljoz/خربة الجوز","Site_name":"Shouhadaa Syria1 / شهداء سوريا1","Site_type":"SC","Category":"Severe","Total_IDPs":495,"Latitude":35.885359999999999,"Longitude":36.177267000000001}},{"type":"Feature","id":342,"geometry":{"type":"Point","coordinates":[478092.37459999975,3974807.5465999991]},"properties":{"OBJECTID":342,"P_CODE":"CP002485","Governorate":"Ar-Raqqa","District":"Ar-Raqqa","Subdistrict":"Ar-Raqqa","Community":"Hweijet Faraj","Site_name":"Hawijat Faraj/حويجة فرج","Site_type":"SC","Category":"Severe","Total_IDPs":1643,"Latitude":35.917340000000003,"Longitude":38.757179999999998}},{"type":"Feature","id":343,"geometry":{"type":"Point","coordinates":[276136.72259999998,3984518.0412000008]},"properties":{"OBJECTID":343,"P_CODE":"CP001207","Governorate":"Idleb/إدلب","District":"Harim/حارم","Subdistrict":"Armanaz/أرمناز","Community":"Sheikh Yousef/الشيخ يوسف","Site_name":"Tagammoa Alsheikh Yousef/ تجمع الشيخ يوسف","Site_type":"SC","Category":"Severe","Total_IDPs":237,"Latitude":35.979432940000002,"Longitude":36.517039830000002}},{"type":"Feature","id":344,"geometry":{"type":"Point","coordinates":[274535.94570000004,3995832.1930999998]},"properties":{"OBJECTID":344,"P_CODE":"CP001228","Governorate":"Idleb/إدلب","District":"Harim/حارم","Subdistrict":"Armanaz/أرمناز","Community":"Armanaz/أرمناز","Site_name":"Alqaws / القوس","Site_type":"SC","Category":"Severe","Total_IDPs":237,"Latitude":36.080973999999998,"Longitude":36.496074999999998}},{"type":"Feature","id":345,"geometry":{"type":"Point","coordinates":[275737.87399999984,3995733.0435000006]},"properties":{"OBJECTID":345,"P_CODE":"CP001229","Governorate":"Idleb/إدلب","District":"Harim/حارم","Subdistrict":"Armanaz/أرمناز","Community":"Armanaz/أرمناز","Site_name":"Alkazia(Armanaz) / الكازية(أرمناز)","Site_type":"SC","Category":"Severe","Total_IDPs":237,"Latitude":36.080359000000001,"Longitude":36.509439999999998}},{"type":"Feature","id":346,"geometry":{"type":"Point","coordinates":[274662.3591,3995950.1747999992]},"properties":{"OBJECTID":346,"P_CODE":"CP001231","Governorate":"Idleb/إدلب","District":"Harim/حارم","Subdistrict":"Armanaz/أرمناز","Community":"Armanaz/أرمناز","Site_name":"Kuweires / كويرس","Site_type":"SC","Category":"Severe","Total_IDPs":237,"Latitude":36.082065999999998,"Longitude":36.497444000000002}},{"type":"Feature","id":347,"geometry":{"type":"Point","coordinates":[272511.45210000034,3981830.3422999997]},"properties":{"OBJECTID":347,"P_CODE":"CP002112","Governorate":"Idleb/إدلب","District":"Harim/حارم","Subdistrict":"Armanaz/أرمناز","Community":"Sheikh Yousef/الشيخ يوسف","Site_name":"Tarahum Senmbelteh / تراحم سنمبلتة","Site_type":"SC","Category":"Severe","Total_IDPs":237,"Latitude":35.954385600000002,"Longitude":36.477635800000002}},{"type":"Feature","id":348,"geometry":{"type":"Point","coordinates":[297175.62750000041,4014019.7520000003]},"properties":{"OBJECTID":348,"P_CODE":"CP000489","Governorate":"Idleb/إدلب","District":"Harim/حارم","Subdistrict":"Dana/دانا","Community":"Deir Hassan - Darhashan/دير حسان_درحشان","Site_name":"Al Jesat / الجيسات","Site_type":"SC","Category":"Severe","Total_IDPs":638,"Latitude":36.249808739999999,"Longitude":36.742622830000002}},{"type":"Feature","id":349,"geometry":{"type":"Point","coordinates":[297943.03699999955,4014843.4756000005]},"properties":{"OBJECTID":349,"P_CODE":"CP000340","Governorate":"Idleb/إدلب","District":"Harim/حارم","Subdistrict":"Dana/دانا","Community":"Deir Hassan - Darhashan/دير حسان_درحشان","Site_name":"Al Wdhehee / الوضيحي","Site_type":"SC","Category":"Severe","Total_IDPs":638,"Latitude":36.257390170000001,"Longitude":36.750945160000001}},{"type":"Feature","id":350,"geometry":{"type":"Point","coordinates":[300011.89010000043,4013520.7259]},"properties":{"OBJECTID":350,"P_CODE":"CP000442","Governorate":"Idleb/إدلب","District":"Harim/حارم","Subdistrict":"Dana/دانا","Community":"Hezreh - Hezri/حزرة_حرزي","Site_name":"Al Seraj / السراج","Site_type":"SC","Category":"Severe","Total_IDPs":638,"Latitude":36.245904539999998,"Longitude":36.774295539999997}},{"type":"Feature","id":351,"geometry":{"type":"Point","coordinates":[299996.19570000004,4012714.5669]},"properties":{"OBJECTID":351,"P_CODE":"CP002284","Governorate":"Idleb/إدلب","District":"Harim/حارم","Subdistrict":"Dana/دانا","Community":"Hezreh - Hezri/حزرة_حرزي","Site_name":"Alikhlas(Hezri)/ الاخلاص(حزرة)","Site_type":"SC","Category":"Severe","Total_IDPs":638,"Latitude":36.238638799999997,"Longitude":36.774327}},{"type":"Feature","id":352,"geometry":{"type":"Point","coordinates":[293197.68530000001,4018745.5056999996]},"properties":{"OBJECTID":352,"P_CODE":"CP000276","Governorate":"Idleb/إدلب","District":"Harim/حارم","Subdistrict":"Dana/دانا","Community":"Atma/اطمه","Site_name":"Nasaem Al Khayr / نسائم الخير","Site_type":"SC","Category":"Severe","Total_IDPs":638,"Latitude":36.291536000000001,"Longitude":36.697130999999999}},{"type":"Feature","id":353,"geometry":{"type":"Point","coordinates":[285093.29949999973,3979351.1625999995]},"properties":{"OBJECTID":353,"P_CODE":"CP002371","Governorate":"Idleb/إدلب","District":"Idleb/مركز إدلب","Subdistrict":"Idleb/مركز إدلب","Community":"Idleb/إدلب","Site_name":"Shoaeb/ شعيب","Site_type":"SC","Category":"Severe","Total_IDPs":422,"Latitude":35.934902999999998,"Longitude":36.617700999999997}},{"type":"Feature","id":354,"geometry":{"type":"Point","coordinates":[298004.01429999992,4013207.0276999995]},"properties":{"OBJECTID":354,"P_CODE":"CP000410","Governorate":"Idleb/إدلب","District":"Harim/حارم","Subdistrict":"Dana/دانا","Community":"Deir Hassan - Darhashan/دير حسان_درحشان","Site_name":"Khan Toman / خان طومان","Site_type":"SC","Category":"Severe","Total_IDPs":638,"Latitude":36.242660809999997,"Longitude":36.75204592}},{"type":"Feature","id":355,"geometry":{"type":"Point","coordinates":[298364.91530000046,4012921.7245000005]},"properties":{"OBJECTID":355,"P_CODE":"CP002332","Governorate":"Idleb/إدلب","District":"Harim/حارم","Subdistrict":"Dana/دانا","Community":"Deir Hassan - Darhashan/دير حسان_درحشان","Site_name":"Al-Tawila/ الطويلة","Site_type":"SC","Category":"Severe","Total_IDPs":638,"Latitude":36.240166000000002,"Longitude":36.756132999999998}},{"type":"Feature","id":356,"geometry":{"type":"Point","coordinates":[298019.59869999997,4014738]},"properties":{"OBJECTID":356,"P_CODE":"CP001254","Governorate":"Idleb/إدلب","District":"Harim/حارم","Subdistrict":"Dana/دانا","Community":"Deir Hassan - Darhashan/دير حسان_درحشان","Site_name":"Rieayat Altufula / رعاية الطفولة","Site_type":"SC","Category":"Severe","Total_IDPs":638,"Latitude":36.256456,"Longitude":36.751823999999999}},{"type":"Feature","id":357,"geometry":{"type":"Point","coordinates":[298024.51209999993,4014915.2775999997]},"properties":{"OBJECTID":357,"P_CODE":"CP000549","Governorate":"Idleb/إدلب","District":"Harim/حارم","Subdistrict":"Dana/دانا","Community":"Deir Hassan - Darhashan/دير حسان_درحشان","Site_name":"Tal alhattabat / تل الحطابات","Site_type":"SC","Category":"Severe","Total_IDPs":638,"Latitude":36.258054049999998,"Longitude":36.751832870000001}},{"type":"Feature","id":358,"geometry":{"type":"Point","coordinates":[296835.48840000015,4012991.4773999993]},"properties":{"OBJECTID":358,"P_CODE":"CP000328","Governorate":"Idleb/إدلب","District":"Harim/حارم","Subdistrict":"Dana/دانا","Community":"Deir Hassan - Darhashan/دير حسان_درحشان","Site_name":"Sons of Mehin (Abna Mehin) / أبناء مهين","Site_type":"SC","Category":"Severe","Total_IDPs":638,"Latitude":36.24047401,"Longitude":36.739106790000001}},{"type":"Feature","id":359,"geometry":{"type":"Point","coordinates":[291943.74349999987,3991365.1177999992]},"properties":{"OBJECTID":359,"P_CODE":"CP001115","Governorate":"Idleb/إدلب","District":"Idleb/مركز إدلب","Subdistrict":"Maaret Tamsrin/معرة تمصرين","Community":"Kafr - Kafrehmul/الكفر_كفريحمول","Site_name":"Al-Firin / الفرن","Site_type":"SC","Category":"Severe","Total_IDPs":623,"Latitude":36.044614930000002,"Longitude":36.690429639999998}},{"type":"Feature","id":360,"geometry":{"type":"Point","coordinates":[599780.40899999999,3924194.5885000005]},"properties":{"OBJECTID":360,"P_CODE":"CP002615","Governorate":"Deir-ez-Zor","District":"Deir-ez-Zor","Subdistrict":"Kisreh","Community":"Hawayej Bumasaa","Site_name":"Mhemideh / Muhamidah/محيميدة","Site_type":"SC","Category":"Severe","Total_IDPs":975,"Latitude":35.456229999999998,"Longitude":40.099580000000003}},{"type":"Feature","id":361,"geometry":{"type":"Point","coordinates":[566330.44710000046,3962185.2919999994]},"properties":{"OBJECTID":361,"P_CODE":"CP002677","Governorate":"Deir-ez-Zor","District":"Deir-ez-Zor","Subdistrict":"Kisreh","Community":"Jazaret Elbuhmeid","Site_name":"Bo Hameed 2 / Al-Maqbara  (Al-Anz )/مخيم العنز / المقبرة","Site_type":"SC","Category":"Severe","Total_IDPs":975,"Latitude":35.801540000000003,"Longitude":39.734119999999997}},{"type":"Feature","id":362,"geometry":{"type":"Point","coordinates":[611084.3618999999,3918215.3638000004]},"properties":{"OBJECTID":362,"P_CODE":"CP002612","Governorate":"Deir-ez-Zor","District":"Deir-ez-Zor","Subdistrict":"Deir-ez-Zor","Community":"Jiah","Site_name":"Shahabat/مخيم الشهابات","Site_type":"SC","Category":"Severe","Total_IDPs":400,"Latitude":35.401130000000002,"Longitude":40.223309999999998}},{"type":"Feature","id":363,"geometry":null,"properties":{"OBJECTID":363,"Shape":null,"P_CODE":"CP003080","Governorate":"As-Sweida/السويداء","District":"Shahba/شهبا","Subdistrict":"Shahba/مركز شهبا","Community":"Shahba (Shahba)/شهبا - مركز شهبا","Site_name":"Reruitment Department شعبة التجنيد","Site_type":"CC","Category":"Stress","Total_IDPs":68,"Latitude":null,"Longitude":null}},{"type":"Feature","id":364,"geometry":null,"properties":{"OBJECTID":364,"Shape":null,"P_CODE":"CP003066","Governorate":"As-Sweida/السويداء","District":"As-Sweida/مركز السويداء","Subdistrict":"As-Sweida/مركز السويداء","Community":"Raha (As-Sweida)/الرحى","Site_name":"Leadership school مدرسة القيادة","Site_type":"CC","Category":"Stress","Total_IDPs":72,"Latitude":null,"Longitude":null}},{"type":"Feature","id":365,"geometry":{"type":"Point","coordinates":[277800.38289999962,3637923.0514000002]},"properties":{"OBJECTID":365,"P_CODE":"CP003019","Governorate":"As-Sweida/السويداء","District":"Shahba/شهبا","Subdistrict":"Shahba/مركز شهبا","Community":"Shahba (Shahba)/شهبا - مركز شهبا","Site_name":"Bashir Shaaban School","Site_type":"CC","Category":"Stress","Total_IDPs":68,"Latitude":32.856909999999999,"Longitude":36.625500000000002}},{"type":"Feature","id":366,"geometry":null,"properties":{"OBJECTID":366,"Shape":null,"P_CODE":"CP003069","Governorate":"As-Sweida/السويداء","District":"Shahba/شهبا","Subdistrict":"Shahba/مركز شهبا","Community":"Shahba (Shahba)/شهبا - مركز شهبا","Site_name":"Cadastral العقارات","Site_type":"CC","Category":"Stress","Total_IDPs":68,"Latitude":null,"Longitude":null}},{"type":"Feature","id":367,"geometry":null,"properties":{"OBJECTID":367,"Shape":null,"P_CODE":"CP003070","Governorate":"As-Sweida/السويداء","District":"Shahba/شهبا","Subdistrict":"Shahba/مركز شهبا","Community":"Shahba (Shahba)/شهبا - مركز شهبا","Site_name":" Shahba Farmers' Union","Site_type":"CC","Category":"Stress","Total_IDPs":68,"Latitude":null,"Longitude":null}},{"type":"Feature","id":368,"geometry":{"type":"Point","coordinates":[298016.28500000015,4006829.2408000007]},"properties":{"OBJECTID":368,"P_CODE":"CP000469","Governorate":"Idleb/إدلب","District":"Harim/حارم","Subdistrict":"Dana/دانا","Community":"Tal Elkarameh/تل الكرامة - دانا","Site_name":"Omar Al Faroq / عمر الفاروق","Site_type":"SC","Category":"Stress","Total_IDPs":868,"Latitude":36.185208000000003,"Longitude":36.753825999999997}},{"type":"Feature","id":369,"geometry":{"type":"Point","coordinates":[298317.82220000029,4007319.3363000005]},"properties":{"OBJECTID":369,"P_CODE":"CP000892","Governorate":"Idleb/إدلب","District":"Harim/حارم","Subdistrict":"Dana/دانا","Community":"Tal Elkarameh/تل الكرامة - دانا","Site_name":"Alzahra (Tal Elkaramej) / الزهراء( تل الكرامة)","Site_type":"SC","Category":"Stress","Total_IDPs":868,"Latitude":36.189686000000002,"Longitude":36.757050999999997}},{"type":"Feature","id":370,"geometry":{"type":"Point","coordinates":[297860.72829999961,4007279.9953000005]},"properties":{"OBJECTID":370,"P_CODE":"CP001598","Governorate":"Idleb/إدلب","District":"Harim/حارم","Subdistrict":"Dana/دانا","Community":"Tal Elkarameh/تل الكرامة - دانا","Site_name":"AlKadisya(Tal Alkarama) / القادسية(تل الكرامة)","Site_type":"SC","Category":"Stress","Total_IDPs":868,"Latitude":36.18923625,"Longitude":36.751981219999998}},{"type":"Feature","id":371,"geometry":{"type":"Point","coordinates":[298073.78299999982,4007041.6457000002]},"properties":{"OBJECTID":371,"P_CODE":"CP000339","Governorate":"Idleb/إدلب","District":"Harim/حارم","Subdistrict":"Dana/دانا","Community":"Tal Elkarameh/تل الكرامة - دانا","Site_name":"Tal Al Karama / تل الكرامة","Site_type":"SC","Category":"Stress","Total_IDPs":868,"Latitude":36.187133490000001,"Longitude":36.754410319999998}},{"type":"Feature","id":372,"geometry":{"type":"Point","coordinates":[296142.46329999994,4000083.4419]},"properties":{"OBJECTID":372,"P_CODE":"CP002226","Governorate":"Aleppo/حلب","District":"Jebel Saman/جبل سمعان","Subdistrict":"Atareb/أتارب","Community":"Batbu/باتبو","Site_name":"Al Karama(Batbu) / الكرامة(باتبو)","Site_type":"SC","Category":"Stress","Total_IDPs":952,"Latitude":36.1240448,"Longitude":36.734752100000001}},{"type":"Feature","id":373,"geometry":{"type":"Point","coordinates":[295851.66469999962,4002654.7238999996]},"properties":{"OBJECTID":373,"P_CODE":"CP001365","Governorate":"Aleppo/حلب","District":"Jebel Saman/جبل سمعان","Subdistrict":"Atareb/أتارب","Community":"Batbu/باتبو","Site_name":"Al Hamoud / الحمود","Site_type":"PC","Category":"Stress","Total_IDPs":952,"Latitude":36.147147449999999,"Longitude":36.730855890000001}},{"type":"Feature","id":374,"geometry":{"type":"Point","coordinates":[293099.9188000001,4007686.0880999994]},"properties":{"OBJECTID":374,"P_CODE":"CP001574","Governorate":"Idleb/إدلب","District":"Harim/حارم","Subdistrict":"Dana/دانا","Community":"Sarmada/سرمدا","Site_name":"Jabal Alzawya(Alkanjo) / جبل الزاوية (الكنجو)","Site_type":"SC","Category":"Stress","Total_IDPs":868,"Latitude":36.1918887,"Longitude":36.698966550000002}},{"type":"Feature","id":375,"geometry":{"type":"Point","coordinates":[294425.00629999954,4003919.9096000008]},"properties":{"OBJECTID":375,"P_CODE":"CP001637","Governorate":"Idleb/إدلب","District":"Harim/حارم","Subdistrict":"Dana/دانا","Community":"Sarmada/سرمدا","Site_name":"Al Gadakah / الغدقة","Site_type":"SC","Category":"Stress","Total_IDPs":868,"Latitude":36.158243460000001,"Longitude":36.714678810000002}},{"type":"Feature","id":376,"geometry":{"type":"Point","coordinates":[300655.18690000009,4055945.5020000003]},"properties":{"OBJECTID":376,"P_CODE":"CP000642","Governorate":"Aleppo/حلب","District":"Afrin/عفرين","Subdistrict":"Mabtali/معبطلي","Community":"Abraz/أبرز","Site_name":"Abraz / أبراز","Site_type":"PC","Category":"Stress","Total_IDPs":155,"Latitude":36.628219999999999,"Longitude":36.770539999999997}},{"type":"Feature","id":377,"geometry":{"type":"Point","coordinates":[299444.43680000026,4049086.5908000004]},"properties":{"OBJECTID":377,"P_CODE":"CP000639","Governorate":"Aleppo/حلب","District":"Afrin/عفرين","Subdistrict":"Mabtali/معبطلي","Community":"Ma'btali/المعبطلي","Site_name":"Ma'btali / المعبطلي","Site_type":"PC","Category":"Stress","Total_IDPs":155,"Latitude":36.566180000000003,"Longitude":36.758797000000001}},{"type":"Feature","id":378,"geometry":{"type":"Point","coordinates":[294104.73890000023,4018834.9164000005]},"properties":{"OBJECTID":378,"P_CODE":"CP000141","Governorate":"Idleb/إدلب","District":"Harim/حارم","Subdistrict":"Dana/دانا","Community":"Qah/قاح - دانا","Site_name":"Sahl Al Ghab Alawal / سهل الغاب الاول","Site_type":"SC","Category":"Stress","Total_IDPs":868,"Latitude":36.2925355,"Longitude":36.707200700000001}},{"type":"Feature","id":379,"geometry":{"type":"Point","coordinates":[293932.59740000032,4018880.9924999997]},"properties":{"OBJECTID":379,"P_CODE":"CP000170","Governorate":"Idleb/إدلب","District":"Harim/حارم","Subdistrict":"Dana/دانا","Community":"Qah/قاح - دانا","Site_name":"Al Muhajreen / المهاجرين","Site_type":"SC","Category":"Stress","Total_IDPs":868,"Latitude":36.292913800000001,"Longitude":36.705272999999998}},{"type":"Feature","id":380,"geometry":{"type":"Point","coordinates":[294149.41760000028,4018812.0555000007]},"properties":{"OBJECTID":380,"P_CODE":"CP000171","Governorate":"Idleb/إدلب","District":"Harim/حارم","Subdistrict":"Dana/دانا","Community":"Qah/قاح - دانا","Site_name":"Al Rahmah (Qah) / الرحمة(قاح)","Site_type":"SC","Category":"Stress","Total_IDPs":868,"Latitude":36.2923391,"Longitude":36.707703899999998}},{"type":"Feature","id":381,"geometry":{"type":"Point","coordinates":[294027.98859999981,4018830.9188000001]},"properties":{"OBJECTID":381,"P_CODE":"CP000308","Governorate":"Idleb/إدلب","District":"Harim/حارم","Subdistrict":"Dana/دانا","Community":"Qah/قاح - دانا","Site_name":"Ahbab Al Rasoul / احباب الرسول","Site_type":"SC","Category":"Stress","Total_IDPs":868,"Latitude":36.292483099999998,"Longitude":36.706347700000002}},{"type":"Feature","id":382,"geometry":{"type":"Point","coordinates":[290110.68180000037,4021113.8365000002]},"properties":{"OBJECTID":382,"P_CODE":"CP000803","Governorate":"Idleb/إدلب","District":"Harim/حارم","Subdistrict":"Dana/دانا","Community":"Atma/اطمه","Site_name":"Al Majed Sector 3 / المجد 3","Site_type":"SC","Category":"Stress","Total_IDPs":868,"Latitude":36.312202999999997,"Longitude":36.662143999999998}},{"type":"Feature","id":383,"geometry":{"type":"Point","coordinates":[290473.3348000003,4020802.5667000003]},"properties":{"OBJECTID":383,"P_CODE":"CP000807","Governorate":"Idleb/إدلب","District":"Harim/حارم","Subdistrict":"Dana/دانا","Community":"Atma/اطمه","Site_name":"Al Tanmia / التنمية","Site_type":"SC","Category":"Stress","Total_IDPs":868,"Latitude":36.309477999999999,"Longitude":36.666263999999998}},{"type":"Feature","id":384,"geometry":{"type":"Point","coordinates":[289602.63210000005,4020744.3588999994]},"properties":{"OBJECTID":384,"P_CODE":"CP000813","Governorate":"Idleb/إدلب","District":"Harim/حارم","Subdistrict":"Dana/دانا","Community":"Atma/اطمه","Site_name":"Ehsan 1 / إحسان 1","Site_type":"SC","Category":"Stress","Total_IDPs":868,"Latitude":36.308763999999996,"Longitude":36.656588999999997}},{"type":"Feature","id":385,"geometry":{"type":"Point","coordinates":[290547.35840000026,4020608.3957000002]},"properties":{"OBJECTID":385,"P_CODE":"CP000824","Governorate":"Idleb/إدلب","District":"Harim/حارم","Subdistrict":"Dana/دانا","Community":"Atma/اطمه","Site_name":"Ahl Al Wafa / أهل الوفاء","Site_type":"SC","Category":"Stress","Total_IDPs":868,"Latitude":36.307744999999997,"Longitude":36.667140000000003}},{"type":"Feature","id":386,"geometry":{"type":"Point","coordinates":[289884.15820000041,4020387.3881999999]},"properties":{"OBJECTID":386,"P_CODE":"CP000838","Governorate":"Idleb/إدلب","District":"Harim/حارم","Subdistrict":"Dana/دانا","Community":"Atma/اطمه","Site_name":"Shahshabo / شحشبو","Site_type":"SC","Category":"Stress","Total_IDPs":868,"Latitude":36.305609840000002,"Longitude":36.659818420000001}},{"type":"Feature","id":387,"geometry":{"type":"Point","coordinates":[289939.99930000026,4020351.6786000002]},"properties":{"OBJECTID":387,"P_CODE":"CP001437","Governorate":"Idleb/إدلب","District":"Harim/حارم","Subdistrict":"Dana/دانا","Community":"Atma/اطمه","Site_name":"Al Reef Alshemali / الريف الشمالي","Site_type":"SC","Category":"Stress","Total_IDPs":868,"Latitude":36.305300340000002,"Longitude":36.660449499999999}},{"type":"Feature","id":388,"geometry":{"type":"Point","coordinates":[324223.69340000022,4053427.4116999991]},"properties":{"OBJECTID":388,"P_CODE":"CP002279","Governorate":"Aleppo/حلب","District":"Azaz/اعزاز","Subdistrict":"Azaz/مركز اعزاز","Community":"Maarin (A'zaz)/معرين - مركز اعزاز","Site_name":"Alsarout(Azaz)/ الساروط(اعزاز)","Site_type":"SC","Category":"Stress","Total_IDPs":3642,"Latitude":36.610173170000003,"Longitude":37.034554970000002}},{"type":"Feature","id":389,"geometry":{"type":"Point","coordinates":[295063.6007000003,4002196.6944999993]},"properties":{"OBJECTID":389,"P_CODE":"CP000580","Governorate":"Idleb/إدلب","District":"Idleb/مركز إدلب","Subdistrict":"Maaret Tamsrin/معرة تمصرين","Community":"Kelly/كللي","Site_name":"Barri / البري","Site_type":"SC","Category":"Stress","Total_IDPs":601,"Latitude":36.142854999999997,"Longitude":36.722222000000002}},{"type":"Feature","id":390,"geometry":{"type":"Point","coordinates":[293939.04509999976,4001727.8271999992]},"properties":{"OBJECTID":390,"P_CODE":"CP001970","Governorate":"Idleb/إدلب","District":"Idleb/مركز إدلب","Subdistrict":"Maaret Tamsrin/معرة تمصرين","Community":"Kelly/كللي","Site_name":"Kafr Sejna(Kelly) / كفر سجنة(كللي)","Site_type":"SC","Category":"Stress","Total_IDPs":601,"Latitude":36.138392889999999,"Longitude":36.709854849999999}},{"type":"Feature","id":391,"geometry":{"type":"Point","coordinates":[294476.76510000043,4001191.0965999998]},"properties":{"OBJECTID":391,"P_CODE":"CP000982","Governorate":"Idleb/إدلب","District":"Idleb/مركز إدلب","Subdistrict":"Maaret Tamsrin/معرة تمصرين","Community":"Kelly/كللي","Site_name":"Al Omareen / العمرين","Site_type":"SC","Category":"Stress","Total_IDPs":601,"Latitude":36.133671820000004,"Longitude":36.715966950000002}},{"type":"Feature","id":392,"geometry":{"type":"Point","coordinates":[293942.32919999957,4000991.7142999992]},"properties":{"OBJECTID":392,"P_CODE":"CP001964","Governorate":"Idleb/إدلب","District":"Idleb/مركز إدلب","Subdistrict":"Maaret Tamsrin/معرة تمصرين","Community":"Kelly/كللي","Site_name":"Al Taawun(Kelly) / التعاون(كللي)","Site_type":"SC","Category":"Stress","Total_IDPs":601,"Latitude":36.131762299999998,"Longitude":36.710084100000003}},{"type":"Feature","id":393,"geometry":{"type":"Point","coordinates":[294385.14829999954,4001031.1925000008]},"properties":{"OBJECTID":393,"P_CODE":"CP002037","Governorate":"Idleb/إدلب","District":"Idleb/مركز إدلب","Subdistrict":"Maaret Tamsrin/معرة تمصرين","Community":"Kelly/كللي","Site_name":"Ataa Alrahman / عطاء الرحمن","Site_type":"SC","Category":"Stress","Total_IDPs":601,"Latitude":36.132211900000001,"Longitude":36.714991300000001}},{"type":"Feature","id":394,"geometry":{"type":"Point","coordinates":[294498.86209999956,4000960.3604000006]},"properties":{"OBJECTID":394,"P_CODE":"CP002035","Governorate":"Idleb/إدلب","District":"Idleb/مركز إدلب","Subdistrict":"Maaret Tamsrin/معرة تمصرين","Community":"Kelly/كللي","Site_name":"Ebin Othman / ابن عثمان","Site_type":"SC","Category":"Stress","Total_IDPs":601,"Latitude":36.131597900000003,"Longitude":36.716272600000003}},{"type":"Feature","id":395,"geometry":{"type":"Point","coordinates":[294057.1456000004,4000728.5548]},"properties":{"OBJECTID":395,"P_CODE":"CP001925","Governorate":"Idleb/إدلب","District":"Idleb/مركز إدلب","Subdistrict":"Maaret Tamsrin/معرة تمصرين","Community":"Kelly/كللي","Site_name":"Bayrakdar(kelly) / بيرقدار(كللي)","Site_type":"SC","Category":"Stress","Total_IDPs":601,"Latitude":36.129415999999999,"Longitude":36.711427999999998}},{"type":"Feature","id":396,"geometry":{"type":"Point","coordinates":[292505.37150000036,4000089.9729999993]},"properties":{"OBJECTID":396,"P_CODE":"CP000590","Governorate":"Idleb/إدلب","District":"Idleb/مركز إدلب","Subdistrict":"Maaret Tamsrin/معرة تمصرين","Community":"Kelly/كللي","Site_name":"Mokhtar / مختار","Site_type":"SC","Category":"Stress","Total_IDPs":601,"Latitude":36.123332740000002,"Longitude":36.694364520000001}},{"type":"Feature","id":397,"geometry":{"type":"Point","coordinates":[290369.05439999979,4022604.3818999995]},"properties":{"OBJECTID":397,"P_CODE":"CP000752","Governorate":"Idleb/إدلب","District":"Harim/حارم","Subdistrict":"Dana/دانا","Community":"Atma/اطمه","Site_name":"Maram / مرام","Site_type":"SC","Category":"Stress","Total_IDPs":868,"Latitude":36.325685999999997,"Longitude":36.664619000000002}},{"type":"Feature","id":398,"geometry":{"type":"Point","coordinates":[290590.59829999972,4021985.5043000001]},"properties":{"OBJECTID":398,"P_CODE":"CP000775","Governorate":"Idleb/إدلب","District":"Harim/حارم","Subdistrict":"Dana/دانا","Community":"Atma/اطمه","Site_name":"Kafr Nabutha / كفرنبودة","Site_type":"SC","Category":"Stress","Total_IDPs":868,"Latitude":36.320159359999998,"Longitude":36.667251489999998}},{"type":"Feature","id":399,"geometry":{"type":"Point","coordinates":[290152.91170000006,4021846.0571999997]},"properties":{"OBJECTID":399,"P_CODE":"CP000779","Governorate":"Idleb/إدلب","District":"Harim/حارم","Subdistrict":"Dana/دانا","Community":"Atma/اطمه","Site_name":"Reef Hama Al Gharbi / ريف حماة الغربي","Site_type":"SC","Category":"Stress","Total_IDPs":868,"Latitude":36.318807999999997,"Longitude":36.662416999999998}},{"type":"Feature","id":400,"geometry":{"type":"Point","coordinates":[289913.69170000032,4021809.7701999992]},"properties":{"OBJECTID":400,"P_CODE":"CP000762","Governorate":"Idleb/إدلب","District":"Harim/حارم","Subdistrict":"Dana/دانا","Community":"Atma/اطمه","Site_name":"Orient / أورينت","Site_type":"SC","Category":"Stress","Total_IDPs":868,"Latitude":36.318429000000002,"Longitude":36.659764000000003}},{"type":"Feature","id":401,"geometry":{"type":"Point","coordinates":[289518.72530000005,4021319.3335999995]},"properties":{"OBJECTID":401,"P_CODE":"CP000794","Governorate":"Idleb/إدلب","District":"Harim/حارم","Subdistrict":"Dana/دانا","Community":"Atma/اطمه","Site_name":"Abi Al Fidaa / أبي الفداء","Site_type":"SC","Category":"Stress","Total_IDPs":868,"Latitude":36.313924999999998,"Longitude":36.655500000000004}},{"type":"Feature","id":402,"geometry":{"type":"Point","coordinates":[290601.50399999972,4022186.1344000008]},"properties":{"OBJECTID":402,"P_CODE":"CP000767","Governorate":"Idleb/إدلب","District":"Harim/حارم","Subdistrict":"Dana/دانا","Community":"Atma/اطمه","Site_name":"Al Khalil / الخليل","Site_type":"SC","Category":"Stress","Total_IDPs":868,"Latitude":36.321969000000003,"Longitude":36.667318999999999}},{"type":"Feature","id":403,"geometry":{"type":"Point","coordinates":[291074.11369999964,4022506.4901999999]},"properties":{"OBJECTID":403,"P_CODE":"CP001436","Governorate":"Idleb/إدلب","District":"Harim/حارم","Subdistrict":"Dana/دانا","Community":"Atma/اطمه","Site_name":"Reef Halap Algharbi / ريف حلب الغربي","Site_type":"SC","Category":"Stress","Total_IDPs":868,"Latitude":36.32495737,"Longitude":36.672494049999997}},{"type":"Feature","id":404,"geometry":{"type":"Point","coordinates":[355263.03409999982,4038199.5819000006]},"properties":{"OBJECTID":404,"P_CODE":"CP001969","Governorate":"Aleppo/حلب","District":"Azaz/اعزاز","Subdistrict":"Aghtrin/اخترين","Community":"Wash/واش","Site_name":"Wash / واش","Site_type":"PC","Category":"Stress","Total_IDPs":538,"Latitude":36.478166000000002,"Longitude":37.384341999999997}},{"type":"Feature","id":405,"geometry":{"type":"Point","coordinates":[360535.26400000043,4044316.1774000004]},"properties":{"OBJECTID":405,"P_CODE":"CP000882","Governorate":"Aleppo/حلب","District":"Al Bab/الباب","Subdistrict":"Al Bab/مركز الباب","Community":"Borj (Al Bab)/البرج - مركز الباب","Site_name":"Al Bourj (Lam Alshamel) / البرج(لم الشمل)","Site_type":"SC","Category":"Stress","Total_IDPs":1041,"Latitude":36.53407,"Longitude":37.442070000000001}},{"type":"Feature","id":406,"geometry":{"type":"Point","coordinates":[350310.24320000038,4041511.0967999995]},"properties":{"OBJECTID":406,"P_CODE":"CP001645","Governorate":"Aleppo/حلب","District":"Azaz/اعزاز","Subdistrict":"Aghtrin/اخترين","Community":"Dweidan/دوديان","Site_name":"Sawamaa Aghtrin / صوامع أخترين","Site_type":"PC","Category":"Stress","Total_IDPs":538,"Latitude":36.507246000000002,"Longitude":37.328434999999999}},{"type":"Feature","id":407,"geometry":{"type":"Point","coordinates":[357695.58910000045,4040836.4221999999]},"properties":{"OBJECTID":407,"P_CODE":"CP001675","Governorate":"Aleppo/حلب","District":"Azaz/اعزاز","Subdistrict":"Aghtrin/اخترين","Community":"Qaar Kalbein/قعر كلبين","Site_name":"Kaeir Kalbin / قعر كلبين","Site_type":"PC","Category":"Stress","Total_IDPs":538,"Latitude":36.502293000000002,"Longitude":37.411000999999999}},{"type":"Feature","id":408,"geometry":{"type":"Point","coordinates":[270162.19900000002,3990107.4134999998]},"properties":{"OBJECTID":408,"P_CODE":"CP000508","Governorate":"Idleb/إدلب","District":"Harim/حارم","Subdistrict":"Salqin/سلقين","Community":"Fasouq/فاسوق","Site_name":"Darbella / الدربلا","Site_type":"SC","Category":"Stress","Total_IDPs":636,"Latitude":36.028387109999997,"Longitude":36.449210110000003}},{"type":"Feature","id":409,"geometry":{"type":"Point","coordinates":[268917.69990000036,3997751.5831000004]},"properties":{"OBJECTID":409,"P_CODE":"CP002169","Governorate":"Idleb/إدلب","District":"Harim/حارم","Subdistrict":"Salqin/سلقين","Community":"Abu Talha/ابو طلحة","Site_name":"Abu Talha Jadid / أبو طلحة جديد","Site_type":"PC","Category":"Stress","Total_IDPs":636,"Latitude":36.096941999999999,"Longitude":36.433174000000001}},{"type":"Feature","id":410,"geometry":{"type":"Point","coordinates":[294768.45969999954,4030526.4057999998]},"properties":{"OBJECTID":410,"P_CODE":"CP002409","Governorate":"Aleppo/حلب","District":"Afrin/عفرين","Subdistrict":"Jandairis/جنديرس","Community":"Jandairis/جنديرس","Site_name":"Ajnadin / أجنادين","Site_type":"PC","Category":"Stress","Total_IDPs":402,"Latitude":36.397996499999998,"Longitude":36.711505099999997}},{"type":"Feature","id":411,"geometry":{"type":"Point","coordinates":[361837.80279999971,4035396.9736000001]},"properties":{"OBJECTID":411,"P_CODE":"CP002120","Governorate":"Aleppo/حلب","District":"Al Bab/الباب","Subdistrict":"Al Bab/مركز الباب","Community":"Sosyan/سوسيان - مركز الباب","Site_name":"Qarit Shryan Alhayat / قرية شريان الحياة","Site_type":"PC","Category":"Stress","Total_IDPs":1041,"Latitude":36.453879999999998,"Longitude":37.458210000000001}},{"type":"Feature","id":412,"geometry":{"type":"Point","coordinates":[294523.17430000007,4017844.8485000003]},"properties":{"OBJECTID":412,"P_CODE":"CP000601","Governorate":"Idleb/إدلب","District":"Harim/حارم","Subdistrict":"Dana/دانا","Community":"Qah/قاح - دانا","Site_name":"Al Atlal / الأطلال","Site_type":"SC","Category":"Stress","Total_IDPs":868,"Latitude":36.283705910000002,"Longitude":36.712117450000001}},{"type":"Feature","id":413,"geometry":{"type":"Point","coordinates":[294656.28330000024,4017633.6824999992]},"properties":{"OBJECTID":413,"P_CODE":"CP000655","Governorate":"Idleb/إدلب","District":"Harim/حارم","Subdistrict":"Dana/دانا","Community":"Qah/قاح - دانا","Site_name":"Shohadaa Alghab / شهداء الغاب","Site_type":"SC","Category":"Stress","Total_IDPs":868,"Latitude":36.281832000000001,"Longitude":36.713653999999998}},{"type":"Feature","id":414,"geometry":{"type":"Point","coordinates":[293562.09020000044,4015780.3055000007]},"properties":{"OBJECTID":414,"P_CODE":"CP000493","Governorate":"Idleb/إدلب","District":"Harim/حارم","Subdistrict":"Dana/دانا","Community":"Aqrabat (Dana)/عقربات - دانا","Site_name":"Al Sabah / الصباح","Site_type":"SC","Category":"Stress","Total_IDPs":868,"Latitude":36.264902800000002,"Longitude":36.701969400000003}},{"type":"Feature","id":415,"geometry":{"type":"Point","coordinates":[298333.26939999964,4008959.5007000007]},"properties":{"OBJECTID":415,"P_CODE":"CP000045","Governorate":"Idleb/إدلب","District":"Harim/حارم","Subdistrict":"Dana/دانا","Community":"Dana (Dana)/الدانا - دانا","Site_name":"Al Dana / الدانا","Site_type":"SC","Category":"Stress","Total_IDPs":868,"Latitude":36.204464999999999,"Longitude":36.756801000000003}},{"type":"Feature","id":416,"geometry":{"type":"Point","coordinates":[296813.86930000037,4010928.1876999997]},"properties":{"OBJECTID":416,"P_CODE":"CP000519","Governorate":"Idleb/إدلب","District":"Harim/حارم","Subdistrict":"Dana/دانا","Community":"Burdaqly/بردقلي","Site_name":"Al Nashmi / النشمي","Site_type":"SC","Category":"Stress","Total_IDPs":868,"Latitude":36.221882200000003,"Longitude":36.739401719999996}},{"type":"Feature","id":417,"geometry":{"type":"Point","coordinates":[303227.98180000018,4011456.8997000009]},"properties":{"OBJECTID":417,"P_CODE":"CP000539","Governorate":"Idleb/إدلب","District":"Harim/حارم","Subdistrict":"Dana/دانا","Community":"Termanin/ترمانين","Site_name":"Tl Aldaman / مخيم تل الضمان","Site_type":"SC","Category":"Stress","Total_IDPs":868,"Latitude":36.227972000000001,"Longitude":36.810583000000001}},{"type":"Feature","id":418,"geometry":null,"properties":{"OBJECTID":418,"Shape":null,"P_CODE":"CP003067","Governorate":"As-Sweida/السويداء","District":"Shahba/شهبا","Subdistrict":"Shahba/مركز شهبا","Community":"Shahba (Shahba)/شهبا - مركز شهبا","Site_name":"معهد بيتي الثاني  Beity Al-Thani Institute","Site_type":"CC","Category":"Stress","Total_IDPs":68,"Latitude":null,"Longitude":null}},{"type":"Feature","id":419,"geometry":{"type":"Point","coordinates":[286419.04470000044,3991043.9450000003]},"properties":{"OBJECTID":419,"P_CODE":"CP001177","Governorate":"Idleb/إدلب","District":"Idleb/مركز إدلب","Subdistrict":"Maaret Tamsrin/معرة تمصرين","Community":"Haranbush/حرنبوش","Site_name":"Kafr Omeim / كفرعميم","Site_type":"SC","Category":"Stress","Total_IDPs":601,"Latitude":36.040525000000002,"Longitude":36.629235000000001}},{"type":"Feature","id":420,"geometry":{"type":"Point","coordinates":[287152.78110000025,3993524.023]},"properties":{"OBJECTID":420,"P_CODE":"CP000928","Governorate":"Idleb/إدلب","District":"Idleb/مركز إدلب","Subdistrict":"Maaret Tamsrin/معرة تمصرين","Community":"Haranbush/حرنبوش","Site_name":"Muslm Care / مسلم كير","Site_type":"PC","Category":"Stress","Total_IDPs":601,"Latitude":36.063026710000003,"Longitude":36.636705159999998}},{"type":"Feature","id":421,"geometry":{"type":"Point","coordinates":[286884.41019999981,3995557.9759999998]},"properties":{"OBJECTID":421,"P_CODE":"CP001390","Governorate":"Idleb/إدلب","District":"Idleb/مركز إدلب","Subdistrict":"Maaret Tamsrin/معرة تمصرين","Community":"Haranbush/حرنبوش","Site_name":"Ramee / الرامى","Site_type":"SC","Category":"Stress","Total_IDPs":601,"Latitude":36.081290039999999,"Longitude":36.633178469999997}},{"type":"Feature","id":422,"geometry":{"type":"Point","coordinates":[286446.05680000037,3993413.2046000008]},"properties":{"OBJECTID":422,"P_CODE":"CP001490","Governorate":"Idleb/إدلب","District":"Idleb/مركز إدلب","Subdistrict":"Maaret Tamsrin/معرة تمصرين","Community":"Haranbush/حرنبوش","Site_name":"Al Anaam / الأنعام","Site_type":"PC","Category":"Stress","Total_IDPs":601,"Latitude":36.061873519999999,"Longitude":36.62889423}},{"type":"Feature","id":423,"geometry":{"type":"Point","coordinates":[302984.89879999962,4014721.0692999996]},"properties":{"OBJECTID":423,"P_CODE":"CP001215","Governorate":"Idleb/إدلب","District":"Harim/حارم","Subdistrict":"Dana/دانا","Community":"Tilaada/تلعادة","Site_name":"Al Heir / الحير","Site_type":"SC","Category":"Stress","Total_IDPs":868,"Latitude":36.257329259999999,"Longitude":36.807058390000002}},{"type":"Feature","id":424,"geometry":{"type":"Point","coordinates":[300495.76840000041,4010190.9989]},"properties":{"OBJECTID":424,"P_CODE":"CP001656","Governorate":"Idleb/إدلب","District":"Harim/حارم","Subdistrict":"Dana/دانا","Community":"Dana (Dana)/الدانا - دانا","Site_name":"Al Ameen / الأمين","Site_type":"SC","Category":"Stress","Total_IDPs":868,"Latitude":36.21600771,"Longitude":36.780525349999998}},{"type":"Feature","id":425,"geometry":null,"properties":{"OBJECTID":425,"Shape":null,"P_CODE":"CP003068","Governorate":"As-Sweida/السويداء","District":"Shahba/شهبا","Subdistrict":"Shahba/مركز شهبا","Community":"Shahba (Shahba)/شهبا - مركز شهبا","Site_name":"Youth Center الشبيبة","Site_type":"CC","Category":"Stress","Total_IDPs":68,"Latitude":null,"Longitude":null}},{"type":"Feature","id":426,"geometry":{"type":"Point","coordinates":[299899.49230000004,4008013.6283999998]},"properties":{"OBJECTID":426,"P_CODE":"CP001730","Governorate":"Idleb/إدلب","District":"Harim/حارم","Subdistrict":"Dana/دانا","Community":"Dana (Dana)/الدانا - دانا","Site_name":"Alnjmeh / النجمة","Site_type":"SC","Category":"Stress","Total_IDPs":868,"Latitude":36.196269000000001,"Longitude":36.774451999999997}},{"type":"Feature","id":427,"geometry":{"type":"Point","coordinates":[297722.39419999998,4011902.8431000002]},"properties":{"OBJECTID":427,"P_CODE":"CP001987","Governorate":"Idleb/إدلب","District":"Harim/حارم","Subdistrict":"Dana/دانا","Community":"Deir Hassan - Darhashan/دير حسان_درحشان","Site_name":"Abnaa Alqsair / أبناء القصير","Site_type":"SC","Category":"Stress","Total_IDPs":868,"Latitude":36.230853000000003,"Longitude":36.749251000000001}},{"type":"Feature","id":428,"geometry":{"type":"Point","coordinates":[301917.14790000021,4014414.8572000004]},"properties":{"OBJECTID":428,"P_CODE":"CP002071","Governorate":"Idleb/إدلب","District":"Harim/حارم","Subdistrict":"Dana/دانا","Community":"Tilaada/تلعادة","Site_name":"Al-Salim -Tilaada / السالم -تلعادة","Site_type":"SC","Category":"Stress","Total_IDPs":868,"Latitude":36.2543522,"Longitude":36.7952589}},{"type":"Feature","id":429,"geometry":{"type":"Point","coordinates":[296071.14300000016,4010584.8973999992]},"properties":{"OBJECTID":429,"P_CODE":"CP001642","Governorate":"Idleb/إدلب","District":"Harim/حارم","Subdistrict":"Dana/دانا","Community":"Dana (Dana)/الدانا - دانا","Site_name":"AlFares / الفارس","Site_type":"SC","Category":"Stress","Total_IDPs":868,"Latitude":36.2186333,"Longitude":36.731233510000003}},{"type":"Feature","id":430,"geometry":{"type":"Point","coordinates":[298106.66260000039,4007448.6572999991]},"properties":{"OBJECTID":430,"P_CODE":"CP001360","Governorate":"Idleb/إدلب","District":"Harim/حارم","Subdistrict":"Dana/دانا","Community":"Bab El Hawa/باب الهوى - دانا","Site_name":"Basames / بسامس","Site_type":"SC","Category":"Stress","Total_IDPs":868,"Latitude":36.190807,"Longitude":36.754671000000002}},{"type":"Feature","id":431,"geometry":{"type":"Point","coordinates":[295527.3415000001,4010971.3696999997]},"properties":{"OBJECTID":431,"P_CODE":"CP000875","Governorate":"Idleb/إدلب","District":"Harim/حارم","Subdistrict":"Dana/دانا","Community":"Bab El Hawa/باب الهوى - دانا","Site_name":"Muhajari Kansafar / مهجري كنصفرة","Site_type":"SC","Category":"Stress","Total_IDPs":868,"Latitude":36.222000000000001,"Longitude":36.725087000000002}},{"type":"Feature","id":432,"geometry":{"type":"Point","coordinates":[297314.18510000035,4004394.8625000007]},"properties":{"OBJECTID":432,"P_CODE":"CP000733","Governorate":"Idleb/إدلب","District":"Harim/حارم","Subdistrict":"Dana/دانا","Community":"Sarmada/سرمدا","Site_name":"Jabal Al-Hos / جبل الحص","Site_type":"SC","Category":"Stress","Total_IDPs":868,"Latitude":36.163130719999998,"Longitude":36.746651989999997}},{"type":"Feature","id":433,"geometry":{"type":"Point","coordinates":[297509.02269999962,4004253.5744000003]},"properties":{"OBJECTID":433,"P_CODE":"CP000445","Governorate":"Idleb/إدلب","District":"Harim/حارم","Subdistrict":"Dana/دانا","Community":"Sarmada/سرمدا","Site_name":"Ghetaa Al Rahma2 (Al Kamouneh) / غطاء الرحمة2 (الكمونة)","Site_type":"SC","Category":"Stress","Total_IDPs":868,"Latitude":36.161898630000003,"Longitude":36.748852990000003}},{"type":"Feature","id":434,"geometry":{"type":"Point","coordinates":[295772.0904000001,4005963.1682999991]},"properties":{"OBJECTID":434,"P_CODE":"CP000664","Governorate":"Idleb/إدلب","District":"Harim/حارم","Subdistrict":"Dana/دانا","Community":"Sarmada/سرمدا","Site_name":"Sinjar Kahrabaa / سنجار الكهرباء","Site_type":"SC","Category":"Stress","Total_IDPs":868,"Latitude":36.176935149999998,"Longitude":36.729112149999999}},{"type":"Feature","id":435,"geometry":{"type":"Point","coordinates":[294723.2536000004,4006110.8161999993]},"properties":{"OBJECTID":435,"P_CODE":"CP001911","Governorate":"Idleb/إدلب","District":"Harim/حارم","Subdistrict":"Dana/دانا","Community":"Sarmada/سرمدا","Site_name":"Tajamuaa Al Sahara / تجمع السحارة","Site_type":"SC","Category":"Stress","Total_IDPs":868,"Latitude":36.178043500000001,"Longitude":36.717419450000001}},{"type":"Feature","id":436,"geometry":{"type":"Point","coordinates":[295241.97460000031,4003965.7237999998]},"properties":{"OBJECTID":436,"P_CODE":"CP001918","Governorate":"Aleppo/حلب","District":"Jebel Saman/جبل سمعان","Subdistrict":"Atareb/أتارب","Community":"Batbu/باتبو","Site_name":"Al Jirf / الجرف","Site_type":"SC","Category":"Stress","Total_IDPs":952,"Latitude":36.158829130000001,"Longitude":36.723742420000001}},{"type":"Feature","id":437,"geometry":{"type":"Point","coordinates":[299317.89479999989,4014930.5300999992]},"properties":{"OBJECTID":437,"P_CODE":"CP000443","Governorate":"Idleb/إدلب","District":"Harim/حارم","Subdistrict":"Dana/دانا","Community":"Mashhad Ruhin/مشهد روحين - دانا","Site_name":"Al Hadaba Al Khadra / الهضبة الخضراء","Site_type":"SC","Category":"Stress","Total_IDPs":868,"Latitude":36.25846112,"Longitude":36.766215559999999}},{"type":"Feature","id":438,"geometry":{"type":"Point","coordinates":[297180.37770000007,4010246.3297000006]},"properties":{"OBJECTID":438,"P_CODE":"CP000534","Governorate":"Idleb/إدلب","District":"Harim/حارم","Subdistrict":"Dana/دانا","Community":"Deir Hassan - Darhashan/دير حسان_درحشان","Site_name":"Wadi Alazeeb / وادي العذيب","Site_type":"SC","Category":"Stress","Total_IDPs":868,"Latitude":36.21581656,"Longitude":36.743653039999998}},{"type":"Feature","id":439,"geometry":{"type":"Point","coordinates":[299743.84049999993,4011121.7241999991]},"properties":{"OBJECTID":439,"P_CODE":"CP001548","Governorate":"Idleb/إدلب","District":"Harim/حارم","Subdistrict":"Dana/دانا","Community":"Dana (Dana)/الدانا - دانا","Site_name":"Her Alsapy / حير الصبي","Site_type":"SC","Category":"Stress","Total_IDPs":868,"Latitude":36.224237000000002,"Longitude":36.771928000000003}},{"type":"Feature","id":440,"geometry":{"type":"Point","coordinates":[286652.41390000004,4000448.4726999998]},"properties":{"OBJECTID":440,"P_CODE":"CP001795","Governorate":"Idleb/إدلب","District":"Harim/حارم","Subdistrict":"Qourqeena/قورقينا","Community":"Qourqeena/قورقانيا","Site_name":"Sayar / السيار","Site_type":"SC","Category":"Stress","Total_IDPs":249,"Latitude":36.125292999999999,"Longitude":36.629280000000001}},{"type":"Feature","id":441,"geometry":{"type":"Point","coordinates":[298452.55319999997,4014942.6417999994]},"properties":{"OBJECTID":441,"P_CODE":"CP002209","Governorate":"Idleb/إدلب","District":"Harim/حارم","Subdistrict":"Dana/دانا","Community":"Mashhad Ruhin/مشهد روحين - دانا","Site_name":"Al Amjad / الامجاد","Site_type":"SC","Category":"Stress","Total_IDPs":868,"Latitude":36.258389999999999,"Longitude":36.756587000000003}},{"type":"Feature","id":442,"geometry":{"type":"Point","coordinates":[299399.26439999975,4015708.7762000002]},"properties":{"OBJECTID":442,"P_CODE":"CP002080","Governorate":"Idleb/إدلب","District":"Harim/حارم","Subdistrict":"Dana/دانا","Community":"Mashhad Ruhin/مشهد روحين - دانا","Site_name":"Denise Fenry / دينيز فنري","Site_type":"PC","Category":"Stress","Total_IDPs":868,"Latitude":36.265489000000002,"Longitude":36.766921000000004}},{"type":"Feature","id":443,"geometry":{"type":"Point","coordinates":[293705.9319000002,4031153.4736000001]},"properties":{"OBJECTID":443,"P_CODE":"CP002433","Governorate":"Aleppo/حلب","District":"Afrin/عفرين","Subdistrict":"Jandairis/جنديرس","Community":"Jandairis/جنديرس","Site_name":"kafr Obed/ كفرعبيد","Site_type":"SC","Category":"Stress","Total_IDPs":402,"Latitude":36.403417599999997,"Longitude":36.699499099999997}},{"type":"Feature","id":444,"geometry":{"type":"Point","coordinates":[293431.60020000022,4032892.4542999994]},"properties":{"OBJECTID":444,"P_CODE":"CP002429","Governorate":"Aleppo/حلب","District":"Afrin/عفرين","Subdistrict":"Jandairis/جنديرس","Community":"Zanda/زندة","Site_name":"تآلف الخير / Taloof_Alkhir","Site_type":"SC","Category":"Stress","Total_IDPs":402,"Latitude":36.419023410000001,"Longitude":36.695979309999998}},{"type":"Feature","id":445,"geometry":{"type":"Point","coordinates":[290955.11129999999,4032885.4545000009]},"properties":{"OBJECTID":445,"P_CODE":"CP002416","Governorate":"Aleppo/حلب","District":"Afrin/عفرين","Subdistrict":"Jandairis/جنديرس","Community":"Jandairis/جنديرس","Site_name":"Karam / كرم","Site_type":"SC","Category":"Stress","Total_IDPs":402,"Latitude":36.418424299999998,"Longitude":36.6683795}},{"type":"Feature","id":446,"geometry":{"type":"Point","coordinates":[294979.05489999987,3999874.4539999999]},"properties":{"OBJECTID":446,"P_CODE":"CP000969","Governorate":"Idleb/إدلب","District":"Idleb/مركز إدلب","Subdistrict":"Maaret Tamsrin/معرة تمصرين","Community":"Kelly/كللي","Site_name":"Al Saleem / السليم","Site_type":"SC","Category":"Stress","Total_IDPs":601,"Latitude":36.121917000000003,"Longitude":36.721888}},{"type":"Feature","id":447,"geometry":{"type":"Point","coordinates":[294629.44010000024,3999625.2824000008]},"properties":{"OBJECTID":447,"P_CODE":"CP000582","Governorate":"Idleb/إدلب","District":"Idleb/مركز إدلب","Subdistrict":"Maaret Tamsrin/معرة تمصرين","Community":"Kelly/كللي","Site_name":"Ehsan(Kelly) / إحسان(كللي)","Site_type":"SC","Category":"Stress","Total_IDPs":601,"Latitude":36.11959839,"Longitude":36.71807098}},{"type":"Feature","id":448,"geometry":{"type":"Point","coordinates":[294317.74309999961,3999797.9642999992]},"properties":{"OBJECTID":448,"P_CODE":"CP000598","Governorate":"Idleb/إدلب","District":"Idleb/مركز إدلب","Subdistrict":"Maaret Tamsrin/معرة تمصرين","Community":"Kelly/كللي","Site_name":"Tawhid(Kelly) / التوحيد(كللي)","Site_type":"SC","Category":"Stress","Total_IDPs":601,"Latitude":36.121088,"Longitude":36.714565}},{"type":"Feature","id":449,"geometry":{"type":"Point","coordinates":[293944.18719999958,3999597.4984000009]},"properties":{"OBJECTID":449,"P_CODE":"CP000975","Governorate":"Idleb/إدلب","District":"Idleb/مركز إدلب","Subdistrict":"Maaret Tamsrin/معرة تمصرين","Community":"Kelly/كللي","Site_name":"Tajmae 'Ahl mork / تجمع أهل مورك","Site_type":"SC","Category":"Stress","Total_IDPs":601,"Latitude":36.119202850000001,"Longitude":36.710469680000003}},{"type":"Feature","id":450,"geometry":{"type":"Point","coordinates":[293443.30800000019,3999214.1356000006]},"properties":{"OBJECTID":450,"P_CODE":"CP000973","Governorate":"Idleb/إدلب","District":"Idleb/مركز إدلب","Subdistrict":"Maaret Tamsrin/معرة تمصرين","Community":"Kelly/كللي","Site_name":"BeneKhuzaa / بني خزاعة","Site_type":"SC","Category":"Stress","Total_IDPs":601,"Latitude":36.11564285,"Longitude":36.70500887}},{"type":"Feature","id":451,"geometry":{"type":"Point","coordinates":[296856.10099999979,4002644.8417000007]},"properties":{"OBJECTID":451,"P_CODE":"CP002190","Governorate":"Aleppo/حلب","District":"Jebel Saman/جبل سمعان","Subdistrict":"Atareb/أتارب","Community":"Batbu/باتبو","Site_name":"Dar Alkiram(Batbu) / دار الكرام(باتبو)","Site_type":"PC","Category":"Stress","Total_IDPs":952,"Latitude":36.147269399999999,"Longitude":36.742015100000003}},{"type":"Feature","id":452,"geometry":{"type":"Point","coordinates":[296668.91009999998,4002925.1754999999]},"properties":{"OBJECTID":452,"P_CODE":"CP002138","Governorate":"Aleppo/حلب","District":"Jebel Saman/جبل سمعان","Subdistrict":"Atareb/أتارب","Community":"Batbu/باتبو","Site_name":"Borj3 / برج3","Site_type":"SC","Category":"Stress","Total_IDPs":952,"Latitude":36.149755599999999,"Longitude":36.739863399999997}},{"type":"Feature","id":453,"geometry":{"type":"Point","coordinates":[296471.17939999979,4003230.5615999997]},"properties":{"OBJECTID":453,"P_CODE":"CP001782","Governorate":"Aleppo/حلب","District":"Jebel Saman/جبل سمعان","Subdistrict":"Atareb/أتارب","Community":"Batbu/باتبو","Site_name":"Al Salam(Batbu) / السلام(باتبو )","Site_type":"SC","Category":"Stress","Total_IDPs":952,"Latitude":36.152465229999997,"Longitude":36.737588000000002}},{"type":"Feature","id":454,"geometry":{"type":"Point","coordinates":[296436.05470000021,4003602.1645999998]},"properties":{"OBJECTID":454,"P_CODE":"CP002227","Governorate":"Aleppo/حلب","District":"Jebel Saman/جبل سمعان","Subdistrict":"Atareb/أتارب","Community":"Babka/بابكة","Site_name":"Dar Alkhair( Babka) / دار الخير(بابكة)","Site_type":"PC","Category":"Stress","Total_IDPs":952,"Latitude":36.1558055,"Longitude":36.737101600000003}},{"type":"Feature","id":455,"geometry":{"type":"Point","coordinates":[297356.00169999991,4003175.3255000003]},"properties":{"OBJECTID":455,"P_CODE":"CP002258","Governorate":"Aleppo/حلب","District":"Jebel Saman/جبل سمعان","Subdistrict":"Atareb/أتارب","Community":"Babka/بابكة","Site_name":"Tweem kamoona  / تويم كمونة ","Site_type":"SC","Category":"Stress","Total_IDPs":952,"Latitude":36.152152999999998,"Longitude":36.747430999999999}},{"type":"Feature","id":456,"geometry":{"type":"Point","coordinates":[297770.93259999994,4003599.5072000008]},"properties":{"OBJECTID":456,"P_CODE":"CP001246","Governorate":"Aleppo/حلب","District":"Jebel Saman/جبل سمعان","Subdistrict":"Atareb/أتارب","Community":"Babka/بابكة","Site_name":"Muhajaree Khan AlAsal / مهجري خان العسل","Site_type":"PC","Category":"Stress","Total_IDPs":952,"Latitude":36.156061000000001,"Longitude":36.751930999999999}},{"type":"Feature","id":457,"geometry":{"type":"Point","coordinates":[295790.27049999963,4013529.4957999997]},"properties":{"OBJECTID":457,"P_CODE":"CP000504","Governorate":"Idleb/إدلب","District":"Harim/حارم","Subdistrict":"Dana/دانا","Community":"Bab El Hawa/باب الهوى - دانا","Site_name":"Nahn Omaa / نحن أمة","Site_type":"SC","Category":"Stress","Total_IDPs":868,"Latitude":36.245100399999998,"Longitude":36.727343050000002}},{"type":"Feature","id":458,"geometry":{"type":"Point","coordinates":[295815.88460000046,4013779.477]},"properties":{"OBJECTID":458,"P_CODE":"CP001377","Governorate":"Idleb/إدلب","District":"Harim/حارم","Subdistrict":"Dana/دانا","Community":"Deir Hassan - Darhashan/دير حسان_درحشان","Site_name":"Bashaar Al Odeh / بشائر العودة","Site_type":"PC","Category":"Stress","Total_IDPs":868,"Latitude":36.24735776,"Longitude":36.727562679999998}},{"type":"Feature","id":459,"geometry":{"type":"Point","coordinates":[293031.17650000006,4016761.1958000008]},"properties":{"OBJECTID":459,"P_CODE":"CP001357","Governorate":"Idleb/إدلب","District":"Harim/حارم","Subdistrict":"Dana/دانا","Community":"Aqrabat (Dana)/عقربات - دانا","Site_name":"Tajmuoa Gabal Alzawya / تجمع جبل الزاوية","Site_type":"SC","Category":"Stress","Total_IDPs":868,"Latitude":36.273625209999999,"Longitude":36.695803939999998}},{"type":"Feature","id":460,"geometry":{"type":"Point","coordinates":[295827.71270000003,4013520.9879000001]},"properties":{"OBJECTID":460,"P_CODE":"CP001714","Governorate":"Idleb/إدلب","District":"Harim/حارم","Subdistrict":"Dana/دانا","Community":"Bab El Hawa/باب الهوى - دانا","Site_name":"Nahn Maeaan / نحن معا","Site_type":"SC","Category":"Stress","Total_IDPs":868,"Latitude":36.245031670000003,"Longitude":36.72776167}},{"type":"Feature","id":461,"geometry":{"type":"Point","coordinates":[296330.97240000032,4013753.4464999996]},"properties":{"OBJECTID":461,"P_CODE":"CP001885","Governorate":"Idleb/إدلب","District":"Harim/حارم","Subdistrict":"Dana/دانا","Community":"Deir Hassan - Darhashan/دير حسان_درحشان","Site_name":"Al-Latamneh / اللطامنة","Site_type":"SC","Category":"Stress","Total_IDPs":868,"Latitude":36.247231999999997,"Longitude":36.733297999999998}},{"type":"Feature","id":462,"geometry":{"type":"Point","coordinates":[294310.80350000039,4018741.5423000008]},"properties":{"OBJECTID":462,"P_CODE":"CP000179","Governorate":"Idleb/إدلب","District":"Harim/حارم","Subdistrict":"Dana/دانا","Community":"Qah/قاح - دانا","Site_name":"Madenh Monarh (Hmamiat) / المدينة المنورة","Site_type":"SC","Category":"Stress","Total_IDPs":868,"Latitude":36.291738330000001,"Longitude":36.709518330000002}},{"type":"Feature","id":463,"geometry":{"type":"Point","coordinates":[296278.34399999958,4018762.9732000008]},"properties":{"OBJECTID":463,"P_CODE":"CP001329","Governorate":"Idleb/إدلب","District":"Harim/حارم","Subdistrict":"Dana/دانا","Community":"Qah/قاح - دانا","Site_name":"Umm Al Qura / أم القرى","Site_type":"SC","Category":"Stress","Total_IDPs":868,"Latitude":36.292349000000002,"Longitude":36.731406999999997}},{"type":"Feature","id":464,"geometry":{"type":"Point","coordinates":[296169.45320000034,4018456.2873999998]},"properties":{"OBJECTID":464,"P_CODE":"CP000386","Governorate":"Idleb/إدلب","District":"Harim/حارم","Subdistrict":"Dana/دانا","Community":"Qah/قاح - دانا","Site_name":"Al Mutahaboun Bellah (and extension) / المتحابون بالله (والتوسع )","Site_type":"SC","Category":"Stress","Total_IDPs":868,"Latitude":36.28956324,"Longitude":36.730275339999999}},{"type":"Feature","id":465,"geometry":{"type":"Point","coordinates":[296341.56199999992,4018180.9268999994]},"properties":{"OBJECTID":465,"P_CODE":"CP001676","Governorate":"Idleb/إدلب","District":"Harim/حارم","Subdistrict":"Dana/دانا","Community":"Qah/قاح - دانا","Site_name":"Al Abdullah(Qah) / العبدلله(قاح)","Site_type":"SC","Category":"Stress","Total_IDPs":868,"Latitude":36.287119029999999,"Longitude":36.732262290000001}},{"type":"Feature","id":466,"geometry":{"type":"Point","coordinates":[345545.38049999997,4045073.5325000007]},"properties":{"OBJECTID":466,"P_CODE":"CP000884","Governorate":"Aleppo/حلب","District":"Azaz/اعزاز","Subdistrict":"Aghtrin/اخترين","Community":"Dabeq/دابق - اخترين","Site_name":"Dabeq / دابق","Site_type":"SC","Category":"Stress","Total_IDPs":538,"Latitude":36.538589999999999,"Longitude":37.274535}},{"type":"Feature","id":467,"geometry":{"type":"Point","coordinates":[290539.69180000015,4021051.0048999991]},"properties":{"OBJECTID":467,"P_CODE":"CP000843","Governorate":"Idleb/إدلب","District":"Harim/حارم","Subdistrict":"Dana/دانا","Community":"Atma/اطمه","Site_name":"Al Ekhlas Lellah / الإخلاص لله","Site_type":"SC","Category":"Stress","Total_IDPs":868,"Latitude":36.311730349999998,"Longitude":36.66693583}},{"type":"Feature","id":468,"geometry":{"type":"Point","coordinates":[289758.87530000042,4020176.2938000001]},"properties":{"OBJECTID":468,"P_CODE":"CP000833","Governorate":"Idleb/إدلب","District":"Harim/حارم","Subdistrict":"Dana/دانا","Community":"Atma/اطمه","Site_name":"Al Majed / الماجد","Site_type":"SC","Category":"Stress","Total_IDPs":868,"Latitude":36.303680999999997,"Longitude":36.658481000000002}},{"type":"Feature","id":469,"geometry":{"type":"Point","coordinates":[289563.35709999967,4020495.5304000005]},"properties":{"OBJECTID":469,"P_CODE":"CP000818","Governorate":"Idleb/إدلب","District":"Harim/حارم","Subdistrict":"Dana/دانا","Community":"Atma/اطمه","Site_name":"Yad Bi Yad / يد بيد","Site_type":"SC","Category":"Stress","Total_IDPs":868,"Latitude":36.306514,"Longitude":36.656219}},{"type":"Feature","id":470,"geometry":{"type":"Point","coordinates":[269071.3004999999,4007206.1768999994]},"properties":{"OBJECTID":470,"P_CODE":"CP000075","Governorate":"Idleb/إدلب","District":"Harim/حارم","Subdistrict":"Salqin/سلقين","Community":"Big Hir Jamus/حير جاموس كبير","Site_name":"Samidoon / صامدون","Site_type":"SC","Category":"Stress","Total_IDPs":636,"Latitude":36.182132879999997,"Longitude":36.432103400000003}},{"type":"Feature","id":471,"geometry":{"type":"Point","coordinates":[269221.04519999959,4008713.7610999998]},"properties":{"OBJECTID":471,"P_CODE":"CP000073","Governorate":"Idleb/إدلب","District":"Harim/حارم","Subdistrict":"Salqin/سلقين","Community":"Big Hir Jamus/حير جاموس كبير","Site_name":"Aidoun(Salqin) / عائدون(سلقين)","Site_type":"SC","Category":"Stress","Total_IDPs":636,"Latitude":36.19574677,"Longitude":36.433323719999997}},{"type":"Feature","id":472,"geometry":{"type":"Point","coordinates":[273226.76140000019,4008754.6436999999]},"properties":{"OBJECTID":472,"P_CODE":"CP000450","Governorate":"Idleb/إدلب","District":"Harim/حارم","Subdistrict":"Harim/مركز حارم","Community":"Kafr Hum/كفرحوم","Site_name":"Abna'a Al Ezza / أبناء العزة(تجمع العزة)","Site_type":"SC","Category":"Stress","Total_IDPs":366,"Latitude":36.1970618,"Longitude":36.47782342}},{"type":"Feature","id":473,"geometry":{"type":"Point","coordinates":[367438.04389999993,4039916.1970000006]},"properties":{"OBJECTID":473,"P_CODE":"CP001195","Governorate":"Aleppo/حلب","District":"Al Bab/الباب","Subdistrict":"Al Bab/مركز الباب","Community":"Al Bab/الباب","Site_name":"Qubbet Elsheikh / قبة الشيخ","Site_type":"SC","Category":"Stress","Total_IDPs":1041,"Latitude":36.495398999999999,"Longitude":37.519911}},{"type":"Feature","id":474,"geometry":{"type":"Point","coordinates":[367677.30700000003,4042966.5053000003]},"properties":{"OBJECTID":474,"P_CODE":"CP002257","Governorate":"Aleppo/حلب","District":"Al Bab/الباب","Subdistrict":"Al Bab/مركز الباب","Community":"Shbiran/شابيران","Site_name":"Shbiran/شابيران","Site_type":"PC","Category":"Stress","Total_IDPs":1041,"Latitude":36.522922000000001,"Longitude":37.522058999999999}},{"type":"Feature","id":475,"geometry":{"type":"Point","coordinates":[369665.58019999973,4042314.6054999996]},"properties":{"OBJECTID":475,"P_CODE":"CP000600","Governorate":"Aleppo/حلب","District":"Al Bab/الباب","Subdistrict":"Al Bab/مركز الباب","Community":"Shbiran/شابيران","Site_name":"Tarheen / ترحين","Site_type":"SC","Category":"Stress","Total_IDPs":1041,"Latitude":36.517319999999998,"Longitude":37.544370000000001}},{"type":"Feature","id":476,"geometry":{"type":"Point","coordinates":[326111.73369999975,4050712.3307000007]},"properties":{"OBJECTID":476,"P_CODE":"CP000364","Governorate":"Aleppo/حلب","District":"Azaz/اعزاز","Subdistrict":"Azaz/مركز اعزاز","Community":"Azaz/أعزاز","Site_name":"Azaz Transit-Reception Centre / مخيم ايواء اعزاز المؤقت (الشبيبة)","Site_type":"PC","Category":"Stress","Total_IDPs":3642,"Latitude":36.586056999999997,"Longitude":37.056269}},{"type":"Feature","id":477,"geometry":{"type":"Point","coordinates":[391279.70370000042,4067366.5159000009]},"properties":{"OBJECTID":477,"P_CODE":"CP002242","Governorate":"Aleppo/حلب","District":"Jarablus/جرابلس","Subdistrict":"Jarablus/مركز جرابلس","Community":"Zoghra/زوغرة - مركز جرابلس","Site_name":"Zoghra Aljadid/ زوغرة الجديد","Site_type":"SC","Category":"Stress","Total_IDPs":647,"Latitude":36.745813099999999,"Longitude":37.782163300000001}},{"type":"Feature","id":478,"geometry":{"type":"Point","coordinates":[384582.84869999997,4059280.2190000005]},"properties":{"OBJECTID":478,"P_CODE":"CP002002","Governorate":"Aleppo/حلب","District":"Jarablus/جرابلس","Subdistrict":"Ghandorah/غندورة","Community":"Al Tafiliyah/الطفيلية","Site_name":"Al Tafiliyah / الطفيلية","Site_type":"SC","Category":"Stress","Total_IDPs":551,"Latitude":36.672143490000003,"Longitude":37.708385370000002}},{"type":"Feature","id":479,"geometry":{"type":"Point","coordinates":[388516.78529999964,4064165.7425999995]},"properties":{"OBJECTID":479,"P_CODE":"CP000907","Governorate":"Aleppo/حلب","District":"Jarablus/جرابلس","Subdistrict":"Ghandorah/غندورة","Community":"Ghandorah/الغندورة","Site_name":"Al Matar Al Ziraai / المطار الزراعي","Site_type":"SC","Category":"Stress","Total_IDPs":551,"Latitude":36.716644789999997,"Longitude":37.751688039999998}},{"type":"Feature","id":480,"geometry":{"type":"Point","coordinates":[295737.26319999993,4005264.0786000006]},"properties":{"OBJECTID":480,"P_CODE":"CP001771","Governorate":"Idleb/إدلب","District":"Harim/حارم","Subdistrict":"Dana/دانا","Community":"Sarmada/سرمدا","Site_name":"Alkhair 2(Sarmada) / الخير2(سرمدا)","Site_type":"SC","Category":"Stress","Total_IDPs":868,"Latitude":36.170630000000003,"Longitude":36.728907}},{"type":"Feature","id":481,"geometry":{"type":"Point","coordinates":[293743.4682,4005806.3783999998]},"properties":{"OBJECTID":481,"P_CODE":"CP001639","Governorate":"Idleb/إدلب","District":"Harim/حارم","Subdistrict":"Dana/دانا","Community":"Sarmada/سرمدا","Site_name":"Alpir(Sarmada) / البير(سرمدا)","Site_type":"SC","Category":"Stress","Total_IDPs":868,"Latitude":36.175092820000003,"Longitude":36.706612509999999}},{"type":"Feature","id":482,"geometry":{"type":"Point","coordinates":[292755.10030000005,4006775.5319999997]},"properties":{"OBJECTID":482,"P_CODE":"CP000554","Governorate":"Idleb/إدلب","District":"Harim/حارم","Subdistrict":"Dana/دانا","Community":"Sarmada/سرمدا","Site_name":"Baraem Abi Alfedaa / براعم ابي الفداء","Site_type":"SC","Category":"Stress","Total_IDPs":868,"Latitude":36.183612330000003,"Longitude":36.695374909999998}},{"type":"Feature","id":483,"geometry":{"type":"Point","coordinates":[292213.80080000032,4006682.0394000001]},"properties":{"OBJECTID":483,"P_CODE":"CP000514","Governorate":"Idleb/إدلب","District":"Harim/حارم","Subdistrict":"Dana/دانا","Community":"Sarmada/سرمدا","Site_name":"Al Jabal (Sarmada) / الجبل(سرمدا)","Site_type":"SC","Category":"Stress","Total_IDPs":868,"Latitude":36.182654110000001,"Longitude":36.689384650000001}},{"type":"Feature","id":484,"geometry":{"type":"Point","coordinates":[293424.22400000039,4018816.6020999998]},"properties":{"OBJECTID":484,"P_CODE":"CP000109","Governorate":"Idleb/إدلب","District":"Harim/حارم","Subdistrict":"Dana/دانا","Community":"Atma/اطمه","Site_name":"Al Ataa / عطاء","Site_type":"PC","Category":"Stress","Total_IDPs":868,"Latitude":36.292225000000002,"Longitude":36.699632999999999}},{"type":"Feature","id":485,"geometry":{"type":"Point","coordinates":[290307.90099999961,4021329.8752999995]},"properties":{"OBJECTID":485,"P_CODE":"CP000782","Governorate":"Idleb/إدلب","District":"Harim/حارم","Subdistrict":"Dana/دانا","Community":"Atma/اطمه","Site_name":"Moutawa 1 / مطوع 1","Site_type":"SC","Category":"Stress","Total_IDPs":868,"Latitude":36.314191999999998,"Longitude":36.664281000000003}},{"type":"Feature","id":486,"geometry":{"type":"Point","coordinates":[289943.41650000028,4021397.1912999991]},"properties":{"OBJECTID":486,"P_CODE":"CP000785","Governorate":"Idleb/إدلب","District":"Harim/حارم","Subdistrict":"Dana/دانا","Community":"Atma/اطمه","Site_name":"Moutawa 2 / مطوع 2","Site_type":"SC","Category":"Stress","Total_IDPs":868,"Latitude":36.314718999999997,"Longitude":36.660206000000002}},{"type":"Feature","id":487,"geometry":{"type":"Point","coordinates":[289644.61209999956,4021245.7886999995]},"properties":{"OBJECTID":487,"P_CODE":"CP000799","Governorate":"Idleb/إدلب","District":"Harim/حارم","Subdistrict":"Dana/دانا","Community":"Atma/اطمه","Site_name":"Al Zouhour1 / الزهور 1","Site_type":"SC","Category":"Stress","Total_IDPs":868,"Latitude":36.313290000000002,"Longitude":36.656920999999997}},{"type":"Feature","id":488,"geometry":{"type":"Point","coordinates":[289882.9776999997,4021335.1544000003]},"properties":{"OBJECTID":488,"P_CODE":"CP000789","Governorate":"Idleb/إدلب","District":"Harim/حارم","Subdistrict":"Dana/دانا","Community":"Atma/اطمه","Site_name":"Al Hamza / الحمزة","Site_type":"SC","Category":"Stress","Total_IDPs":868,"Latitude":36.314146999999998,"Longitude":36.659550000000003}},{"type":"Feature","id":489,"geometry":{"type":"Point","coordinates":[289995.05140000023,4021511.2848000005]},"properties":{"OBJECTID":489,"P_CODE":"CP000786","Governorate":"Idleb/إدلب","District":"Harim/حارم","Subdistrict":"Dana/دانا","Community":"Atma/اطمه","Site_name":"Al Ethar / الإيثار","Site_type":"SC","Category":"Stress","Total_IDPs":868,"Latitude":36.315758000000002,"Longitude":36.66075}},{"type":"Feature","id":490,"geometry":{"type":"Point","coordinates":[294910.74590000045,4017571.3585999999]},"properties":{"OBJECTID":490,"P_CODE":"CP000188","Governorate":"Idleb/إدلب","District":"Harim/حارم","Subdistrict":"Dana/دانا","Community":"Qah/قاح - دانا","Site_name":"Al Khalij Al Arabi / الخليج العربي","Site_type":"SC","Category":"Stress","Total_IDPs":868,"Latitude":36.281324689999998,"Longitude":36.716501579999999}},{"type":"Feature","id":491,"geometry":{"type":"Point","coordinates":[294644.62490000017,4017666.5722000003]},"properties":{"OBJECTID":491,"P_CODE":"CP000320","Governorate":"Idleb/إدلب","District":"Harim/حارم","Subdistrict":"Dana/دانا","Community":"Qah/قاح - دانا","Site_name":"Kafr Nabutha Alamal / كفر نبوذه الامل","Site_type":"SC","Category":"Stress","Total_IDPs":868,"Latitude":36.282125800000003,"Longitude":36.713515639999997}},{"type":"Feature","id":492,"geometry":{"type":"Point","coordinates":[294752.1484000003,4017616.5551999994]},"properties":{"OBJECTID":492,"P_CODE":"CP000322","Governorate":"Idleb/إدلب","District":"Harim/حارم","Subdistrict":"Dana/دانا","Community":"Qah/قاح - دانا","Site_name":"Muhajreen Al Gab / مهاجرين الغاب","Site_type":"SC","Category":"Stress","Total_IDPs":868,"Latitude":36.281698110000001,"Longitude":36.714725119999997}},{"type":"Feature","id":493,"geometry":{"type":"Point","coordinates":[294485.96640000027,4017773.5338000003]},"properties":{"OBJECTID":493,"P_CODE":"CP000869","Governorate":"Idleb/إدلب","District":"Harim/حارم","Subdistrict":"Dana/دانا","Community":"Qah/قاح - دانا","Site_name":"Kafrnodeh Alawal / كفرنبوذة الأول","Site_type":"SC","Category":"Stress","Total_IDPs":868,"Latitude":36.283055560000001,"Longitude":36.711722219999999}},{"type":"Feature","id":494,"geometry":{"type":"Point","coordinates":[294361.15620000008,4017746.7302000001]},"properties":{"OBJECTID":494,"P_CODE":"CP001188","Governorate":"Idleb/إدلب","District":"Harim/حارم","Subdistrict":"Dana/دانا","Community":"Qah/قاح - دانا","Site_name":"Ahel Alkhier / اهل الخير","Site_type":"SC","Category":"Stress","Total_IDPs":868,"Latitude":36.282787509999999,"Longitude":36.710340590000001}},{"type":"Feature","id":495,"geometry":{"type":"Point","coordinates":[296477.60419999994,4012331.0921999998]},"properties":{"OBJECTID":495,"P_CODE":"CP002097","Governorate":"Idleb/إدلب","District":"Harim/حارم","Subdistrict":"Dana/دانا","Community":"Bab El Hawa/باب الهوى - دانا","Site_name":"Al Refi / الريفي","Site_type":"PC","Category":"Stress","Total_IDPs":868,"Latitude":36.234449599999998,"Longitude":36.7352986}},{"type":"Feature","id":496,"geometry":{"type":"Point","coordinates":[296330.95669999998,4012233.1619000006]},"properties":{"OBJECTID":496,"P_CODE":"CP002099","Governorate":"Idleb/إدلب","District":"Harim/حارم","Subdistrict":"Dana/دانا","Community":"Bab El Hawa/باب الهوى - دانا","Site_name":"AlHayat Aljadida / الحياه الجديده","Site_type":"PC","Category":"Stress","Total_IDPs":868,"Latitude":36.2335365,"Longitude":36.7336934}},{"type":"Feature","id":497,"geometry":{"type":"Point","coordinates":[296425.04440000001,4011940.1038000006]},"properties":{"OBJECTID":497,"P_CODE":"CP002100","Governorate":"Idleb/إدلب","District":"Harim/حارم","Subdistrict":"Dana/دانا","Community":"Bab El Hawa/باب الهوى - دانا","Site_name":"Alrayan Kfrlosin / الريان كفرلوسين","Site_type":"PC","Category":"Stress","Total_IDPs":868,"Latitude":36.230916299999997,"Longitude":36.7348158}},{"type":"Feature","id":498,"geometry":null,"properties":{"OBJECTID":498,"Shape":null,"P_CODE":"CP003039","Governorate":"As-Sweida/السويداء","District":"As-Sweida/مركز السويداء","Subdistrict":"As-Sweida/مركز السويداء","Community":"Rassas/رساس","Site_name":"Agricultural Extension","Site_type":"CC","Category":"Stress","Total_IDPs":72,"Latitude":null,"Longitude":null}},{"type":"Feature","id":499,"geometry":null,"properties":{"OBJECTID":499,"Shape":null,"P_CODE":"CP003073","Governorate":"As-Sweida/السويداء","District":"As-Sweida/مركز السويداء","Subdistrict":"As-Sweida/مركز السويداء","Community":"Rassas/رساس","Site_name":"Afforestation Center التجشير","Site_type":"CC","Category":"Stress","Total_IDPs":72,"Latitude":null,"Longitude":null}},{"type":"Feature","id":500,"geometry":{"type":"Point","coordinates":[361573.33729999978,4034891.8849999998]},"properties":{"OBJECTID":500,"P_CODE":"CP001914","Governorate":"Aleppo/حلب","District":"Al Bab/الباب","Subdistrict":"Al Bab/مركز الباب","Community":"Hadath (Al Bab)/حدث","Site_name":"Al Katari Village / القرية القطرية","Site_type":"PC","Category":"Stress","Total_IDPs":1041,"Latitude":36.449289999999998,"Longitude":37.455350000000003}},{"type":"Feature","id":501,"geometry":{"type":"Point","coordinates":[294398.91679999977,4018143.8132000007]},"properties":{"OBJECTID":501,"P_CODE":"CP000303","Governorate":"Idleb/إدلب","District":"Harim/حارم","Subdistrict":"Dana/دانا","Community":"Qah/قاح - دانا","Site_name":"Al Ikhlas wa Al Taqua / الاخلاص والتقوى","Site_type":"SC","Category":"Stress","Total_IDPs":868,"Latitude":36.2863726,"Longitude":36.710656200000003}},{"type":"Feature","id":502,"geometry":{"type":"Point","coordinates":[294452.40689999983,4018211.7394999992]},"properties":{"OBJECTID":502,"P_CODE":"CP000268","Governorate":"Idleb/إدلب","District":"Harim/حارم","Subdistrict":"Dana/دانا","Community":"Qah/قاح - دانا","Site_name":"Al Shrouk / الشروق","Site_type":"SC","Category":"Stress","Total_IDPs":868,"Latitude":36.286995900000001,"Longitude":36.711233499999999}},{"type":"Feature","id":503,"geometry":{"type":"Point","coordinates":[294412.0429999996,4018052.4644000009]},"properties":{"OBJECTID":503,"P_CODE":"CP000256","Governorate":"Idleb/إدلب","District":"Harim/حارم","Subdistrict":"Dana/دانا","Community":"Qah/قاح - دانا","Site_name":"Al Hurriya wa Adalah / الحرية والعدالة","Site_type":"SC","Category":"Stress","Total_IDPs":868,"Latitude":36.285552500000001,"Longitude":36.710826300000001}},{"type":"Feature","id":504,"geometry":{"type":"Point","coordinates":[290990.3032999998,4021999.4749999996]},"properties":{"OBJECTID":504,"P_CODE":"CP000831","Governorate":"Idleb/إدلب","District":"Harim/حارم","Subdistrict":"Dana/دانا","Community":"Atma/اطمه","Site_name":"Kafr Sejna / كفر سجنة","Site_type":"SC","Category":"Stress","Total_IDPs":868,"Latitude":36.320371999999999,"Longitude":36.671697000000002}},{"type":"Feature","id":505,"geometry":{"type":"Point","coordinates":[290750.33930000011,4021555.5449999999]},"properties":{"OBJECTID":505,"P_CODE":"CP000841","Governorate":"Idleb/إدلب","District":"Harim/حارم","Subdistrict":"Dana/دانا","Community":"Atma/اطمه","Site_name":"Al Rahil / الرحيل","Site_type":"SC","Category":"Stress","Total_IDPs":868,"Latitude":36.316321000000002,"Longitude":36.669145}},{"type":"Feature","id":506,"geometry":{"type":"Point","coordinates":[290434.16249999963,4021651.2059000004]},"properties":{"OBJECTID":506,"P_CODE":"CP000830","Governorate":"Idleb/إدلب","District":"Harim/حارم","Subdistrict":"Dana/دانا","Community":"Atma/اطمه","Site_name":"Shohadaa Al Latamna / شهداء اللطامنة","Site_type":"SC","Category":"Stress","Total_IDPs":868,"Latitude":36.317113999999997,"Longitude":36.665599999999998}},{"type":"Feature","id":507,"geometry":{"type":"Point","coordinates":[290419.26020000037,4022079.5206000004]},"properties":{"OBJECTID":507,"P_CODE":"CP000770","Governorate":"Idleb/إدلب","District":"Harim/حارم","Subdistrict":"Dana/دانا","Community":"Atma/اطمه","Site_name":"Qafelat Al Rahma / قافلة الرحمة","Site_type":"SC","Category":"Stress","Total_IDPs":868,"Latitude":36.320968999999998,"Longitude":36.665318999999997}},{"type":"Feature","id":508,"geometry":{"type":"Point","coordinates":[289340.16199999955,4021176.9047999997]},"properties":{"OBJECTID":508,"P_CODE":"CP000817","Governorate":"Idleb/إدلب","District":"Harim/حارم","Subdistrict":"Dana/دانا","Community":"Atma/اطمه","Site_name":"Al Zakat / الزكاة","Site_type":"SC","Category":"Stress","Total_IDPs":868,"Latitude":36.312603000000003,"Longitude":36.653551}},{"type":"Feature","id":509,"geometry":{"type":"Point","coordinates":[289452.11359999981,4021240.0199999996]},"properties":{"OBJECTID":509,"P_CODE":"CP000802","Governorate":"Idleb/إدلب","District":"Harim/حارم","Subdistrict":"Dana/دانا","Community":"Atma/اطمه","Site_name":"Reef Hama Al Shamali / ريف حماة الشمالي","Site_type":"SC","Category":"Stress","Total_IDPs":868,"Latitude":36.313195999999998,"Longitude":36.654780000000002}},{"type":"Feature","id":510,"geometry":{"type":"Point","coordinates":[290667.12590000033,4022493.2778999992]},"properties":{"OBJECTID":510,"P_CODE":"CP000773","Governorate":"Idleb/إدلب","District":"Harim/حارم","Subdistrict":"Dana/دانا","Community":"Atma/اطمه","Site_name":"Saadona / ساعدونا","Site_type":"SC","Category":"Stress","Total_IDPs":868,"Latitude":36.324750000000002,"Longitude":36.667966999999997}},{"type":"Feature","id":511,"geometry":{"type":"Point","coordinates":[290153.62889999989,4022102.3693000004]},"properties":{"OBJECTID":511,"P_CODE":"CP000772","Governorate":"Idleb/إدلب","District":"Harim/حارم","Subdistrict":"Dana/دانا","Community":"Atma/اطمه","Site_name":"Al Nada / الندى","Site_type":"SC","Category":"Stress","Total_IDPs":868,"Latitude":36.321117000000001,"Longitude":36.662356000000003}},{"type":"Feature","id":512,"geometry":{"type":"Point","coordinates":[289666.80179999955,4021171.5381000005]},"properties":{"OBJECTID":512,"P_CODE":"CP000801","Governorate":"Idleb/إدلب","District":"Harim/حارم","Subdistrict":"Dana/دانا","Community":"Atma/اطمه","Site_name":"Al Zouhour2 / الزهور 2","Site_type":"SC","Category":"Stress","Total_IDPs":868,"Latitude":36.312626000000002,"Longitude":36.657187999999998}},{"type":"Feature","id":513,"geometry":{"type":"Point","coordinates":[290007.76860000007,4022107.4516000003]},"properties":{"OBJECTID":513,"P_CODE":"CP000755","Governorate":"Idleb/إدلب","District":"Harim/حارم","Subdistrict":"Dana/دانا","Community":"Atma/اطمه","Site_name":"Al Wahdah / الوحدة","Site_type":"SC","Category":"Stress","Total_IDPs":868,"Latitude":36.321131000000001,"Longitude":36.660730999999998}},{"type":"Feature","id":514,"geometry":{"type":"Point","coordinates":[294792.79860000033,4017653.3414999992]},"properties":{"OBJECTID":514,"P_CODE":"CP000187","Governorate":"Idleb/إدلب","District":"Harim/حارم","Subdistrict":"Dana/دانا","Community":"Qah/قاح - دانا","Site_name":"Al Jolan / الجولان","Site_type":"SC","Category":"Stress","Total_IDPs":868,"Latitude":36.282038139999997,"Longitude":36.715167739999998}},{"type":"Feature","id":515,"geometry":{"type":"Point","coordinates":[296258.60390000045,4016682.4967999998]},"properties":{"OBJECTID":515,"P_CODE":"CP002354","Governorate":"Idleb/إدلب","District":"Harim/حارم","Subdistrict":"Dana/دانا","Community":"Mashhad Ruhin/مشهد روحين - دانا","Site_name":"Al akram/ الاكرام","Site_type":"SC","Category":"Stress","Total_IDPs":868,"Latitude":36.273603000000001,"Longitude":36.731729999999999}},{"type":"Feature","id":516,"geometry":{"type":"Point","coordinates":[295938.59210000001,4017863.0616999995]},"properties":{"OBJECTID":516,"P_CODE":"CP000265","Governorate":"Idleb/إدلب","District":"Harim/حارم","Subdistrict":"Dana/دانا","Community":"Qah/قاح - دانا","Site_name":"Al Ahd Billah / العهد بالله","Site_type":"SC","Category":"Stress","Total_IDPs":868,"Latitude":36.284170410000002,"Longitude":36.727861449999999}},{"type":"Feature","id":517,"geometry":{"type":"Point","coordinates":[247371.11319999956,3981060.1607000008]},"properties":{"OBJECTID":517,"P_CODE":"CP000300","Governorate":"Idleb/إدلب","District":"Jisr-Ash-Shugur/جسر الشغور","Subdistrict":"Janudiyeh/الجانودية","Community":"Foz - Zuf/الفوز_الزوف","Site_name":"Az-Zawf 2 (Sadaka Tashi) / الزواف 2 ( صدقة )","Site_type":"SC","Category":"Stress","Total_IDPs":376,"Latitude":35.941270320000001,"Longitude":36.199412180000003}},{"type":"Feature","id":518,"geometry":{"type":"Point","coordinates":[247253.76009999961,3980952.8897999991]},"properties":{"OBJECTID":518,"P_CODE":"CP000330","Governorate":"Idleb/إدلب","District":"Jisr-Ash-Shugur/جسر الشغور","Subdistrict":"Janudiyeh/الجانودية","Community":"Foz - Zuf/الفوز_الزوف","Site_name":"Az-Zawf 1 (Sham) / الزواف 1 ( الشام)","Site_type":"SC","Category":"Stress","Total_IDPs":376,"Latitude":35.94027397,"Longitude":36.198146749999999}},{"type":"Feature","id":519,"geometry":{"type":"Point","coordinates":[290321.83939999994,4021207.6465000007]},"properties":{"OBJECTID":519,"P_CODE":"CP000797","Governorate":"Idleb/إدلب","District":"Harim/حارم","Subdistrict":"Dana/دانا","Community":"Atma/اطمه","Site_name":"Yosuf and Noura / يوسف ونورا","Site_type":"SC","Category":"Stress","Total_IDPs":868,"Latitude":36.313094,"Longitude":36.664468999999997}},{"type":"Feature","id":520,"geometry":{"type":"Point","coordinates":[289937.17879999988,4021143.1218999997]},"properties":{"OBJECTID":520,"P_CODE":"CP000805","Governorate":"Idleb/إدلب","District":"Harim/حارم","Subdistrict":"Dana/دانا","Community":"Atma/اطمه","Site_name":"Al Majed Sector 2 / المجد 2","Site_type":"SC","Category":"Stress","Total_IDPs":868,"Latitude":36.312429000000002,"Longitude":36.660204999999998}},{"type":"Feature","id":521,"geometry":{"type":"Point","coordinates":[290312.89070000034,4020913.3965000007]},"properties":{"OBJECTID":521,"P_CODE":"CP000798","Governorate":"Idleb/إدلب","District":"Harim/حارم","Subdistrict":"Dana/دانا","Community":"Atma/اطمه","Site_name":"Al Majed Sector 1 / المجد 1","Site_type":"SC","Category":"Stress","Total_IDPs":868,"Latitude":36.31044146,"Longitude":36.664448499999999}},{"type":"Feature","id":522,"geometry":{"type":"Point","coordinates":[289631.06620000023,4020631.1022999994]},"properties":{"OBJECTID":522,"P_CODE":"CP000815","Governorate":"Idleb/إدلب","District":"Harim/حارم","Subdistrict":"Dana/دانا","Community":"Atma/اطمه","Site_name":"Al Amana / الأمانة","Site_type":"SC","Category":"Stress","Total_IDPs":868,"Latitude":36.307749999999999,"Longitude":36.656936000000002}},{"type":"Feature","id":523,"geometry":{"type":"Point","coordinates":[289478.15220000036,4020761.0953000002]},"properties":{"OBJECTID":523,"P_CODE":"CP000812","Governorate":"Idleb/إدلب","District":"Harim/حارم","Subdistrict":"Dana/دانا","Community":"Atma/اطمه","Site_name":"Ehsas 2 / احساس 2","Site_type":"SC","Category":"Stress","Total_IDPs":868,"Latitude":36.308887579999997,"Longitude":36.655199070000002}},{"type":"Feature","id":524,"geometry":{"type":"Point","coordinates":[289658.12409999967,4021562.4048999995]},"properties":{"OBJECTID":524,"P_CODE":"CP000793","Governorate":"Idleb/إدلب","District":"Harim/حارم","Subdistrict":"Dana/دانا","Community":"Atma/اطمه","Site_name":"Al Yamama / اليمامة","Site_type":"SC","Category":"Stress","Total_IDPs":868,"Latitude":36.316144999999999,"Longitude":36.656986000000003}},{"type":"Feature","id":525,"geometry":{"type":"Point","coordinates":[289931.68369999994,4021717.9706999995]},"properties":{"OBJECTID":525,"P_CODE":"CP000784","Governorate":"Idleb/إدلب","District":"Harim/حارم","Subdistrict":"Dana/دانا","Community":"Atma/اطمه","Site_name":"Al Omar / العمر","Site_type":"SC","Category":"Stress","Total_IDPs":868,"Latitude":36.317605999999998,"Longitude":36.659989000000003}},{"type":"Feature","id":526,"geometry":{"type":"Point","coordinates":[290330.48020000011,4021955.8871999998]},"properties":{"OBJECTID":526,"P_CODE":"CP000776","Governorate":"Idleb/إدلب","District":"Harim/حارم","Subdistrict":"Dana/دانا","Community":"Atma/اطمه","Site_name":"Al Ansar sector 1 / الأنصار 1","Site_type":"SC","Category":"Stress","Total_IDPs":868,"Latitude":36.319836000000002,"Longitude":36.664363999999999}},{"type":"Feature","id":527,"geometry":{"type":"Point","coordinates":[333726.04110000003,4058060.3684999999]},"properties":{"OBJECTID":527,"P_CODE":"CP000009","Governorate":"Aleppo/حلب","District":"Azaz/اعزاز","Subdistrict":"Azaz/مركز اعزاز","Community":"Shamarin/شمارين","Site_name":"Shamarin (Dhahiat Al-Shuhada, Qatari) / شمارين ( ضاحية الشهداء , القطري)","Site_type":"PC","Category":"Stress","Total_IDPs":3642,"Latitude":36.653621999999999,"Longitude":37.139749999999999}},{"type":"Feature","id":528,"geometry":{"type":"Point","coordinates":[331851.25719999988,4058230.7741999999]},"properties":{"OBJECTID":528,"P_CODE":"CP000290","Governorate":"Aleppo/حلب","District":"Azaz/اعزاز","Subdistrict":"Azaz/مركز اعزاز","Community":"Shamarin/شمارين","Site_name":"Al Rayan (Azaz) / الريان (اعزاز)","Site_type":"PC","Category":"Stress","Total_IDPs":3642,"Latitude":36.654828000000002,"Longitude":37.118747999999997}},{"type":"Feature","id":529,"geometry":{"type":"Point","coordinates":[334717.5504999999,4058856.4956999999]},"properties":{"OBJECTID":529,"P_CODE":"CP000477","Governorate":"Aleppo/حلب","District":"Azaz/اعزاز","Subdistrict":"Azaz/مركز اعزاز","Community":"Shamarin/شمارين","Site_name":"Tal Jubeen / تل جبين","Site_type":"SC","Category":"Stress","Total_IDPs":3642,"Latitude":36.660967999999997,"Longitude":37.150666000000001}},{"type":"Feature","id":530,"geometry":{"type":"Point","coordinates":[247493.12619999982,3981029.9814999998]},"properties":{"OBJECTID":530,"P_CODE":"CP000902","Governorate":"Idleb/إدلب","District":"Jisr-Ash-Shugur/جسر الشغور","Subdistrict":"Janudiyeh/الجانودية","Community":"Foz - Zuf/الفوز_الزوف","Site_name":"Al Shaikh Saiah / الشيخ صياح","Site_type":"SC","Category":"Stress","Total_IDPs":376,"Latitude":35.941030089999998,"Longitude":36.200772929999999}},{"type":"Feature","id":531,"geometry":{"type":"Point","coordinates":[247205.9430999998,3981440.7625999991]},"properties":{"OBJECTID":531,"P_CODE":"CP002384","Governorate":"Idleb/إدلب","District":"Jisr-Ash-Shugur/جسر الشغور","Subdistrict":"Badama/بداما","Community":"Kherbet Eljoz/خربة الجوز","Site_name":"Qarit Al Salam / قرية السلام  ","Site_type":"PC","Category":"Stress","Total_IDPs":319,"Latitude":35.944654999999997,"Longitude":36.197462000000002}},{"type":"Feature","id":532,"geometry":{"type":"Point","coordinates":[292722.88889999967,4007622.7081000004]},"properties":{"OBJECTID":532,"P_CODE":"CP000531","Governorate":"Idleb/إدلب","District":"Harim/حارم","Subdistrict":"Dana/دانا","Community":"Sarmada/سرمدا","Site_name":"Ali Bin Abi Taleb (Sarmada) / علي بن ابي طالب(سرمدا)","Site_type":"SC","Category":"Stress","Total_IDPs":868,"Latitude":36.191237090000001,"Longitude":36.694793220000001}},{"type":"Feature","id":533,"geometry":{"type":"Point","coordinates":[293116.54270000011,4008051.2762000002]},"properties":{"OBJECTID":533,"P_CODE":"CP000699","Governorate":"Idleb/إدلب","District":"Harim/حارم","Subdistrict":"Dana/دانا","Community":"Sarmada/سرمدا","Site_name":"Al Diaa 2 / الضياء 2","Site_type":"SC","Category":"Stress","Total_IDPs":868,"Latitude":36.195182000000003,"Longitude":36.699055000000001}},{"type":"Feature","id":534,"geometry":{"type":"Point","coordinates":[296312.11160000041,4019858.0461999997]},"properties":{"OBJECTID":534,"P_CODE":"CP001333","Governorate":"Idleb/إدلب","District":"Harim/حارم","Subdistrict":"Dana/دانا","Community":"Qah/قاح - دانا","Site_name":"Nazhi Kafr Nabl / نازحي كفرنبل","Site_type":"SC","Category":"Stress","Total_IDPs":868,"Latitude":36.302221000000003,"Longitude":36.731496999999997}},{"type":"Feature","id":535,"geometry":{"type":"Point","coordinates":[294142.31080000009,4018975.6926000006]},"properties":{"OBJECTID":535,"P_CODE":"CP000176","Governorate":"Idleb/إدلب","District":"Harim/حارم","Subdistrict":"Dana/دانا","Community":"Qah/قاح - دانا","Site_name":"Ataa 1 (Hamad Al Ammar 2-Dar Al Riaya - Orphans) / عطاء 1 - دار رعاية الأيتام","Site_type":"SC","Category":"Stress","Total_IDPs":868,"Latitude":36.293811669999997,"Longitude":36.707581670000003}},{"type":"Feature","id":536,"geometry":{"type":"Point","coordinates":[294720.64670000039,4018977.0305000003]},"properties":{"OBJECTID":536,"P_CODE":"CP000310","Governorate":"Idleb/إدلب","District":"Harim/حارم","Subdistrict":"Dana/دانا","Community":"Qah/قاح - دانا","Site_name":"Alebaa / الاباء","Site_type":"SC","Category":"Stress","Total_IDPs":868,"Latitude":36.293947000000003,"Longitude":36.714016999999998}},{"type":"Feature","id":537,"geometry":{"type":"Point","coordinates":[292568.88489999995,4000536.8519000001]},"properties":{"OBJECTID":537,"P_CODE":"CP000859","Governorate":"Idleb/إدلب","District":"Idleb/مركز إدلب","Subdistrict":"Maaret Tamsrin/معرة تمصرين","Community":"Kelly/كللي","Site_name":"Al Sultan(Kelly) / السلطان(كللي)","Site_type":"SC","Category":"Stress","Total_IDPs":601,"Latitude":36.127372000000001,"Longitude":36.694952000000001}},{"type":"Feature","id":538,"geometry":{"type":"Point","coordinates":[292767.55570000038,4000636.6821999997]},"properties":{"OBJECTID":538,"P_CODE":"CP000981","Governorate":"Idleb/إدلب","District":"Idleb/مركز إدلب","Subdistrict":"Maaret Tamsrin/معرة تمصرين","Community":"Kelly/كللي","Site_name":"Al Audi1 / العودة1","Site_type":"SC","Category":"Stress","Total_IDPs":601,"Latitude":36.128313769999998,"Longitude":36.697131810000002}},{"type":"Feature","id":539,"geometry":{"type":"Point","coordinates":[294254.37689999957,3998320.0318]},"properties":{"OBJECTID":539,"P_CODE":"CP001159","Governorate":"Idleb/إدلب","District":"Idleb/مركز إدلب","Subdistrict":"Maaret Tamsrin/معرة تمصرين","Community":"Kelly/كللي","Site_name":"Al Yamamah(Kelly) / اليمامة(كللي)","Site_type":"SC","Category":"Stress","Total_IDPs":601,"Latitude":36.107760499999998,"Longitude":36.714247479999997}},{"type":"Feature","id":540,"geometry":{"type":"Point","coordinates":[294459.84179999959,3999318.2989000008]},"properties":{"OBJECTID":540,"P_CODE":"CP001164","Governorate":"Idleb/إدلب","District":"Idleb/مركز إدلب","Subdistrict":"Maaret Tamsrin/معرة تمصرين","Community":"Kelly/كللي","Site_name":"Al Sadaka(Kelly) / الصداقة(كللي)","Site_type":"SC","Category":"Stress","Total_IDPs":601,"Latitude":36.116796999999998,"Longitude":36.716267999999999}},{"type":"Feature","id":541,"geometry":{"type":"Point","coordinates":[295188.84219999984,3999410.8654999994]},"properties":{"OBJECTID":541,"P_CODE":"CP002271","Governorate":"Idleb/إدلب","District":"Idleb/مركز إدلب","Subdistrict":"Maaret Tamsrin/معرة تمصرين","Community":"Kelly/كللي","Site_name":"Alrabia’a(Kelly)/ الربيع(كللي)","Site_type":"SC","Category":"Stress","Total_IDPs":601,"Latitude":36.117784999999998,"Longitude":36.724338000000003}},{"type":"Feature","id":542,"geometry":{"type":"Point","coordinates":[293871.22059999965,4000206.7919999994]},"properties":{"OBJECTID":542,"P_CODE":"CP002088","Governorate":"Idleb/إدلب","District":"Idleb/مركز إدلب","Subdistrict":"Maaret Tamsrin/معرة تمصرين","Community":"Kelly/كللي","Site_name":"Hazarin / حزارين","Site_type":"SC","Category":"Stress","Total_IDPs":601,"Latitude":36.124676200000003,"Longitude":36.709499999999998}},{"type":"Feature","id":543,"geometry":{"type":"Point","coordinates":[294498.98869999964,3999045.9823000003]},"properties":{"OBJECTID":543,"P_CODE":"CP002140","Governorate":"Idleb/إدلب","District":"Idleb/مركز إدلب","Subdistrict":"Maaret Tamsrin/معرة تمصرين","Community":"Kelly/كللي","Site_name":"Al Ikaa(Kelly) / الإخاء(كللي)","Site_type":"SC","Category":"Stress","Total_IDPs":601,"Latitude":36.114352099999998,"Longitude":36.716773699999997}},{"type":"Feature","id":544,"geometry":{"type":"Point","coordinates":[285347.11359999981,3595956.1435000002]},"properties":{"OBJECTID":544,"P_CODE":"CP003028","Governorate":"As-Sweida/السويداء","District":"Salkhad/صلخد","Subdistrict":"Salkhad/مركز صلخد","Community":"Salkhad/صلخد","Site_name":"Sports Club","Site_type":"CC","Category":"Stress","Total_IDPs":160,"Latitude":32.480139999999999,"Longitude":36.715739999999997}},{"type":"Feature","id":545,"geometry":null,"properties":{"OBJECTID":545,"Shape":null,"P_CODE":"CP003040","Governorate":"As-Sweida/السويداء","District":"As-Sweida/مركز السويداء","Subdistrict":"As-Sweida/مركز السويداء","Community":"As-Sweida/السويداء","Site_name":"Farmers' Union","Site_type":"CC","Category":"Stress","Total_IDPs":72,"Latitude":null,"Longitude":null}},{"type":"Feature","id":546,"geometry":{"type":"Point","coordinates":[318868.17920000013,4052987.2142999992]},"properties":{"OBJECTID":546,"P_CODE":"CP002411","Governorate":"Aleppo/حلب","District":"Afrin/عفرين","Subdistrict":"Sharan/شران","Community":"Qatmet Efrin/قاطمة عفرين","Site_name":" حريتان/Haritan","Site_type":"SC","Category":"Stress","Total_IDPs":124,"Latitude":36.605204749999999,"Longitude":36.974809329999999}},{"type":"Feature","id":547,"geometry":{"type":"Point","coordinates":[314747.45500000007,4049731.5704999994]},"properties":{"OBJECTID":547,"P_CODE":"CP001446","Governorate":"Aleppo/حلب","District":"Afrin/عفرين","Subdistrict":"Sharan/شران","Community":"Mashaala/مشعلة","Site_name":"Zeyarat hanan / زيارة حنان","Site_type":"SC","Category":"Stress","Total_IDPs":124,"Latitude":36.575082469999998,"Longitude":36.929547419999999}},{"type":"Feature","id":548,"geometry":{"type":"Point","coordinates":[292554.88410000037,4019122.8353000004]},"properties":{"OBJECTID":548,"P_CODE":"CP002255","Governorate":"Idleb/إدلب","District":"Harim/حارم","Subdistrict":"Dana/دانا","Community":"Atma/اطمه","Site_name":"Al - Aika / الايقا","Site_type":"SC","Category":"Stress","Total_IDPs":868,"Latitude":36.294797000000003,"Longitude":36.689878}},{"type":"Feature","id":549,"geometry":{"type":"Point","coordinates":[293681.74760000035,4018675.1622000001]},"properties":{"OBJECTID":549,"P_CODE":"CP000381","Governorate":"Idleb/إدلب","District":"Harim/حارم","Subdistrict":"Dana/دانا","Community":"Atma/اطمه","Site_name":"Al Jabal (Karama) / الجبل(كرامة)","Site_type":"SC","Category":"Stress","Total_IDPs":868,"Latitude":36.291006000000003,"Longitude":36.702536000000002}},{"type":"Feature","id":550,"geometry":{"type":"Point","coordinates":[296503.58339999989,4010063.2849000003]},"properties":{"OBJECTID":550,"P_CODE":"CP000434","Governorate":"Idleb/إدلب","District":"Harim/حارم","Subdistrict":"Dana/دانا","Community":"Burdaqly/بردقلي","Site_name":"Al Bardakli / البردقلي","Site_type":"PC","Category":"Stress","Total_IDPs":868,"Latitude":36.214025419999999,"Longitude":36.736176589999999}},{"type":"Feature","id":551,"geometry":{"type":"Point","coordinates":[294733.56510000024,4012669.0251000002]},"properties":{"OBJECTID":551,"P_CODE":"CP000452","Governorate":"Idleb/إدلب","District":"Harim/حارم","Subdistrict":"Dana/دانا","Community":"Bab El Hawa/باب الهوى - دانا","Site_name":"Yalniz Degilsiniz 2 / أنت لست وحدك 2","Site_type":"PC","Category":"Stress","Total_IDPs":868,"Latitude":36.237124999999999,"Longitude":36.715817000000001}},{"type":"Feature","id":552,"geometry":{"type":"Point","coordinates":[295116.31049999967,4012256.7200000007]},"properties":{"OBJECTID":552,"P_CODE":"CP000503","Governorate":"Idleb/إدلب","District":"Harim/حارم","Subdistrict":"Dana/دانا","Community":"Bab El Hawa/باب الهوى - دانا","Site_name":"Şehit Mehmet Arif Kıdıman Camp (Kafr Lousin) / الشهيد محمد عارف كديمان(كفر لوسين)","Site_type":"PC","Category":"Stress","Total_IDPs":868,"Latitude":36.233491999999998,"Longitude":36.720180999999997}},{"type":"Feature","id":553,"geometry":{"type":"Point","coordinates":[354047.44720000029,4036904.4107000008]},"properties":{"OBJECTID":553,"P_CODE":"CP002074","Governorate":"Aleppo/حلب","District":"Azaz/اعزاز","Subdistrict":"Aghtrin/اخترين","Community":"Wash/واش","Site_name":"Shadoud Al gharbi / شدود الغربي","Site_type":"SC","Category":"Stress","Total_IDPs":538,"Latitude":36.46631,"Longitude":37.371022000000004}},{"type":"Feature","id":554,"geometry":{"type":"Point","coordinates":[289808.05439999979,4021142.4727999996]},"properties":{"OBJECTID":554,"P_CODE":"CP000804","Governorate":"Idleb/إدلب","District":"Harim/حارم","Subdistrict":"Dana/دانا","Community":"Atma/اطمه","Site_name":"Al Fath Al Mobeen / الفتح المبين","Site_type":"SC","Category":"Stress","Total_IDPs":868,"Latitude":36.312395000000002,"Longitude":36.658768000000002}},{"type":"Feature","id":555,"geometry":{"type":"Point","coordinates":[289594.30640000012,4020853.1317999996]},"properties":{"OBJECTID":555,"P_CODE":"CP000808","Governorate":"Idleb/إدلب","District":"Harim/حارم","Subdistrict":"Dana/دانا","Community":"Atma/اطمه","Site_name":"Al Resala / الرسالة","Site_type":"SC","Category":"Stress","Total_IDPs":868,"Latitude":36.309742,"Longitude":36.656466999999999}},{"type":"Feature","id":556,"geometry":{"type":"Point","coordinates":[289363.27249999996,4021099.9666000009]},"properties":{"OBJECTID":556,"P_CODE":"CP000796","Governorate":"Idleb/إدلب","District":"Harim/حارم","Subdistrict":"Dana/دانا","Community":"Atma/اطمه","Site_name":"Atshan / عطشان","Site_type":"SC","Category":"Stress","Total_IDPs":868,"Latitude":36.311914999999999,"Longitude":36.653829000000002}},{"type":"Feature","id":557,"geometry":{"type":"Point","coordinates":[289365.7966,4021259.5430999994]},"properties":{"OBJECTID":557,"P_CODE":"CP000822","Governorate":"Idleb/إدلب","District":"Harim/حارم","Subdistrict":"Dana/دانا","Community":"Atma/اطمه","Site_name":"Maan / معان","Site_type":"SC","Category":"Stress","Total_IDPs":868,"Latitude":36.313352999999999,"Longitude":36.653813999999997}},{"type":"Feature","id":558,"geometry":{"type":"Point","coordinates":[289946.36349999998,4021563.5288999993]},"properties":{"OBJECTID":558,"P_CODE":"CP000788","Governorate":"Idleb/إدلب","District":"Harim/حارم","Subdistrict":"Dana/دانا","Community":"Atma/اطمه","Site_name":"Zamzam 1 sector 2 / زمزم 1 قطاع 2","Site_type":"SC","Category":"Stress","Total_IDPs":868,"Latitude":36.316217999999999,"Longitude":36.660193999999997}},{"type":"Feature","id":559,"geometry":{"type":"Point","coordinates":[289843.67169999983,4021624.4520999994]},"properties":{"OBJECTID":559,"P_CODE":"CP000790","Governorate":"Idleb/إدلب","District":"Harim/حارم","Subdistrict":"Dana/دانا","Community":"Atma/اطمه","Site_name":"Zamzam 1 sector 1 / زمزم 1 قطاع 1","Site_type":"SC","Category":"Stress","Total_IDPs":868,"Latitude":36.316744399999997,"Longitude":36.659034550000001}},{"type":"Feature","id":560,"geometry":{"type":"Point","coordinates":[289661.57050000038,4020881.4422999993]},"properties":{"OBJECTID":560,"P_CODE":"CP000811","Governorate":"Idleb/إدلب","District":"Harim/حارم","Subdistrict":"Dana/دانا","Community":"Atma/اطمه","Site_name":"Ehsan 2 Sector 1 / إحسان 2 قطاع 1","Site_type":"SC","Category":"Stress","Total_IDPs":868,"Latitude":36.310011699999997,"Longitude":36.657207999999997}},{"type":"Feature","id":561,"geometry":{"type":"Point","coordinates":[289668.70859999955,4020981.9342]},"properties":{"OBJECTID":561,"P_CODE":"CP000809","Governorate":"Idleb/إدلب","District":"Harim/حارم","Subdistrict":"Dana/دانا","Community":"Atma/اطمه","Site_name":"Braeem Kfr Zeta / براعم كفر زيتا","Site_type":"SC","Category":"Stress","Total_IDPs":868,"Latitude":36.310918479999998,"Longitude":36.657260350000001}},{"type":"Feature","id":562,"geometry":{"type":"Point","coordinates":[268071.61969999969,4001704.6885000002]},"properties":{"OBJECTID":562,"P_CODE":"CP000280","Governorate":"Idleb/إدلب","District":"Harim/حارم","Subdistrict":"Salqin/سلقين","Community":"Salqin/سلقين","Site_name":"Al Safsafa / الصفصافه","Site_type":"SC","Category":"Stress","Total_IDPs":636,"Latitude":36.132344519999997,"Longitude":36.422620459999997}},{"type":"Feature","id":563,"geometry":{"type":"Point","coordinates":[272163.49100000039,4001192.6577000003]},"properties":{"OBJECTID":563,"P_CODE":"CP002065","Governorate":"Idleb/إدلب","District":"Harim/حارم","Subdistrict":"Salqin/سلقين","Community":"Salqin/سلقين","Site_name":"Al Ajami / العجمي","Site_type":"PC","Category":"Stress","Total_IDPs":636,"Latitude":36.1287023,"Longitude":36.468200600000003}},{"type":"Feature","id":564,"geometry":{"type":"Point","coordinates":[272379.70430000033,3621639.3713000007]},"properties":{"OBJECTID":564,"P_CODE":"CP002996","Governorate":"As-Sweida/السويداء","District":"As-Sweida/مركز السويداء","Subdistrict":"As-Sweida/مركز السويداء","Community":"As-Sweida/السويداء","Site_name":"Civil defense","Site_type":"CC","Category":"Stress","Total_IDPs":72,"Latitude":32.709040000000002,"Longitude":36.57161}},{"type":"Feature","id":565,"geometry":{"type":"Point","coordinates":[412168.87260000035,4038679.2733999994]},"properties":{"OBJECTID":565,"P_CODE":"CP002447","Governorate":"Aleppo/حلب","District":"Menbij/منبج","Subdistrict":"Menbij/مركز منبج","Community":"Rasm Elakhdar/رسم الأخضر","Site_name":"Menbij New / شرقي منيج الجديد","Site_type":"PC","Category":"Stress","Total_IDPs":975,"Latitude":36.489400000000003,"Longitude":38.019399999999997}},{"type":"Feature","id":566,"geometry":{"type":"Point","coordinates":[411095.80460000038,4039733.1031999998]},"properties":{"OBJECTID":566,"P_CODE":"CP002448","Governorate":"Aleppo/حلب","District":"Menbij/منبج","Subdistrict":"Menbij/مركز منبج","Community":"Rasm Elakhdar/رسم الأخضر","Site_name":"Menbij Old / شرقي منبج القديم","Site_type":"PC","Category":"Stress","Total_IDPs":975,"Latitude":36.498800000000003,"Longitude":38.007300000000001}},{"type":"Feature","id":567,"geometry":{"type":"Point","coordinates":[293544.10500000045,4017091.4403000008]},"properties":{"OBJECTID":567,"P_CODE":"CP002315","Governorate":"Idleb/إدلب","District":"Harim/حارم","Subdistrict":"Dana/دانا","Community":"Aqrabat (Dana)/عقربات - دانا","Site_name":"Maeakum Tashriq Alhayaa/ معكم تشرق الحياة","Site_type":"PC","Category":"Stress","Total_IDPs":868,"Latitude":36.276710000000001,"Longitude":36.701422999999998}},{"type":"Feature","id":568,"geometry":{"type":"Point","coordinates":[293638.3909,4017945.5175000001]},"properties":{"OBJECTID":568,"P_CODE":"CP001053","Governorate":"Idleb/إدلب","District":"Harim/حارم","Subdistrict":"Dana/دانا","Community":"Aqrabat (Dana)/عقربات - دانا","Site_name":"Al Mahabah (Aqrabat) / المحبة(عقربات)","Site_type":"SC","Category":"Stress","Total_IDPs":868,"Latitude":36.284423910000001,"Longitude":36.702246359999997}},{"type":"Feature","id":569,"geometry":{"type":"Point","coordinates":[294509.32529999968,4017589.6285999995]},"properties":{"OBJECTID":569,"P_CODE":"CP000319","Governorate":"Idleb/إدلب","District":"Harim/حارم","Subdistrict":"Dana/دانا","Community":"Qah/قاح - دانا","Site_name":"Al Goroub (and extension) / الغروب (والتوسع)","Site_type":"SC","Category":"Stress","Total_IDPs":868,"Latitude":36.281403859999998,"Longitude":36.712030499999997}},{"type":"Feature","id":570,"geometry":{"type":"Point","coordinates":[332482.41160000023,4056838.3886999991]},"properties":{"OBJECTID":570,"P_CODE":"CP000654","Governorate":"Aleppo/حلب","District":"Azaz/اعزاز","Subdistrict":"Azaz/مركز اعزاز","Community":"Shmarekh/شمارخ","Site_name":"Mukawamah / المقاومة","Site_type":"SC","Category":"Stress","Total_IDPs":3642,"Latitude":36.642393730000002,"Longitude":37.126110019999999}},{"type":"Feature","id":571,"geometry":{"type":"Point","coordinates":[295072.74450000003,4017554.0866999999]},"properties":{"OBJECTID":571,"P_CODE":"CP000324","Governorate":"Idleb/إدلب","District":"Harim/حارم","Subdistrict":"Dana/دانا","Community":"Qah/قاح - دانا","Site_name":"Zahrat Al Jolan / زهرة الجولان","Site_type":"SC","Category":"Stress","Total_IDPs":868,"Latitude":36.281203519999998,"Longitude":36.718308540000002}},{"type":"Feature","id":572,"geometry":{"type":"Point","coordinates":[293166.60059999954,4002085.9944000002]},"properties":{"OBJECTID":572,"P_CODE":"CP002076","Governorate":"Idleb/إدلب","District":"Idleb/مركز إدلب","Subdistrict":"Maaret Tamsrin/معرة تمصرين","Community":"Kelly/كللي","Site_name":"Alhwary / الهواري","Site_type":"PC","Category":"Stress","Total_IDPs":601,"Latitude":36.141455000000001,"Longitude":36.701182000000003}},{"type":"Feature","id":573,"geometry":{"type":"Point","coordinates":[297698.80559999961,4021149.9412999991]},"properties":{"OBJECTID":573,"P_CODE":"CP000844","Governorate":"Idleb/إدلب","District":"Harim/حارم","Subdistrict":"Dana/دانا","Community":"Selwa/صلوة","Site_name":"Al Hasoon(Selwa) / الحسون(صلوة)","Site_type":"SC","Category":"Stress","Total_IDPs":868,"Latitude":36.314151000000003,"Longitude":36.746594999999999}},{"type":"Feature","id":574,"geometry":{"type":"Point","coordinates":[298190.03519999981,4022216.3104999997]},"properties":{"OBJECTID":574,"P_CODE":"CP001588","Governorate":"Idleb/إدلب","District":"Harim/حارم","Subdistrict":"Dana/دانا","Community":"Selwa/صلوة","Site_name":"Al Tubat / التوبات","Site_type":"SC","Category":"Stress","Total_IDPs":868,"Latitude":36.32386039,"Longitude":36.751786930000002}},{"type":"Feature","id":575,"geometry":{"type":"Point","coordinates":[264081.49270000029,3979427.3997000009]},"properties":{"OBJECTID":575,"P_CODE":"CP001465","Governorate":"Idleb/إدلب","District":"Jisr-Ash-Shugur/جسر الشغور","Subdistrict":"Janudiyeh/الجانودية","Community":"Hamama - Kafr Debbin/الحمامة_كفر دبين","Site_name":"Ref Halab(Darkosh) / ريف حلب(دركوش)","Site_type":"PC","Category":"Stress","Total_IDPs":376,"Latitude":35.930743,"Longitude":36.384965000000001}},{"type":"Feature","id":576,"geometry":{"type":"Point","coordinates":[263279.67080000043,3979546.8545999993]},"properties":{"OBJECTID":576,"P_CODE":"CP002193","Governorate":"Idleb/إدلب","District":"Jisr-Ash-Shugur/جسر الشغور","Subdistrict":"Janudiyeh/الجانودية","Community":"Hamama - Kafr Debbin/الحمامة_كفر دبين","Site_name":"Rayat Alnasir / رايات النصر","Site_type":"PC","Category":"Stress","Total_IDPs":376,"Latitude":35.931624999999997,"Longitude":36.376049999999999}},{"type":"Feature","id":577,"geometry":{"type":"Point","coordinates":[297781.94940000027,4009799.0007000007]},"properties":{"OBJECTID":577,"P_CODE":"CP000550","Governorate":"Idleb/إدلب","District":"Harim/حارم","Subdistrict":"Dana/دانا","Community":"Deir Hassan - Darhashan/دير حسان_درحشان","Site_name":"Om Qbaiba / أم قبيبة","Site_type":"SC","Category":"Stress","Total_IDPs":868,"Latitude":36.211912699999999,"Longitude":36.750456219999997}},{"type":"Feature","id":578,"geometry":{"type":"Point","coordinates":[296467.1640999997,4009261.7272999994]},"properties":{"OBJECTID":578,"P_CODE":"CP001199","Governorate":"Idleb/إدلب","District":"Harim/حارم","Subdistrict":"Dana/دانا","Community":"Sarmada/سرمدا","Site_name":"Al-Aytam / الأيتام","Site_type":"SC","Category":"Stress","Total_IDPs":868,"Latitude":36.206796869999998,"Longitude":36.735979839999999}},{"type":"Feature","id":579,"geometry":{"type":"Point","coordinates":[295817.16440000013,4009135.4166999999]},"properties":{"OBJECTID":579,"P_CODE":"CP000453","Governorate":"Idleb/إدلب","District":"Harim/حارم","Subdistrict":"Dana/دانا","Community":"Sarmada/سرمدا","Site_name":"Islamuna 2 / إسلامنا 2","Site_type":"SC","Category":"Stress","Total_IDPs":868,"Latitude":36.205522029999997,"Longitude":36.728787500000003}},{"type":"Feature","id":580,"geometry":{"type":"Point","coordinates":[295851.22950000037,4009085.7249999996]},"properties":{"OBJECTID":580,"P_CODE":"CP000060","Governorate":"Idleb/إدلب","District":"Harim/حارم","Subdistrict":"Dana/دانا","Community":"Sarmada/سرمدا","Site_name":"Al Nahdha(Sarmada) / النهضة(سرمدا)","Site_type":"SC","Category":"Stress","Total_IDPs":868,"Latitude":36.205081569999997,"Longitude":36.729179090000002}},{"type":"Feature","id":581,"geometry":{"type":"Point","coordinates":[295661.60809999984,4009351.8574999999]},"properties":{"OBJECTID":581,"P_CODE":"CP002223","Governorate":"Idleb/إدلب","District":"Harim/حارم","Subdistrict":"Dana/دانا","Community":"Sarmada/سرمدا","Site_name":"Islamuna 1 / اسلامنا 1","Site_type":"SC","Category":"Stress","Total_IDPs":868,"Latitude":36.207439000000001,"Longitude":36.727001999999999}},{"type":"Feature","id":582,"geometry":null,"properties":{"OBJECTID":582,"Shape":null,"P_CODE":"CP003076","Governorate":"As-Sweida/السويداء","District":"As-Sweida/مركز السويداء","Subdistrict":"As-Sweida/مركز السويداء","Community":"As-Sweida/السويداء","Site_name":"Tishreen buds الاتحاد النسائي","Site_type":"CC","Category":"Stress","Total_IDPs":72,"Latitude":null,"Longitude":null}},{"type":"Feature","id":583,"geometry":{"type":"Point","coordinates":[293815.5131000001,4009223.9421999995]},"properties":{"OBJECTID":583,"P_CODE":"CP001313","Governorate":"Idleb/إدلب","District":"Harim/حارم","Subdistrict":"Dana/دانا","Community":"Sarmada/سرمدا","Site_name":"Kastoun / قسطون","Site_type":"SC","Category":"Stress","Total_IDPs":868,"Latitude":36.205894999999998,"Longitude":36.706515000000003}},{"type":"Feature","id":584,"geometry":{"type":"Point","coordinates":[294362.78259999957,4008740.2313999999]},"properties":{"OBJECTID":584,"P_CODE":"CP000403","Governorate":"Idleb/إدلب","District":"Harim/حارم","Subdistrict":"Dana/دانا","Community":"Sarmada/سرمدا","Site_name":"Al Faraj -Al Ghab / الفرج-الغاب","Site_type":"SC","Category":"Stress","Total_IDPs":868,"Latitude":36.201653999999998,"Longitude":36.712724999999999}},{"type":"Feature","id":585,"geometry":{"type":"Point","coordinates":[294303.45440000016,4008848.0680999998]},"properties":{"OBJECTID":585,"P_CODE":"CP000279","Governorate":"Idleb/إدلب","District":"Harim/حارم","Subdistrict":"Dana/دانا","Community":"Sarmada/سرمدا","Site_name":"Al Khirba Al Muhasara (and extension) / الخربة المحاصرة (والتوسع )","Site_type":"SC","Category":"Stress","Total_IDPs":868,"Latitude":36.20261283,"Longitude":36.712037289999998}},{"type":"Feature","id":586,"geometry":{"type":"Point","coordinates":[294387.85749999993,4008763.7473000009]},"properties":{"OBJECTID":586,"P_CODE":"CP000197","Governorate":"Idleb/إدلب","District":"Harim/حارم","Subdistrict":"Dana/دانا","Community":"Sarmada/سرمدا","Site_name":"Al Imdad / الامداد","Site_type":"SC","Category":"Stress","Total_IDPs":868,"Latitude":36.201871169999997,"Longitude":36.712997540000003}},{"type":"Feature","id":587,"geometry":{"type":"Point","coordinates":[293679.25050000008,4009419.2103000004]},"properties":{"OBJECTID":587,"P_CODE":"CP001200","Governorate":"Idleb/إدلب","District":"Harim/حارم","Subdistrict":"Dana/دانا","Community":"Sarmada/سرمدا","Site_name":"Al Khan / الخان","Site_type":"SC","Category":"Stress","Total_IDPs":868,"Latitude":36.207625,"Longitude":36.704948999999999}},{"type":"Feature","id":588,"geometry":{"type":"Point","coordinates":[294157.36500000022,4008891.9423999991]},"properties":{"OBJECTID":588,"P_CODE":"CP000198","Governorate":"Idleb/إدلب","District":"Harim/حارم","Subdistrict":"Dana/دانا","Community":"Sarmada/سرمدا","Site_name":"Khaled Bin Al Waleed(Sarmada) / خالد بن الوليد(سرمدا)","Site_type":"SC","Category":"Stress","Total_IDPs":868,"Latitude":36.202976999999997,"Longitude":36.710401990000001}},{"type":"Feature","id":589,"geometry":{"type":"Point","coordinates":[294223.91029999964,4014675.7616000008]},"properties":{"OBJECTID":589,"P_CODE":"CP001049","Governorate":"Idleb/إدلب","District":"Harim/حارم","Subdistrict":"Dana/دانا","Community":"Bab El Hawa/باب الهوى - دانا","Site_name":"Afamya / افاميا","Site_type":"SC","Category":"Stress","Total_IDPs":868,"Latitude":36.255094,"Longitude":36.709622000000003}},{"type":"Feature","id":590,"geometry":{"type":"Point","coordinates":[294106.16309999954,4014366.7583000008]},"properties":{"OBJECTID":590,"P_CODE":"CP002224","Governorate":"Idleb/إدلب","District":"Harim/حارم","Subdistrict":"Dana/دانا","Community":"Bab El Hawa/باب الهوى - دانا","Site_name":"Afamia-Aljabal / افاميا الجبل","Site_type":"SC","Category":"Stress","Total_IDPs":868,"Latitude":36.252285299999997,"Longitude":36.708393700000002}},{"type":"Feature","id":591,"geometry":{"type":"Point","coordinates":[294296.76510000043,4014154.8423999995]},"properties":{"OBJECTID":591,"P_CODE":"CP002094","Governorate":"Idleb/إدلب","District":"Harim/حارم","Subdistrict":"Dana/دانا","Community":"Bab El Hawa/باب الهوى - دانا","Site_name":"Baraka Kafrlosin / بركات كفرلوسين","Site_type":"SC","Category":"Stress","Total_IDPs":868,"Latitude":36.250416899999998,"Longitude":36.710569300000003}},{"type":"Feature","id":592,"geometry":{"type":"Point","coordinates":[294040.74430000037,4014120.2806000002]},"properties":{"OBJECTID":592,"P_CODE":"CP000491","Governorate":"Idleb/إدلب","District":"Harim/حارم","Subdistrict":"Dana/دانا","Community":"Bab El Hawa/باب الهوى - دانا","Site_name":"Khattab / خطاب","Site_type":"SC","Category":"Stress","Total_IDPs":868,"Latitude":36.250050999999999,"Longitude":36.707731000000003}},{"type":"Feature","id":593,"geometry":{"type":"Point","coordinates":[293999.34360000025,4013803.3328000009]},"properties":{"OBJECTID":593,"P_CODE":"CP001929","Governorate":"Idleb/إدلب","District":"Harim/حارم","Subdistrict":"Dana/دانا","Community":"Bab El Hawa/باب الهوى - دانا","Site_name":"Sawad Al Ekhaa / سواعد الإخاء","Site_type":"SC","Category":"Stress","Total_IDPs":868,"Latitude":36.247186999999997,"Longitude":36.707354000000002}},{"type":"Feature","id":594,"geometry":{"type":"Point","coordinates":[293455.51099999994,4012889.7447999995]},"properties":{"OBJECTID":594,"P_CODE":"CP002268","Governorate":"Idleb/إدلب","District":"Harim/حارم","Subdistrict":"Dana/دانا","Community":"Bab El Hawa/باب الهوى - دانا","Site_name":"Shuhadaa Alinsaniah(Kafr Lusin)/ شهداء الانسانيه ( كفرلوسين) ","Site_type":"PC","Category":"Stress","Total_IDPs":868,"Latitude":36.238841000000001,"Longitude":36.701546999999998}},{"type":"Feature","id":595,"geometry":{"type":"Point","coordinates":[280275.04330000002,4011557.2184999995]},"properties":{"OBJECTID":595,"P_CODE":"CP001092","Governorate":"Idleb/إدلب","District":"Harim/حارم","Subdistrict":"Harim/مركز حارم","Community":"Harim/حارم","Site_name":"Alfardan / الفردان","Site_type":"PC","Category":"Stress","Total_IDPs":366,"Latitude":36.223931550000003,"Longitude":36.555363730000003}},{"type":"Feature","id":596,"geometry":{"type":"Point","coordinates":[280655.2527999999,4011833.7824000008]},"properties":{"OBJECTID":596,"P_CODE":"CP001786","Governorate":"Idleb/إدلب","District":"Harim/حارم","Subdistrict":"Harim/مركز حارم","Community":"Harim/حارم","Site_name":"Kansafra(Harim) / كنصفرة (حارم)","Site_type":"SC","Category":"Stress","Total_IDPs":366,"Latitude":36.226509,"Longitude":36.559513000000003}},{"type":"Feature","id":597,"geometry":{"type":"Point","coordinates":[278973.26439999975,4010498.0931000002]},"properties":{"OBJECTID":597,"P_CODE":"CP002337","Governorate":"Idleb/إدلب","District":"Harim/حارم","Subdistrict":"Harim/مركز حارم","Community":"Harim/حارم","Site_name":"Jabal Banabil/ جبل بنابل","Site_type":"PC","Category":"Stress","Total_IDPs":366,"Latitude":36.214095,"Longitude":36.541190999999998}},{"type":"Feature","id":598,"geometry":{"type":"Point","coordinates":[290765.87839999981,4009360.8975000009]},"properties":{"OBJECTID":598,"P_CODE":"CP001716","Governorate":"Idleb/إدلب","District":"Harim/حارم","Subdistrict":"Dana/دانا","Community":"Babisqa/بابيسقا","Site_name":"kfrnbil / كفرنبل","Site_type":"SC","Category":"Stress","Total_IDPs":868,"Latitude":36.206474,"Longitude":36.672581000000001}},{"type":"Feature","id":599,"geometry":{"type":"Point","coordinates":[290364.72429999989,4009817.4666000009]},"properties":{"OBJECTID":599,"P_CODE":"CP001869","Governorate":"Idleb/إدلب","District":"Harim/حارم","Subdistrict":"Dana/دانا","Community":"Babisqa/بابيسقا","Site_name":"Shannan / شنان","Site_type":"SC","Category":"Stress","Total_IDPs":868,"Latitude":36.210500000000003,"Longitude":36.667999999999999}},{"type":"Feature","id":600,"geometry":{"type":"Point","coordinates":[289702.02780000027,4010464.6454000007]},"properties":{"OBJECTID":600,"P_CODE":"CP001651","Governorate":"Idleb/إدلب","District":"Harim/حارم","Subdistrict":"Dana/دانا","Community":"Babisqa/بابيسقا","Site_name":"Al Dayah-Alaqsa / الضيعة - الاقصى","Site_type":"SC","Category":"Stress","Total_IDPs":868,"Latitude":36.216186,"Longitude":36.66046}},{"type":"Feature","id":601,"geometry":{"type":"Point","coordinates":[290707.41089999955,4010290.2375000007]},"properties":{"OBJECTID":601,"P_CODE":"CP002189","Governorate":"Idleb/إدلب","District":"Harim/حارم","Subdistrict":"Dana/دانا","Community":"Babisqa/بابيسقا","Site_name":"Kun Amalan / كن أملا","Site_type":"SC","Category":"Stress","Total_IDPs":868,"Latitude":36.214832999999999,"Longitude":36.671683000000002}},{"type":"Feature","id":602,"geometry":{"type":"Point","coordinates":[291027.45160000026,4010264.7826000005]},"properties":{"OBJECTID":602,"P_CODE":"CP001652","Governorate":"Idleb/إدلب","District":"Harim/حارم","Subdistrict":"Dana/دانا","Community":"Babisqa/بابيسقا","Site_name":"Al Sindyanah / السنديانة","Site_type":"SC","Category":"Stress","Total_IDPs":868,"Latitude":36.214672899999997,"Longitude":36.675247499999998}},{"type":"Feature","id":603,"geometry":{"type":"Point","coordinates":[290944.47460000031,4010640.0010000002]},"properties":{"OBJECTID":603,"P_CODE":"CP000878","Governorate":"Idleb/إدلب","District":"Harim/حارم","Subdistrict":"Dana/دانا","Community":"Babisqa/بابيسقا","Site_name":"Muhajari Kafr Zita / مهجري كفرزيتا","Site_type":"SC","Category":"Stress","Total_IDPs":868,"Latitude":36.218035,"Longitude":36.674225}},{"type":"Feature","id":604,"geometry":{"type":"Point","coordinates":[290475.97479999997,4010309.9940000009]},"properties":{"OBJECTID":604,"P_CODE":"CP001057","Governorate":"Idleb/إدلب","District":"Harim/حارم","Subdistrict":"Dana/دانا","Community":"Babisqa/بابيسقا","Site_name":"Sheer Mghar / شير مغار","Site_type":"SC","Category":"Stress","Total_IDPs":868,"Latitude":36.214960859999998,"Longitude":36.66910498}},{"type":"Feature","id":605,"geometry":{"type":"Point","coordinates":[290695.7352,4010775.6941]},"properties":{"OBJECTID":605,"P_CODE":"CP001054","Governorate":"Idleb/إدلب","District":"Harim/حارم","Subdistrict":"Dana/دانا","Community":"Babisqa/بابيسقا","Site_name":"Al-Mousa / الموسى","Site_type":"SC","Category":"Stress","Total_IDPs":868,"Latitude":36.219203540000002,"Longitude":36.67142355}},{"type":"Feature","id":606,"geometry":{"type":"Point","coordinates":[290720.54870000016,4010975.6340999994]},"properties":{"OBJECTID":606,"P_CODE":"CP002197","Governorate":"Idleb/إدلب","District":"Harim/حارم","Subdistrict":"Dana/دانا","Community":"Babisqa/بابيسقا","Site_name":"Shamuna / شامنا","Site_type":"PC","Category":"Stress","Total_IDPs":868,"Latitude":36.22101,"Longitude":36.671646000000003}},{"type":"Feature","id":607,"geometry":{"type":"Point","coordinates":[290897.24959999975,4011286.9057]},"properties":{"OBJECTID":607,"P_CODE":"CP001056","Governorate":"Idleb/إدلب","District":"Harim/حارم","Subdistrict":"Dana/دانا","Community":"Babisqa/بابيسقا","Site_name":"Ebad Alrahman / عباد الرحمن","Site_type":"SC","Category":"Stress","Total_IDPs":868,"Latitude":36.223852209999997,"Longitude":36.673527360000001}},{"type":"Feature","id":608,"geometry":{"type":"Point","coordinates":[290963.92789999954,4011199.4706999995]},"properties":{"OBJECTID":608,"P_CODE":"CP002018","Governorate":"Idleb/إدلب","District":"Harim/حارم","Subdistrict":"Dana/دانا","Community":"Babisqa/بابيسقا","Site_name":"Salah Aldin(babisqa) / صلاح الدين(بابيسقا)","Site_type":"PC","Category":"Stress","Total_IDPs":868,"Latitude":36.223078999999998,"Longitude":36.674292000000001}},{"type":"Feature","id":609,"geometry":{"type":"Point","coordinates":[292732.65880000032,4010391.5297999997]},"properties":{"OBJECTID":609,"P_CODE":"CP000512","Governorate":"Idleb/إدلب","District":"Harim/حارم","Subdistrict":"Dana/دانا","Community":"Babisqa/بابيسقا","Site_name":"Al Mahabbah(Babisqa) / المحبة(بابيسقا)","Site_type":"SC","Category":"Stress","Total_IDPs":868,"Latitude":36.21618161,"Longitude":36.694169960000004}},{"type":"Feature","id":610,"geometry":{"type":"Point","coordinates":[299123.11950000003,4004482.8408000004]},"properties":{"OBJECTID":610,"P_CODE":"CP002417","Governorate":"Aleppo/حلب","District":"Jebel Saman/جبل سمعان","Subdistrict":"Atareb/أتارب","Community":"Kafr Karmin/كفر كرمين","Site_name":"Alkhairat Kafrkarmeen/ الخيرات كفركرمين","Site_type":"PC","Category":"Stress","Total_IDPs":952,"Latitude":36.164299999999997,"Longitude":36.766726400000003}},{"type":"Feature","id":611,"geometry":{"type":"Point","coordinates":[299217.56500000041,4004505.3092]},"properties":{"OBJECTID":611,"P_CODE":"CP000540","Governorate":"Aleppo/حلب","District":"Jebel Saman/جبل سمعان","Subdistrict":"Atareb/أتارب","Community":"Kafr Karmin/كفر كرمين","Site_name":"Al-Dwerat / الدويرات","Site_type":"SC","Category":"Stress","Total_IDPs":952,"Latitude":36.164521989999997,"Longitude":36.767769950000002}},{"type":"Feature","id":612,"geometry":{"type":"Point","coordinates":[299156.57529999968,4000673.7090000007]},"properties":{"OBJECTID":612,"P_CODE":"CP001510","Governorate":"Aleppo/حلب","District":"Jebel Saman/جبل سمعان","Subdistrict":"Atareb/أتارب","Community":"Kafr Naseh Elatareb/كفر ناصح الاتارب","Site_name":"Al Oliwi(Atareb) / العليوي(أتارب)","Site_type":"SC","Category":"Stress","Total_IDPs":952,"Latitude":36.129990999999997,"Longitude":36.768070999999999}},{"type":"Feature","id":613,"geometry":{"type":"Point","coordinates":[300216.1074000001,4001244.1099999994]},"properties":{"OBJECTID":613,"P_CODE":"CP000718","Governorate":"Aleppo/حلب","District":"Jebel Saman/جبل سمعان","Subdistrict":"Atareb/أتارب","Community":"Kafr Naseh Elatareb/كفر ناصح الاتارب","Site_name":"Hourti / حورتي","Site_type":"SC","Category":"Stress","Total_IDPs":952,"Latitude":36.135348489999998,"Longitude":36.77969255}},{"type":"Feature","id":614,"geometry":{"type":"Point","coordinates":[298063.04870000016,4003970.9890999999]},"properties":{"OBJECTID":614,"P_CODE":"CP002323","Governorate":"Aleppo/حلب","District":"Jebel Saman/جبل سمعان","Subdistrict":"Atareb/أتارب","Community":"Babka/بابكة","Site_name":"Deniz Dar Alarqam/ دينيز دار الارقام","Site_type":"PC","Category":"Stress","Total_IDPs":952,"Latitude":36.159468500000003,"Longitude":36.755080599999999}},{"type":"Feature","id":615,"geometry":{"type":"Point","coordinates":[298052.02350000013,4003654.2751000002]},"properties":{"OBJECTID":615,"P_CODE":"CP002324","Governorate":"Aleppo/حلب","District":"Jebel Saman/جبل سمعان","Subdistrict":"Atareb/أتارب","Community":"Babka/بابكة","Site_name":"Deniz Alharmeen/ دينيز الحرمين","Site_type":"PC","Category":"Stress","Total_IDPs":952,"Latitude":36.156613,"Longitude":36.755039500000002}},{"type":"Feature","id":616,"geometry":{"type":"Point","coordinates":[299039.67229999974,4005410.4102999996]},"properties":{"OBJECTID":616,"P_CODE":"CP002261","Governorate":"Idleb/إدلب","District":"Harim/حارم","Subdistrict":"Dana/دانا","Community":"Tal Elkarameh/تل الكرامة - دانا","Site_name":"Al Bur Village/ قرية البر","Site_type":"PC","Category":"Stress","Total_IDPs":868,"Latitude":36.172638999999997,"Longitude":36.765562000000003}},{"type":"Feature","id":617,"geometry":{"type":"Point","coordinates":[298889.63159999996,4003804.3315999992]},"properties":{"OBJECTID":617,"P_CODE":"CP002309","Governorate":"Aleppo/حلب","District":"Jebel Saman/جبل سمعان","Subdistrict":"Atareb/أتارب","Community":"Kafr Karmin/كفر كرمين","Site_name":"Kafr Karmin/كفر كرمين","Site_type":"PC","Category":"Stress","Total_IDPs":952,"Latitude":36.158138999999998,"Longitude":36.764305999999998}},{"type":"Feature","id":618,"geometry":{"type":"Point","coordinates":[297927.89749999996,4003446.5741000008]},"properties":{"OBJECTID":618,"P_CODE":"CP002245","Governorate":"Aleppo/حلب","District":"Jebel Saman/جبل سمعان","Subdistrict":"Atareb/أتارب","Community":"Babka/بابكة","Site_name":"Al Bashir(Babka)/ البشير(بابكة)","Site_type":"PC","Category":"Stress","Total_IDPs":952,"Latitude":36.154716000000001,"Longitude":36.753714000000002}},{"type":"Feature","id":619,"geometry":{"type":"Point","coordinates":[280842.97470000014,3980694.8751999997]},"properties":{"OBJECTID":619,"P_CODE":"CP000709","Governorate":"Idleb/إدلب","District":"Idleb/مركز إدلب","Subdistrict":"Idleb/مركز إدلب","Community":"Idleb/إدلب","Site_name":"Ritco / ريتكو","Site_type":"SC","Category":"Stress","Total_IDPs":394,"Latitude":35.946063000000002,"Longitude":36.570252000000004}},{"type":"Feature","id":620,"geometry":{"type":"Point","coordinates":[283571.18819999974,3981528.9976000004]},"properties":{"OBJECTID":620,"P_CODE":"CP002444","Governorate":"Idleb/إدلب","District":"Idleb/مركز إدلب","Subdistrict":"Idleb/مركز إدلب","Community":"Idleb/إدلب","Site_name":"Ain Mahil/ عين ماهل","Site_type":"PC","Category":"Stress","Total_IDPs":394,"Latitude":35.954185199999998,"Longitude":36.600247799999998}},{"type":"Feature","id":621,"geometry":{"type":"Point","coordinates":[293660.87829999998,4019110.2047000006]},"properties":{"OBJECTID":621,"P_CODE":"CP000114","Governorate":"Idleb/إدلب","District":"Harim/حارم","Subdistrict":"Dana/دانا","Community":"Atma/اطمه","Site_name":"Al Haq / الحق","Site_type":"SC","Category":"Stress","Total_IDPs":868,"Latitude":36.294920500000003,"Longitude":36.702188800000002}},{"type":"Feature","id":622,"geometry":{"type":"Point","coordinates":[329255.13850000035,4054716.2412]},"properties":{"OBJECTID":622,"P_CODE":"CP000008","Governorate":"Aleppo/حلب","District":"Azaz/اعزاز","Subdistrict":"Azaz/مركز اعزاز","Community":"Salama/السلامة","Site_name":"Sujjo / سوجو","Site_type":"PC","Category":"Stress","Total_IDPs":3642,"Latitude":36.622700000000002,"Longitude":37.090499000000001}},{"type":"Feature","id":623,"geometry":{"type":"Point","coordinates":[327203.53249999974,4053755.4995000008]},"properties":{"OBJECTID":623,"P_CODE":"CP001343","Governorate":"Aleppo/حلب","District":"Azaz/اعزاز","Subdistrict":"Azaz/مركز اعزاز","Community":"Salama/السلامة","Site_name":"Sujjo Siramik factory / سجو معمل سيراميك","Site_type":"SC","Category":"Stress","Total_IDPs":3642,"Latitude":36.613674000000003,"Longitude":37.067782999999999}},{"type":"Feature","id":624,"geometry":{"type":"Point","coordinates":[326881.62310000043,4050443.8815000001]},"properties":{"OBJECTID":624,"P_CODE":"CP002089","Governorate":"Aleppo/حلب","District":"Azaz/اعزاز","Subdistrict":"Azaz/مركز اعزاز","Community":"Azaz/أعزاز","Site_name":"Maskaneh / مسكنة","Site_type":"SC","Category":"Stress","Total_IDPs":3642,"Latitude":36.583778299999999,"Longitude":37.064930799999999}},{"type":"Feature","id":625,"geometry":{"type":"Point","coordinates":[294195.69079999998,4008755.4608999994]},"properties":{"OBJECTID":625,"P_CODE":"CP000405","Governorate":"Idleb/إدلب","District":"Harim/حارم","Subdistrict":"Dana/دانا","Community":"Sarmada/سرمدا","Site_name":"Al Fateh / الفتح","Site_type":"SC","Category":"Stress","Total_IDPs":868,"Latitude":36.201755669999997,"Longitude":36.710863799999998}},{"type":"Feature","id":626,"geometry":{"type":"Point","coordinates":[276101.01040000003,3999214.9905999992]},"properties":{"OBJECTID":626,"P_CODE":"CP000965","Governorate":"Idleb/إدلب","District":"Harim/حارم","Subdistrict":"Kafr Takharim/كفر تخاريم","Community":"Kafr Takharim/كفر تخاريم","Site_name":"Al Sina'a / الصناعة","Site_type":"SC","Category":"Stress","Total_IDPs":230,"Latitude":36.111805599999997,"Longitude":36.51248056}},{"type":"Feature","id":627,"geometry":{"type":"Point","coordinates":[293264.33579999954,4032712.4580000006]},"properties":{"OBJECTID":627,"P_CODE":"CP001863","Governorate":"Aleppo/حلب","District":"Afrin/عفرين","Subdistrict":"Jandairis/جنديرس","Community":"Zanda/زندة","Site_name":"Sundianki / سنديانكي","Site_type":"SC","Category":"Stress","Total_IDPs":402,"Latitude":36.417366000000001,"Longitude":36.694163000000003}},{"type":"Feature","id":628,"geometry":{"type":"Point","coordinates":[309047.55169999972,4042131.8880000003]},"properties":{"OBJECTID":628,"P_CODE":"CP001450","Governorate":"Aleppo/حلب","District":"Afrin/عفرين","Subdistrict":"Afrin/مركز عفرين","Community":"Afrin (Afrin)/عفرين - مركز عفرين","Site_name":"Jisr Afrin / جسر عفرين","Site_type":"SC","Category":"Stress","Total_IDPs":333,"Latitude":36.505494759999998,"Longitude":36.867764139999998}},{"type":"Feature","id":629,"geometry":{"type":"Point","coordinates":[308582.89470000006,4043210.8310000002]},"properties":{"OBJECTID":629,"P_CODE":"CP002402","Governorate":"Aleppo/حلب","District":"Afrin/عفرين","Subdistrict":"Afrin/مركز عفرين","Community":"Afrin (Afrin)/عفرين - مركز عفرين","Site_name":"MHD's Temporary reception center(Afrin)/ مركز استقبال مزن المؤقت","Site_type":"PC","Category":"Stress","Total_IDPs":333,"Latitude":36.515121999999998,"Longitude":36.862311499999997}},{"type":"Feature","id":630,"geometry":{"type":"Point","coordinates":[293267.22140000015,4019089.0250000004]},"properties":{"OBJECTID":630,"P_CODE":"CP000121","Governorate":"Idleb/إدلب","District":"Harim/حارم","Subdistrict":"Dana/دانا","Community":"Atma/اطمه","Site_name":"Al Manara / المنارة","Site_type":"SC","Category":"Stress","Total_IDPs":868,"Latitude":36.2946454,"Longitude":36.697813799999999}},{"type":"Feature","id":631,"geometry":{"type":"Point","coordinates":[313052.125,4040005.0885000005]},"properties":{"OBJECTID":631,"P_CODE":"CP002106","Governorate":"Aleppo/حلب","District":"Afrin/عفرين","Subdistrict":"Afrin/مركز عفرين","Community":"Khaldiyet Afrin/خالدية عفرين","Site_name":"Al-Baraka(Afrin) / البركة(عفرين)","Site_type":"PC","Category":"Stress","Total_IDPs":333,"Latitude":36.487124719999997,"Longitude":36.912967790000003}},{"type":"Feature","id":632,"geometry":{"type":"Point","coordinates":[312651.48959999997,4039439.1752000004]},"properties":{"OBJECTID":632,"P_CODE":"CP002349","Governorate":"Aleppo/حلب","District":"Afrin/عفرين","Subdistrict":"Afrin/مركز عفرين","Community":"Khaldiyet Afrin/خالدية عفرين","Site_name":"Kuwait Alrahma/ كويت الرحمة","Site_type":"PC","Category":"Stress","Total_IDPs":333,"Latitude":36.481948000000003,"Longitude":36.908634999999997}},{"type":"Feature","id":633,"geometry":{"type":"Point","coordinates":[290461.09850000031,3991728.6851000004]},"properties":{"OBJECTID":633,"P_CODE":"CP000528","Governorate":"Idleb/إدلب","District":"Idleb/مركز إدلب","Subdistrict":"Maaret Tamsrin/معرة تمصرين","Community":"Maaret Elekhwan/معارة الاخوان - معرة تمصرين","Site_name":"Maaret Elekhwan / معارة الاخوان","Site_type":"PC","Category":"Stress","Total_IDPs":601,"Latitude":36.047572000000002,"Longitude":36.673887000000001}},{"type":"Feature","id":634,"geometry":{"type":"Point","coordinates":[290911.22180000041,3993597.1426999997]},"properties":{"OBJECTID":634,"P_CODE":"CP001002","Governorate":"Idleb/إدلب","District":"Idleb/مركز إدلب","Subdistrict":"Maaret Tamsrin/معرة تمصرين","Community":"Maaret Elekhwan/معارة الاخوان - معرة تمصرين","Site_name":"Sikat Maart Elekhwan / سكة معارة الإخوان","Site_type":"PC","Category":"Stress","Total_IDPs":601,"Latitude":36.064500709999997,"Longitude":36.678385589999998}},{"type":"Feature","id":635,"geometry":{"type":"Point","coordinates":[298971.61319999956,4017892.0109999999]},"properties":{"OBJECTID":635,"P_CODE":"CP000702","Governorate":"Idleb/إدلب","District":"Harim/حارم","Subdistrict":"Dana/دانا","Community":"Tilaada/تلعادة","Site_name":"Al Etisam / الاعتصام","Site_type":"SC","Category":"Stress","Total_IDPs":868,"Latitude":36.285068000000003,"Longitude":36.761602000000003}},{"type":"Feature","id":636,"geometry":{"type":"Point","coordinates":[295495.65909999982,4016048.8676999994]},"properties":{"OBJECTID":636,"P_CODE":"CP001628","Governorate":"Idleb/إدلب","District":"Harim/حارم","Subdistrict":"Dana/دانا","Community":"Qah/قاح - دانا","Site_name":"Arinba / ارينبة","Site_type":"SC","Category":"Stress","Total_IDPs":868,"Latitude":36.267733649999997,"Longitude":36.723407899999998}},{"type":"Feature","id":637,"geometry":{"type":"Point","coordinates":[288478.38499999978,3984290.0166999996]},"properties":{"OBJECTID":637,"P_CODE":"CP001817","Governorate":"Idleb/إدلب","District":"Idleb/مركز إدلب","Subdistrict":"Maaret Tamsrin/معرة تمصرين","Community":"Ma'arrat Tamasrin/معر تمصرين","Site_name":"Al Dahroj / الدحروج","Site_type":"SC","Category":"Stress","Total_IDPs":601,"Latitude":35.980133000000002,"Longitude":36.653880999999998}},{"type":"Feature","id":638,"geometry":{"type":"Point","coordinates":[291628.20469999965,4001082.6294]},"properties":{"OBJECTID":638,"P_CODE":"CP000577","Governorate":"Idleb/إدلب","District":"Idleb/مركز إدلب","Subdistrict":"Maaret Tamsrin/معرة تمصرين","Community":"Kelly/كللي","Site_name":"Atta alkhair / عطاء الخير","Site_type":"PC","Category":"Stress","Total_IDPs":601,"Latitude":36.132086999999999,"Longitude":36.684362}},{"type":"Feature","id":639,"geometry":{"type":"Point","coordinates":[289906.72580000013,4003521.4338000007]},"properties":{"OBJECTID":639,"P_CODE":"CP000656","Governorate":"Idleb/إدلب","District":"Harim/حارم","Subdistrict":"Dana/دانا","Community":"Kafr Deryan/كفردريان","Site_name":"Reef Al-Maara Al Sharqi / ريف المعرة الشرقي","Site_type":"SC","Category":"Stress","Total_IDPs":868,"Latitude":36.153685000000003,"Longitude":36.664594000000001}},{"type":"Feature","id":640,"geometry":{"type":"Point","coordinates":[300846.6453999998,4012239.1819000002]},"properties":{"OBJECTID":640,"P_CODE":"CP000415","Governorate":"Idleb/إدلب","District":"Harim/حارم","Subdistrict":"Dana/دانا","Community":"Hezreh - Hezri/حزرة_حرزي","Site_name":"Al Ghoraba Homs / غرباء حمص","Site_type":"SC","Category":"Stress","Total_IDPs":868,"Latitude":36.234531789999998,"Longitude":36.783905470000001}},{"type":"Feature","id":641,"geometry":{"type":"Point","coordinates":[301352.62310000043,4012979.2399000004]},"properties":{"OBJECTID":641,"P_CODE":"CP001664","Governorate":"Idleb/إدلب","District":"Harim/حارم","Subdistrict":"Dana/دانا","Community":"Hezreh - Hezri/حزرة_حرزي","Site_name":"Nabe' Alamal / نبع الأمل","Site_type":"PC","Category":"Stress","Total_IDPs":868,"Latitude":36.241303000000002,"Longitude":36.789344200000002}},{"type":"Feature","id":642,"geometry":{"type":"Point","coordinates":[300839.28619999997,4013448.1834999993]},"properties":{"OBJECTID":642,"P_CODE":"CP000658","Governorate":"Idleb/إدلب","District":"Harim/حارم","Subdistrict":"Dana/دانا","Community":"Hezreh - Hezri/حزرة_حرزي","Site_name":"Wadi Haroon / وادي هارون","Site_type":"SC","Category":"Stress","Total_IDPs":868,"Latitude":36.245421950000001,"Longitude":36.78351602}},{"type":"Feature","id":643,"geometry":{"type":"Point","coordinates":[300392.66079999972,4012757.4386]},"properties":{"OBJECTID":643,"P_CODE":"CP002341","Governorate":"Idleb/إدلب","District":"Harim/حارم","Subdistrict":"Dana/دانا","Community":"Hezreh - Hezri/حزرة_حرزي","Site_name":"Alhidaya/ الهداية","Site_type":"SC","Category":"Stress","Total_IDPs":868,"Latitude":36.239106999999997,"Longitude":36.778725000000001}},{"type":"Feature","id":644,"geometry":null,"properties":{"OBJECTID":644,"Shape":null,"P_CODE":"CP002980","Governorate":"Dar'a/درعا","District":"Izra/ازرع","Subdistrict":"Hrak/الحراك","Community":"Hrak/الحراك","Site_name":"مخيم شرق الوادي/ East Valley Camp","Site_type":"SC","Category":"Stress","Total_IDPs":481,"Latitude":null,"Longitude":null}},{"type":"Feature","id":645,"geometry":{"type":"Point","coordinates":[254446.11620000005,3593845.4362000003]},"properties":{"OBJECTID":645,"P_CODE":"CP002931","Governorate":"Dar'a/درعا","District":"Izra/ازرع","Subdistrict":"Hrak/الحراك","Community":"Hrak/الحراك","Site_name":"Al-Wadi Camp / مخيم الوادي","Site_type":"SC","Category":"Stress","Total_IDPs":481,"Latitude":32.454723999999999,"Longitude":36.387728000000003}},{"type":"Feature","id":646,"geometry":{"type":"Point","coordinates":[293142.89290000033,4019033.4746000003]},"properties":{"OBJECTID":646,"P_CODE":"CP000140","Governorate":"Idleb/إدلب","District":"Harim/حارم","Subdistrict":"Dana/دانا","Community":"Atma/اطمه","Site_name":"Al Rawdah / الروضة","Site_type":"SC","Category":"Stress","Total_IDPs":868,"Latitude":36.294118330000003,"Longitude":36.696444999999997}},{"type":"Feature","id":647,"geometry":{"type":"Point","coordinates":[293639.46410000045,4019108.3267000001]},"properties":{"OBJECTID":647,"P_CODE":"CP000107","Governorate":"Idleb/إدلب","District":"Harim/حارم","Subdistrict":"Dana/دانا","Community":"Atma/اطمه","Site_name":"Al Aqsa / الأقصى","Site_type":"SC","Category":"Stress","Total_IDPs":868,"Latitude":36.294899000000001,"Longitude":36.701951000000001}},{"type":"Feature","id":648,"geometry":{"type":"Point","coordinates":[293749.83509999979,4018993.2972999997]},"properties":{"OBJECTID":648,"P_CODE":"CP000270","Governorate":"Idleb/إدلب","District":"Harim/حارم","Subdistrict":"Dana/دانا","Community":"Atma/اطمه","Site_name":"Al Eman Billah / الايمان بالله","Site_type":"SC","Category":"Stress","Total_IDPs":868,"Latitude":36.293886399999998,"Longitude":36.703209600000001}},{"type":"Feature","id":649,"geometry":{"type":"Point","coordinates":[293023.25739999954,3991524.0868999995]},"properties":{"OBJECTID":649,"P_CODE":"CP001122","Governorate":"Idleb/إدلب","District":"Idleb/مركز إدلب","Subdistrict":"Maaret Tamsrin/معرة تمصرين","Community":"Kafr - Kafrehmul/الكفر_كفريحمول","Site_name":"Sabron( Kafrehmul) / صابرون(كفريحمول)","Site_type":"SC","Category":"Stress","Total_IDPs":601,"Latitude":36.04627721,"Longitude":36.70236268}},{"type":"Feature","id":650,"geometry":{"type":"Point","coordinates":[407959.73060000036,4071712.0418999996]},"properties":{"OBJECTID":650,"P_CODE":"CP002164","Governorate":"Aleppo/حلب","District":"Jarablus/جرابلس","Subdistrict":"Jarablus/مركز جرابلس","Community":"Marma Elhajar/مرمى الحجر","Site_name":"Elaph 2 / إيلاف 2","Site_type":"PC","Category":"Stress","Total_IDPs":647,"Latitude":36.786746100000002,"Longitude":37.968451100000003}},{"type":"Feature","id":651,"geometry":{"type":"Point","coordinates":[411224.81410000008,4063087.3944000006]},"properties":{"OBJECTID":651,"P_CODE":"CP002007","Governorate":"Aleppo/حلب","District":"Jarablus/جرابلس","Subdistrict":"Jarablus/مركز جرابلس","Community":"Jubb Al-Kusa/جب الكوسا","Site_name":"Albunyan / البنيان 2","Site_type":"PC","Category":"Stress","Total_IDPs":647,"Latitude":36.709319960000002,"Longitude":38.00604293}},{"type":"Feature","id":652,"geometry":{"type":"Point","coordinates":[408400.85470000003,4071776.7619000003]},"properties":{"OBJECTID":652,"P_CODE":"CP001011","Governorate":"Aleppo/حلب","District":"Jarablus/جرابلس","Subdistrict":"Jarablus/مركز جرابلس","Community":"Marma Elhajar/مرمى الحجر","Site_name":"Ein Al Abeed / عين العبيد","Site_type":"PC","Category":"Stress","Total_IDPs":647,"Latitude":36.787372210000001,"Longitude":37.973386529999999}},{"type":"Feature","id":653,"geometry":{"type":"Point","coordinates":[263220.09499999974,3987623.2931999993]},"properties":{"OBJECTID":653,"P_CODE":"CP000460","Governorate":"Idleb/إدلب","District":"Jisr-Ash-Shugur/جسر الشغور","Subdistrict":"Darkosh/دركوش","Community":"Zanbaqi/الزنبقي","Site_name":"Aleppo 2 / حلب 2","Site_type":"SC","Category":"Stress","Total_IDPs":288,"Latitude":36.004351,"Longitude":36.372979999999998}},{"type":"Feature","id":654,"geometry":{"type":"Point","coordinates":[263031.79449999984,3982620.5238000005]},"properties":{"OBJECTID":654,"P_CODE":"CP001607","Governorate":"Idleb/إدلب","District":"Jisr-Ash-Shugur/جسر الشغور","Subdistrict":"Darkosh/دركوش","Community":"Zarzur (Darkosh)/زرزور - دركوش","Site_name":"Omran / عمران","Site_type":"PC","Category":"Stress","Total_IDPs":288,"Latitude":35.959248000000002,"Longitude":36.372388000000001}},{"type":"Feature","id":655,"geometry":{"type":"Point","coordinates":[297301.59850000031,4014675.3307000007]},"properties":{"OBJECTID":655,"P_CODE":"CP000436","Governorate":"Idleb/إدلب","District":"Harim/حارم","Subdistrict":"Dana/دانا","Community":"Deir Hassan - Darhashan/دير حسان_درحشان","Site_name":"Al Mazalem / المظاليم","Site_type":"SC","Category":"Stress","Total_IDPs":868,"Latitude":36.255741,"Longitude":36.743853999999999}},{"type":"Feature","id":656,"geometry":{"type":"Point","coordinates":[258418.42540000007,3604113.1677000001]},"properties":{"OBJECTID":656,"P_CODE":"CP002975","Governorate":"Dar'a/درعا","District":"Dara/درعا","Subdistrict":"Busra Esh-Sham/بصرى الشام","Community":"Moraba/معربة","Site_name":"كنيسة معربة /Moraba Church","Site_type":"CC","Category":"Stress","Total_IDPs":60,"Latitude":32.548126000000003,"Longitude":36.427314699999997}},{"type":"Feature","id":657,"geometry":{"type":"Point","coordinates":[251757.89240000024,3609965.2239999995]},"properties":{"OBJECTID":657,"P_CODE":"CP002977","Governorate":"Dar'a/درعا","District":"Dara/درعا","Subdistrict":"Mseifra/المسيفرة","Community":"Sahwa/السهوة","Site_name":"مركز كتيبة السهوة/ Al-Sahwa Battalion Center","Site_type":"SC","Category":"Stress","Total_IDPs":275,"Latitude":32.59939,"Longitude":36.354900000000001}},{"type":"Feature","id":658,"geometry":{"type":"Point","coordinates":[410011.64379999973,4072882.8838999998]},"properties":{"OBJECTID":658,"P_CODE":"CP000946","Governorate":"Aleppo/حلب","District":"Jarablus/جرابلس","Subdistrict":"Jarablus/مركز جرابلس","Community":"Jarablus/جرابلس","Site_name":"Al Haraksha / الحراكشة","Site_type":"SC","Category":"Stress","Total_IDPs":647,"Latitude":36.797496500000001,"Longitude":37.991306459999997}},{"type":"Feature","id":659,"geometry":{"type":"Point","coordinates":[412036.3646999998,4075818.3581000008]},"properties":{"OBJECTID":659,"P_CODE":"CP000945","Governorate":"Aleppo/حلب","District":"Jarablus/جرابلس","Subdistrict":"Jarablus/مركز جرابلس","Community":"Jarablus/جرابلس","Site_name":"Khalf Al Malaab / خلف الملعب","Site_type":"SC","Category":"Stress","Total_IDPs":647,"Latitude":36.824145340000001,"Longitude":38.013659400000002}},{"type":"Feature","id":660,"geometry":{"type":"Point","coordinates":[473467.11950000003,3989594.2422000002]},"properties":{"OBJECTID":660,"P_CODE":"CP002504","Governorate":"Ar-Raqqa","District":"Ar-Raqqa","Subdistrict":"Ar-Raqqa","Community":"Abu Kabret Al Rashid","Site_name":"Abu Kubra/ابو كبرة","Site_type":"SC","Category":"Stress","Total_IDPs":1105,"Latitude":36.050539999999998,"Longitude":38.705419999999997}},{"type":"Feature","id":661,"geometry":{"type":"Point","coordinates":[656986.6810999997,4041281.4965000004]},"properties":{"OBJECTID":661,"P_CODE":"CP002805","Governorate":"Al-Hasakeh","District":"Al-Hasakeh","Subdistrict":"Al-Hasakeh","Community":"Al-Hasakeh","Site_name":"Buhtri","Site_type":"PC","Category":"Stress","Total_IDPs":373,"Latitude":36.504007690000002,"Longitude":40.7529684}},{"type":"Feature","id":662,"geometry":{"type":"Point","coordinates":[656474.99029999971,4039371.5241]},"properties":{"OBJECTID":662,"P_CODE":"CP002809","Governorate":"Al-Hasakeh","District":"Al-Hasakeh","Subdistrict":"Al-Hasakeh","Community":"Al-Hasakeh","Site_name":"Masakan ashorta (Police housing)","Site_type":"CC","Category":"Stress","Total_IDPs":373,"Latitude":36.486880749999997,"Longitude":40.746870389999998}},{"type":"Feature","id":663,"geometry":{"type":"Point","coordinates":[657914.93329999968,4037033.6827000007]},"properties":{"OBJECTID":663,"P_CODE":"CP002756","Governorate":"Al-Hasakeh","District":"Al-Hasakeh","Subdistrict":"Al-Hasakeh","Community":"Al-Hasakeh","Site_name":"Pa0%rama buildings","Site_type":"CC","Category":"Stress","Total_IDPs":373,"Latitude":36.465578190000002,"Longitude":40.762461690000002}},{"type":"Feature","id":664,"geometry":{"type":"Point","coordinates":[475099.67590000015,3987854.7172999997]},"properties":{"OBJECTID":664,"P_CODE":"CP002531","Governorate":"Ar-Raqqa","District":"Ar-Raqqa","Subdistrict":"Ar-Raqqa","Community":"Hadba","Site_name":"Al Hadbaa/الحدباء","Site_type":"SC","Category":"Stress","Total_IDPs":1105,"Latitude":36.0349,"Longitude":38.723599999999998}},{"type":"Feature","id":665,"geometry":{"type":"Point","coordinates":[483631.69840000011,3980943.4880999997]},"properties":{"OBJECTID":665,"P_CODE":"CP002533","Governorate":"Ar-Raqqa","District":"Ar-Raqqa","Subdistrict":"Ar-Raqqa","Community":"Khayala","Site_name":"Khayala/الخيالة","Site_type":"SC","Category":"Stress","Total_IDPs":1105,"Latitude":35.972769999999997,"Longitude":38.818449999999999}},{"type":"Feature","id":666,"geometry":{"type":"Point","coordinates":[657271.34310000017,4041646.5033]},"properties":{"OBJECTID":666,"P_CODE":"CP002827","Governorate":"Al-Hasakeh","District":"Al-Hasakeh","Subdistrict":"Al-Hasakeh","Community":"Al-Hasakeh","Site_name":"Water Department,","Site_type":"CC","Category":"Stress","Total_IDPs":373,"Latitude":36.507249999999999,"Longitude":40.756219999999999}},{"type":"Feature","id":667,"geometry":{"type":"Point","coordinates":[486796.82050000038,3987900.3047000002]},"properties":{"OBJECTID":667,"P_CODE":"CP002488","Governorate":"Ar-Raqqa","District":"Ar-Raqqa","Subdistrict":"Ar-Raqqa","Community":"Al rafqah","Site_name":"Rafqa/الرافقه","Site_type":"SC","Category":"Stress","Total_IDPs":1105,"Latitude":36.035539999999997,"Longitude":38.853439999999999}},{"type":"Feature","id":668,"geometry":{"type":"Point","coordinates":[656160.06149999984,4038712.7577]},"properties":{"OBJECTID":668,"P_CODE":"CP002757","Governorate":"Al-Hasakeh","District":"Al-Hasakeh","Subdistrict":"Al-Hasakeh","Community":"Al-Hasakeh","Site_name":"Youth Buildings","Site_type":"CC","Category":"Stress","Total_IDPs":373,"Latitude":36.480995999999998,"Longitude":40.743223}},{"type":"Feature","id":669,"geometry":{"type":"Point","coordinates":[476072.48469999991,3975542.6161000002]},"properties":{"OBJECTID":669,"P_CODE":"CP002484","Governorate":"Ar-Raqqa","District":"Ar-Raqqa","Subdistrict":"Ar-Raqqa","Community":"Western Sahlabiyeh","Site_name":"Al-Ballanah/مخيم البلانة","Site_type":"SC","Category":"Stress","Total_IDPs":1105,"Latitude":35.923920000000003,"Longitude":38.734769999999997}},{"type":"Feature","id":670,"geometry":{"type":"Point","coordinates":[476165.82589999959,3992308.3944000006]},"properties":{"OBJECTID":670,"P_CODE":"CP002502","Governorate":"Ar-Raqqa","District":"Ar-Raqqa","Subdistrict":"Ar-Raqqa","Community":"Atshana","Site_name":"Alajaj/العجاج","Site_type":"SC","Category":"Stress","Total_IDPs":1105,"Latitude":36.07508,"Longitude":38.735300000000002}},{"type":"Feature","id":671,"geometry":{"type":"Point","coordinates":[261673.41679999977,3985606.2605000008]},"properties":{"OBJECTID":671,"P_CODE":"CP000481","Governorate":"Idleb/إدلب","District":"Jisr-Ash-Shugur/جسر الشغور","Subdistrict":"Darkosh/دركوش","Community":"Dorriyeh/الدرية","Site_name":"Al Faroq (Darkosh) / الفاروق)دركوش)","Site_type":"SC","Category":"Stress","Total_IDPs":288,"Latitude":35.985807999999999,"Longitude":36.356442999999999}},{"type":"Feature","id":672,"geometry":{"type":"Point","coordinates":[261773.58559999987,3985686.5405000001]},"properties":{"OBJECTID":672,"P_CODE":"CP001472","Governorate":"Idleb/إدلب","District":"Jisr-Ash-Shugur/جسر الشغور","Subdistrict":"Darkosh/دركوش","Community":"Dorriyeh/الدرية","Site_name":"Abo-Baker / أبو بكر","Site_type":"SC","Category":"Stress","Total_IDPs":288,"Latitude":35.986555500000001,"Longitude":36.357528899999998}},{"type":"Feature","id":673,"geometry":{"type":"Point","coordinates":[293871.30140000023,3994225.2032999992]},"properties":{"OBJECTID":673,"P_CODE":"CP001121","Governorate":"Idleb/إدلب","District":"Idleb/مركز إدلب","Subdistrict":"Maaret Tamsrin/معرة تمصرين","Community":"Kafr - Kafrehmul/الكفر_كفريحمول","Site_name":"Al_Fahed / الفهد","Site_type":"SC","Category":"Stress","Total_IDPs":601,"Latitude":36.070790610000003,"Longitude":36.711065040000001}},{"type":"Feature","id":674,"geometry":{"type":"Point","coordinates":[246110.16370000038,3977382.6608000007]},"properties":{"OBJECTID":674,"P_CODE":"CP000904","Governorate":"Idleb/إدلب","District":"Jisr-Ash-Shugur/جسر الشغور","Subdistrict":"Badama/بداما","Community":"Kherbet Eljoz/خربة الجوز","Site_name":"Al Khair 2 / الخير2","Site_type":"SC","Category":"Stress","Total_IDPs":319,"Latitude":35.907827009999998,"Longitude":36.18662286}},{"type":"Feature","id":675,"geometry":{"type":"Point","coordinates":[245393.54999999981,3975007.7623999994]},"properties":{"OBJECTID":675,"P_CODE":"CP000995","Governorate":"Idleb/إدلب","District":"Jisr-Ash-Shugur/جسر الشغور","Subdistrict":"Badama/بداما","Community":"Kherbet Eljoz/خربة الجوز","Site_name":"Al Taawun / التعاون","Site_type":"SC","Category":"Stress","Total_IDPs":319,"Latitude":35.886254460000004,"Longitude":36.179450009999996}},{"type":"Feature","id":676,"geometry":{"type":"Point","coordinates":[247848.47640000004,3969201.6078999992]},"properties":{"OBJECTID":676,"P_CODE":"CP002350","Governorate":"Idleb/إدلب","District":"Jisr-Ash-Shugur/جسر الشغور","Subdistrict":"Badama/بداما","Community":"Kherbet Eljoz/خربة الجوز","Site_name":"Albaraa/ البراءة","Site_type":"SC","Category":"Stress","Total_IDPs":319,"Latitude":35.834603000000001,"Longitude":36.208452100000002}},{"type":"Feature","id":677,"geometry":{"type":"Point","coordinates":[292791.46710000001,3991670.7378000002]},"properties":{"OBJECTID":677,"P_CODE":"CP000693","Governorate":"Idleb/إدلب","District":"Idleb/مركز إدلب","Subdistrict":"Maaret Tamsrin/معرة تمصرين","Community":"Kafr - Kafrehmul/الكفر_كفريحمول","Site_name":"Al Job / الجب","Site_type":"SC","Category":"Stress","Total_IDPs":601,"Latitude":36.047548999999997,"Longitude":36.699753000000001}},{"type":"Feature","id":678,"geometry":{"type":"Point","coordinates":[292802.66970000044,3992594.3189000003]},"properties":{"OBJECTID":678,"P_CODE":"Cp000952","Governorate":"Idleb/إدلب","District":"Idleb/مركز إدلب","Subdistrict":"Maaret Tamsrin/معرة تمصرين","Community":"Kafr - Kafrehmul/الكفر_كفريحمول","Site_name":"Al Rahma(Kafr Yahmoul) / الرحمة(كفريحمول)","Site_type":"SC","Category":"Stress","Total_IDPs":601,"Latitude":36.055871539999998,"Longitude":36.699635059999999}},{"type":"Feature","id":679,"geometry":{"type":"Point","coordinates":[298449.49899999984,4012900.3144000005]},"properties":{"OBJECTID":679,"P_CODE":"CP001374","Governorate":"Idleb/إدلب","District":"Harim/حارم","Subdistrict":"Dana/دانا","Community":"Deir Hassan - Darhashan/دير حسان_درحشان","Site_name":"Al Huriya / الحرية","Site_type":"SC","Category":"Stress","Total_IDPs":868,"Latitude":36.239990769999999,"Longitude":36.757079140000002}},{"type":"Feature","id":680,"geometry":{"type":"Point","coordinates":[297615.83279999997,4014298.3104999997]},"properties":{"OBJECTID":680,"P_CODE":"CP001072","Governorate":"Idleb/إدلب","District":"Harim/حارم","Subdistrict":"Dana/دانا","Community":"Deir Hassan - Darhashan/دير حسان_درحشان","Site_name":"Shahranaz / شهرناز","Site_type":"SC","Category":"Stress","Total_IDPs":868,"Latitude":36.252410490000003,"Longitude":36.747446709999998}},{"type":"Feature","id":681,"geometry":{"type":"Point","coordinates":[297713.55900000036,4014412.9829999991]},"properties":{"OBJECTID":681,"P_CODE":"CP002208","Governorate":"Idleb/إدلب","District":"Harim/حارم","Subdistrict":"Dana/دانا","Community":"Deir Hassan - Darhashan/دير حسان_درحشان","Site_name":"Racha Aljanobiyh / راشا الجنوبية","Site_type":"SC","Category":"Stress","Total_IDPs":868,"Latitude":36.253464000000001,"Longitude":36.748503999999997}},{"type":"Feature","id":682,"geometry":{"type":"Point","coordinates":[298006.87729999982,4012688.1096000001]},"properties":{"OBJECTID":682,"P_CODE":"CP000887","Governorate":"Idleb/إدلب","District":"Harim/حارم","Subdistrict":"Dana/دانا","Community":"Deir Hassan - Darhashan/دير حسان_درحشان","Site_name":"Marj Al Zohor / مرج الزهور","Site_type":"SC","Category":"Stress","Total_IDPs":868,"Latitude":36.237986669999998,"Longitude":36.752211670000001}},{"type":"Feature","id":683,"geometry":{"type":"Point","coordinates":[297282.23759999964,4013828.5493999999]},"properties":{"OBJECTID":683,"P_CODE":"CP000466","Governorate":"Idleb/إدلب","District":"Harim/حارم","Subdistrict":"Dana/دانا","Community":"Deir Hassan - Darhashan/دير حسان_درحشان","Site_name":"Badelha / بدلها","Site_type":"PC","Category":"Stress","Total_IDPs":868,"Latitude":36.24810866,"Longitude":36.743858080000003}},{"type":"Feature","id":684,"geometry":{"type":"Point","coordinates":[477479.6398,3979695.9863000009]},"properties":{"OBJECTID":684,"P_CODE":"CP002537","Governorate":"Ar-Raqqa","District":"Ar-Raqqa","Subdistrict":"Ar-Raqqa","Community":"Mathloum","Site_name":"Wadi AL Fed/وادي الفيض","Site_type":"SC","Category":"Stress","Total_IDPs":1105,"Latitude":35.961399999999998,"Longitude":38.750250000000001}},{"type":"Feature","id":685,"geometry":{"type":"Point","coordinates":[475179.46729999967,3978142.7093000002]},"properties":{"OBJECTID":685,"P_CODE":"CP002558","Governorate":"Ar-Raqqa","District":"Ar-Raqqa","Subdistrict":"Ar-Raqqa","Community":"Mathloum","Site_name":"Westren Salhabiya 2 /Kilo 0/مخيم السلحبية الغربية 2 / كيلو صفر","Site_type":"SC","Category":"Stress","Total_IDPs":1105,"Latitude":35.947339999999997,"Longitude":38.724789999999999}},{"type":"Feature","id":686,"geometry":{"type":"Point","coordinates":[699682.44359999988,4105055.7161999997]},"properties":{"OBJECTID":686,"P_CODE":"CP002834","Governorate":"Al-Hasakeh","District":"Quamishli","Subdistrict":"Quamishli","Community":"Quamishli","Site_name":"Masoud Lahdo","Site_type":"CC","Category":"Stress","Total_IDPs":380,"Latitude":37.070521999999997,"Longitude":41.246144000000001}},{"type":"Feature","id":687,"geometry":{"type":"Point","coordinates":[697289.59169999976,4103214.4234999996]},"properties":{"OBJECTID":687,"P_CODE":"CP002864","Governorate":"Al-Hasakeh","District":"Quamishli","Subdistrict":"Quamishli","Community":"Quamishli","Site_name":"Officers housing","Site_type":"CC","Category":"Stress","Total_IDPs":380,"Latitude":37.054442999999999,"Longitude":41.218763000000003}},{"type":"Feature","id":688,"geometry":{"type":"Point","coordinates":[697666.03239999991,4102816.3392999992]},"properties":{"OBJECTID":688,"P_CODE":"CP002862","Governorate":"Al-Hasakeh","District":"Quamishli","Subdistrict":"Quamishli","Community":"Quamishli","Site_name":"the old national hospital","Site_type":"CC","Category":"Stress","Total_IDPs":380,"Latitude":37.050778000000001,"Longitude":41.222889000000002}},{"type":"Feature","id":689,"geometry":{"type":"Point","coordinates":[695034.75459999964,4102741.6656999998]},"properties":{"OBJECTID":689,"P_CODE":"CP002826","Governorate":"Al-Hasakeh","District":"Quamishli","Subdistrict":"Quamishli","Community":"Himo","Site_name":"Masakin Hilalia","Site_type":"CC","Category":"Stress","Total_IDPs":380,"Latitude":37.050655999999996,"Longitude":41.193299000000003}},{"type":"Feature","id":690,"geometry":{"type":"Point","coordinates":[299678.78679999989,4014640.5200999994]},"properties":{"OBJECTID":690,"P_CODE":"CP001617","Governorate":"Idleb/إدلب","District":"Harim/حارم","Subdistrict":"Dana/دانا","Community":"Deir Hassan - Darhashan/دير حسان_درحشان","Site_name":"Al Muhajaren / المهجرين","Site_type":"SC","Category":"Stress","Total_IDPs":868,"Latitude":36.255923439999997,"Longitude":36.770304170000003}},{"type":"Feature","id":691,"geometry":{"type":"Point","coordinates":[241147.58169999998,3634702.9483000003]},"properties":{"OBJECTID":691,"P_CODE":"CP002979","Governorate":"Dar'a/درعا","District":"Izra/ازرع","Subdistrict":"Izra/مركز ازرع","Community":"Izra'/ازرع","Site_name":"تجمع صافية/ Safia gathering","Site_type":"CC","Category":"Stress","Total_IDPs":402,"Latitude":32.819853520000002,"Longitude":36.235082749999997}},{"type":"Feature","id":692,"geometry":{"type":"Point","coordinates":[253084.40649999958,3608304.4508999996]},"properties":{"OBJECTID":692,"P_CODE":"CP002930","Governorate":"Dar'a/درعا","District":"Izra/ازرع","Subdistrict":"Hrak/الحراك","Community":"Sura/الصورة","Site_name":"Sura Center / مركز الصوره","Site_type":"CC","Category":"Stress","Total_IDPs":481,"Latitude":32.584720799999999,"Longitude":36.3694591}},{"type":"Feature","id":693,"geometry":{"type":"Point","coordinates":[227831.39419999998,3641553.0899999999]},"properties":{"OBJECTID":693,"P_CODE":"CP002986","Governorate":"Dar'a/درعا","District":"Izra/ازرع","Subdistrict":"Nawa /نوى","Community":"Nawa (Nawa)/نوى - نوى","Site_name":"تجمع خيم شرق مقبرة حرفوش/  East of Harfoush cemetery","Site_type":"CC","Category":"Stress","Total_IDPs":100,"Latitude":32.878345000000003,"Longitude":36.090986700000002}},{"type":"Feature","id":694,"geometry":{"type":"Point","coordinates":[656479.05360000022,4050654.8183999993]},"properties":{"OBJECTID":694,"P_CODE":"CP002849","Governorate":"Al-Hasakeh","District":"Al-Hasakeh","Subdistrict":"Al-Hasakeh","Community":"Mahd Elrijleh","Site_name":"Tolko","Site_type":"CC","Category":"Stress","Total_IDPs":373,"Latitude":36.588552999999997,"Longitude":40.749205000000003}},{"type":"Feature","id":695,"geometry":{"type":"Point","coordinates":[245410.05470000021,3973172.1791999992]},"properties":{"OBJECTID":695,"P_CODE":"CP000505","Governorate":"Idleb/إدلب","District":"Jisr-Ash-Shugur/جسر الشغور","Subdistrict":"Badama/بداما","Community":"Ein El-Bayda (Badama)/عين البيضا - بداما","Site_name":"Al Ziyara / الزيارة","Site_type":"SC","Category":"Stress","Total_IDPs":319,"Latitude":35.869729,"Longitude":36.180219000000001}},{"type":"Feature","id":696,"geometry":{"type":"Point","coordinates":[245506.3339999998,3976195.3940999992]},"properties":{"OBJECTID":696,"P_CODE":"CP002155","Governorate":"Idleb/إدلب","District":"Jisr-Ash-Shugur/جسر الشغور","Subdistrict":"Badama/بداما","Community":"Kherbet Eljoz/خربة الجوز","Site_name":"Manazil Alhayat / منازل الحياة","Site_type":"PC","Category":"Stress","Total_IDPs":319,"Latitude":35.896978599999997,"Longitude":36.1803186}},{"type":"Feature","id":697,"geometry":{"type":"Point","coordinates":[245755.55439999979,3975813.7714000009]},"properties":{"OBJECTID":697,"P_CODE":"CP002059","Governorate":"Idleb/إدلب","District":"Jisr-Ash-Shugur/جسر الشغور","Subdistrict":"Badama/بداما","Community":"Kherbet Eljoz/خربة الجوز","Site_name":"Amal Alsahel / أمل الساحل","Site_type":"PC","Category":"Stress","Total_IDPs":319,"Latitude":35.893606800000001,"Longitude":36.183198699999998}},{"type":"Feature","id":698,"geometry":{"type":"Point","coordinates":[244911.59740000032,3974419.9857999999]},"properties":{"OBJECTID":698,"P_CODE":"CP001461","Governorate":"Idleb/إدلب","District":"Jisr-Ash-Shugur/جسر الشغور","Subdistrict":"Badama/بداما","Community":"Kherbet Eljoz/خربة الجوز","Site_name":"Alkfair / الكفير","Site_type":"SC","Category":"Stress","Total_IDPs":319,"Latitude":35.880836000000002,"Longitude":36.174304900000003}},{"type":"Feature","id":699,"geometry":{"type":"Point","coordinates":[245052.12600000016,3974518.9182999991]},"properties":{"OBJECTID":699,"P_CODE":"CP000989","Governorate":"Idleb/إدلب","District":"Jisr-Ash-Shugur/جسر الشغور","Subdistrict":"Badama/بداما","Community":"Kherbet Eljoz/خربة الجوز","Site_name":"Aidoun / عائدون","Site_type":"SC","Category":"Stress","Total_IDPs":319,"Latitude":35.881763499999998,"Longitude":36.17582823}},{"type":"Feature","id":700,"geometry":{"type":"Point","coordinates":[245181.88549999986,3970077.3358999994]},"properties":{"OBJECTID":700,"P_CODE":"CP001454","Governorate":"Idleb/إدلب","District":"Jisr-Ash-Shugur/جسر الشغور","Subdistrict":"Badama/بداما","Community":"Hanbushiyeh/حنبوشية","Site_name":"Rami-Habib / رامي حبيب","Site_type":"SC","Category":"Stress","Total_IDPs":319,"Latitude":35.841799999999999,"Longitude":36.178682999999999}},{"type":"Feature","id":701,"geometry":{"type":"Point","coordinates":[247625.61990000028,3973809.5413000006]},"properties":{"OBJECTID":701,"P_CODE":"CP001264","Governorate":"Idleb/إدلب","District":"Jisr-Ash-Shugur/جسر الشغور","Subdistrict":"Badama/بداما","Community":"Baksariya/بكسريا - بداما","Site_name":"Bekseria / بكسريا","Site_type":"SC","Category":"Stress","Total_IDPs":319,"Latitude":35.876041999999998,"Longitude":36.204529999999998}},{"type":"Feature","id":702,"geometry":{"type":"Point","coordinates":[484208.92339999974,3995572.2339999992]},"properties":{"OBJECTID":702,"P_CODE":"CP002487","Governorate":"Ar-Raqqa","District":"Ar-Raqqa","Subdistrict":"Ar-Raqqa","Community":"Royan","Site_name":"East Royan 1 / Royan sharqi / Royan/مخيم ريان شرقي ١/ مخيم ريان شرقي١","Site_type":"SC","Category":"Stress","Total_IDPs":1105,"Latitude":36.104669999999999,"Longitude":38.824559999999998}},{"type":"Feature","id":703,"geometry":{"type":"Point","coordinates":[480932.70930000022,3996862.0732000005]},"properties":{"OBJECTID":703,"P_CODE":"CP002548","Governorate":"Ar-Raqqa","District":"Ar-Raqqa","Subdistrict":"Ar-Raqqa","Community":"Royan","Site_name":"North Royan / Royan shamali/مخيم رويان شمالي","Site_type":"SC","Category":"Stress","Total_IDPs":1105,"Latitude":36.116239999999998,"Longitude":38.788130000000002}},{"type":"Feature","id":704,"geometry":{"type":"Point","coordinates":[476438.0203999998,3972228.6272]},"properties":{"OBJECTID":704,"P_CODE":"CP002486","Governorate":"Ar-Raqqa","District":"Ar-Raqqa","Subdistrict":"Ar-Raqqa","Community":"Ber-Hmad","Site_name":"Hawijat Atiq/حويجة عتيق","Site_type":"SC","Category":"Stress","Total_IDPs":1105,"Latitude":35.89405,"Longitude":38.73892}},{"type":"Feature","id":705,"geometry":{"type":"Point","coordinates":[273653.38949999958,3992057.3965000007]},"properties":{"OBJECTID":705,"P_CODE":"CP000874","Governorate":"Idleb/إدلب","District":"Harim/حارم","Subdistrict":"Armanaz/أرمناز","Community":"Armanaz/أرمناز","Site_name":"Alrayan (Armanaz) / الريان(أرمناز)","Site_type":"SC","Category":"Stress","Total_IDPs":106,"Latitude":36.046768710000002,"Longitude":36.487364120000002}},{"type":"Feature","id":706,"geometry":{"type":"Point","coordinates":[280815.08420000039,3992990.1997999996]},"properties":{"OBJECTID":706,"P_CODE":"CP001208","Governorate":"Idleb/إدلب","District":"Idleb/مركز إدلب","Subdistrict":"Maaret Tamsrin/معرة تمصرين","Community":"Shekh Bahr/الشيخ بحر","Site_name":"Al-Omran / العمران","Site_type":"SC","Category":"Stress","Total_IDPs":601,"Latitude":36.056810560000002,"Longitude":36.566540580000002}},{"type":"Feature","id":707,"geometry":{"type":"Point","coordinates":[281134.75409999955,3989540.1132999994]},"properties":{"OBJECTID":707,"P_CODE":"CP001212","Governorate":"Idleb/إدلب","District":"Idleb/مركز إدلب","Subdistrict":"Maaret Tamsrin/معرة تمصرين","Community":"Shekh Bahr/الشيخ بحر","Site_name":"Al Sader / الصدر","Site_type":"PC","Category":"Stress","Total_IDPs":601,"Latitude":36.025804999999998,"Longitude":36.571041999999998}},{"type":"Feature","id":708,"geometry":{"type":"Point","coordinates":[269207.63729999959,3977712.5217000004]},"properties":{"OBJECTID":708,"P_CODE":"CP001226","Governorate":"Idleb/إدلب","District":"Harim/حارم","Subdistrict":"Armanaz/أرمناز","Community":"al-Baali'ah/البالعة","Site_name":"Al Mahata / المحطة","Site_type":"SC","Category":"Stress","Total_IDPs":106,"Latitude":35.916521000000003,"Longitude":36.442231999999997}},{"type":"Feature","id":709,"geometry":{"type":"Point","coordinates":[280617.04140000045,3989781.4295000006]},"properties":{"OBJECTID":709,"P_CODE":"CP001520","Governorate":"Idleb/إدلب","District":"Idleb/مركز إدلب","Subdistrict":"Maaret Tamsrin/معرة تمصرين","Community":"Shekh Bahr/الشيخ بحر","Site_name":"Al Bayan(Shekh Bahr) / البيان(شيخ بحر)","Site_type":"PC","Category":"Stress","Total_IDPs":601,"Latitude":36.027862229999997,"Longitude":36.565234179999997}},{"type":"Feature","id":710,"geometry":{"type":"Point","coordinates":[297614.65469999984,4013913.3204999994]},"properties":{"OBJECTID":710,"P_CODE":"CP000437","Governorate":"Idleb/إدلب","District":"Harim/حارم","Subdistrict":"Dana/دانا","Community":"Deir Hassan - Darhashan/دير حسان_درحشان","Site_name":"Al Nour (Deir Hassan) / النور(دير حسان)","Site_type":"SC","Category":"Stress","Total_IDPs":868,"Latitude":36.248942030000002,"Longitude":36.747533199999999}},{"type":"Feature","id":711,"geometry":{"type":"Point","coordinates":[298014.26960000023,4014128.9227000009]},"properties":{"OBJECTID":711,"P_CODE":"CP000407","Governorate":"Idleb/إدلب","District":"Harim/حارم","Subdistrict":"Dana/دانا","Community":"Deir Hassan - Darhashan/دير حسان_درحشان","Site_name":"Al Bunian Al Kuwaite / البنيان الكويتي","Site_type":"SC","Category":"Stress","Total_IDPs":868,"Latitude":36.250967950000003,"Longitude":36.751922}},{"type":"Feature","id":712,"geometry":{"type":"Point","coordinates":[298304.99459999986,4013823.4640999995]},"properties":{"OBJECTID":712,"P_CODE":"CP000440","Governorate":"Idleb/إدلب","District":"Harim/حارم","Subdistrict":"Dana/دانا","Community":"Deir Hassan - Darhashan/دير حسان_درحشان","Site_name":"Nour Al Kheir / نور الخير","Site_type":"SC","Category":"Stress","Total_IDPs":868,"Latitude":36.248276939999997,"Longitude":36.75523424}},{"type":"Feature","id":713,"geometry":{"type":"Point","coordinates":[299396.47049999982,4012666.6704999991]},"properties":{"OBJECTID":713,"P_CODE":"CP002158","Governorate":"Idleb/إدلب","District":"Harim/حارم","Subdistrict":"Dana/دانا","Community":"Deir Hassan - Darhashan/دير حسان_درحشان","Site_name":"Alrabiee-Almaqlaa / الربيع-المقلع","Site_type":"SC","Category":"Stress","Total_IDPs":868,"Latitude":36.238083000000003,"Longitude":36.767670000000003}},{"type":"Feature","id":714,"geometry":{"type":"Point","coordinates":[299526.05080000032,4012552.227]},"properties":{"OBJECTID":714,"P_CODE":"CP002160","Governorate":"Idleb/إدلب","District":"Harim/حارم","Subdistrict":"Dana/دانا","Community":"Hezreh - Hezri/حزرة_حرزي","Site_name":"(Iqraa(Hezreh / اقرأ (حزرة)","Site_type":"SC","Category":"Stress","Total_IDPs":868,"Latitude":36.2370789,"Longitude":36.769140299999997}},{"type":"Feature","id":715,"geometry":{"type":"Point","coordinates":[298533.15319999959,4012432.6284999996]},"properties":{"OBJECTID":715,"P_CODE":"CP000336","Governorate":"Idleb/إدلب","District":"Harim/حارم","Subdistrict":"Dana/دانا","Community":"Deir Hassan - Darhashan/دير حسان_درحشان","Site_name":"Ebtieen / عبطين","Site_type":"SC","Category":"Stress","Total_IDPs":868,"Latitude":36.235794990000002,"Longitude":36.758129789999998}},{"type":"Feature","id":716,"geometry":{"type":"Point","coordinates":[294046.04119999986,4011485.8223999999]},"properties":{"OBJECTID":716,"P_CODE":"CP000510","Governorate":"Idleb/إدلب","District":"Harim/حارم","Subdistrict":"Dana/دانا","Community":"Bab El Hawa/باب الهوى - دانا","Site_name":"Kelbit / كلبيت","Site_type":"SC","Category":"Stress","Total_IDPs":868,"Latitude":36.226320000000001,"Longitude":36.708483000000001}},{"type":"Feature","id":717,"geometry":{"type":"Point","coordinates":[298758.18730000034,4014357.5102999993]},"properties":{"OBJECTID":717,"P_CODE":"CP002130","Governorate":"Idleb/إدلب","District":"Harim/حارم","Subdistrict":"Dana/دانا","Community":"Deir Hassan - Darhashan/دير حسان_درحشان","Site_name":"Alfajr-Deir Hassan / الفجر- دير حسان","Site_type":"SC","Category":"Stress","Total_IDPs":868,"Latitude":36.253182500000001,"Longitude":36.760137200000003}},{"type":"Feature","id":718,"geometry":{"type":"Point","coordinates":[298083.43120000046,4013033.0377999991]},"properties":{"OBJECTID":718,"P_CODE":"CP002230","Governorate":"Idleb/إدلب","District":"Harim/حارم","Subdistrict":"Dana/دانا","Community":"Deir Hassan - Darhashan/دير حسان_درحشان","Site_name":"Lamset Rahma / لمسة رحمة","Site_type":"SC","Category":"Stress","Total_IDPs":868,"Latitude":36.241109999999999,"Longitude":36.752974000000002}},{"type":"Feature","id":719,"geometry":{"type":"Point","coordinates":[298176.84729999956,4013317.8348999992]},"properties":{"OBJECTID":719,"P_CODE":"CP000463","Governorate":"Idleb/إدلب","District":"Harim/حارم","Subdistrict":"Dana/دانا","Community":"Deir Hassan - Darhashan/دير حسان_درحشان","Site_name":"Kafr Obaid / كفرعبيد","Site_type":"SC","Category":"Stress","Total_IDPs":868,"Latitude":36.243695150000001,"Longitude":36.753939420000002}},{"type":"Feature","id":720,"geometry":{"type":"Point","coordinates":[297716.78419999965,4012989.3915999997]},"properties":{"OBJECTID":720,"P_CODE":"CP000568","Governorate":"Idleb/إدلب","District":"Harim/حارم","Subdistrict":"Dana/دانا","Community":"Deir Hassan - Darhashan/دير حسان_درحشان","Site_name":"Mulhak Nour Al Houda / ملحق نور الهدى","Site_type":"SC","Category":"Stress","Total_IDPs":868,"Latitude":36.240640120000002,"Longitude":36.748907889999998}},{"type":"Feature","id":721,"geometry":{"type":"Point","coordinates":[297303.41139999963,4013183.2977000009]},"properties":{"OBJECTID":721,"P_CODE":"CP000471","Governorate":"Idleb/إدلب","District":"Harim/حارم","Subdistrict":"Dana/دانا","Community":"Deir Hassan - Darhashan/دير حسان_درحشان","Site_name":"Qyam / قيم","Site_type":"SC","Category":"Stress","Total_IDPs":868,"Latitude":36.242300309999997,"Longitude":36.744260699999998}},{"type":"Feature","id":722,"geometry":{"type":"Point","coordinates":[298084.85879999958,4012453.3772999998]},"properties":{"OBJECTID":722,"P_CODE":"CP000274","Governorate":"Idleb/إدلب","District":"Harim/حارم","Subdistrict":"Dana/دانا","Community":"Deir Hassan - Darhashan/دير حسان_درحشان","Site_name":"Al Rahmah Lahl Al Gab / الرحمة لأهل الغاب","Site_type":"SC","Category":"Stress","Total_IDPs":868,"Latitude":36.235888350000003,"Longitude":36.753139390000001}},{"type":"Feature","id":723,"geometry":{"type":"Point","coordinates":[296476.51809999999,4013631.7831999995]},"properties":{"OBJECTID":723,"P_CODE":"CP000888","Governorate":"Idleb/إدلب","District":"Harim/حارم","Subdistrict":"Dana/دانا","Community":"Deir Hassan - Darhashan/دير حسان_درحشان","Site_name":"Morek Al-Ezz / مورك العز","Site_type":"SC","Category":"Stress","Total_IDPs":868,"Latitude":36.246166670000001,"Longitude":36.734948330000002}},{"type":"Feature","id":724,"geometry":{"type":"Point","coordinates":[297047.87019999977,4013058.4668000005]},"properties":{"OBJECTID":724,"P_CODE":"CP000333","Governorate":"Idleb/إدلب","District":"Harim/حارم","Subdistrict":"Dana/دانا","Community":"Deir Hassan - Darhashan/دير حسان_درحشان","Site_name":"Ahl Al Balad / أهل البلد","Site_type":"SC","Category":"Stress","Total_IDPs":868,"Latitude":36.24112212,"Longitude":36.741451230000003}},{"type":"Feature","id":725,"geometry":{"type":"Point","coordinates":[296812.09289999958,4012850.0460000001]},"properties":{"OBJECTID":725,"P_CODE":"CP000886","Governorate":"Idleb/إدلب","District":"Harim/حارم","Subdistrict":"Dana/دانا","Community":"Deir Hassan - Darhashan/دير حسان_درحشان","Site_name":"Okhwat Aisha / أخوة عائشه","Site_type":"SC","Category":"Stress","Total_IDPs":868,"Latitude":36.239195000000002,"Longitude":36.73888333}},{"type":"Feature","id":726,"geometry":{"type":"Point","coordinates":[296538.51649999991,4012742.4595999997]},"properties":{"OBJECTID":726,"P_CODE":"CP001550","Governorate":"Idleb/إدلب","District":"Harim/حارم","Subdistrict":"Dana/دانا","Community":"Deir Hassan - Darhashan/دير حسان_درحشان","Site_name":"Habiet Alkhier / هبيط الخير","Site_type":"SC","Category":"Stress","Total_IDPs":868,"Latitude":36.23816824,"Longitude":36.735869020000003}},{"type":"Feature","id":727,"geometry":{"type":"Point","coordinates":[296349.44990000036,4013381.0876000002]},"properties":{"OBJECTID":727,"P_CODE":"CP002125","Governorate":"Idleb/إدلب","District":"Harim/حارم","Subdistrict":"Dana/دانا","Community":"Deir Hassan - Darhashan/دير حسان_درحشان","Site_name":"Morek Alfedaa / مورك الفداء","Site_type":"SC","Category":"Stress","Total_IDPs":868,"Latitude":36.243881500000001,"Longitude":36.7336004}},{"type":"Feature","id":728,"geometry":{"type":"Point","coordinates":[296678.41760000028,4013569.1554000005]},"properties":{"OBJECTID":728,"P_CODE":"CP000890","Governorate":"Idleb/إدلب","District":"Harim/حارم","Subdistrict":"Dana/دانا","Community":"Deir Hassan - Darhashan/دير حسان_درحشان","Site_name":"Morek Al-Somod / مورك الصمود","Site_type":"SC","Category":"Stress","Total_IDPs":868,"Latitude":36.245645000000003,"Longitude":36.737209999999997}},{"type":"Feature","id":729,"geometry":{"type":"Point","coordinates":[296903.20359999966,4013665.1439999994]},"properties":{"OBJECTID":729,"P_CODE":"CP002286","Governorate":"Idleb/إدلب","District":"Harim/حارم","Subdistrict":"Dana/دانا","Community":"Deir Hassan - Darhashan/دير حسان_درحشان","Site_name":"Morek Altahadi/ مورك التحدي","Site_type":"SC","Category":"Stress","Total_IDPs":868,"Latitude":36.246557000000003,"Longitude":36.739685000000001}},{"type":"Feature","id":730,"geometry":{"type":"Point","coordinates":[297094.64919999987,4013895.9603000004]},"properties":{"OBJECTID":730,"P_CODE":"CP000334","Governorate":"Idleb/إدلب","District":"Harim/حارم","Subdistrict":"Dana/دانا","Community":"Deir Hassan - Darhashan/دير حسان_درحشان","Site_name":"Al Nahda / النهضة","Site_type":"SC","Category":"Stress","Total_IDPs":868,"Latitude":36.248676549999999,"Longitude":36.741754299999997}},{"type":"Feature","id":731,"geometry":{"type":"Point","coordinates":[296547.93640000001,4013148.2127]},"properties":{"OBJECTID":731,"P_CODE":"CP000567","Governorate":"Idleb/إدلب","District":"Harim/حارم","Subdistrict":"Dana/دانا","Community":"Deir Hassan - Darhashan/دير حسان_درحشان","Site_name":"Al Fan Alshemali / الفان الشمالي","Site_type":"SC","Category":"Stress","Total_IDPs":868,"Latitude":36.241825460000001,"Longitude":36.735868310000001}},{"type":"Feature","id":732,"geometry":{"type":"Point","coordinates":[292018.18499999959,3992156.4963000007]},"properties":{"OBJECTID":732,"P_CODE":"Cp000953","Governorate":"Idleb/إدلب","District":"Idleb/مركز إدلب","Subdistrict":"Maaret Tamsrin/معرة تمصرين","Community":"Kafr - Kafrehmul/الكفر_كفريحمول","Site_name":"Bayt Al Sadaka / بيت الصدقة","Site_type":"SC","Category":"Stress","Total_IDPs":601,"Latitude":36.051760000000002,"Longitude":36.691047099999999}},{"type":"Feature","id":733,"geometry":{"type":"Point","coordinates":[291379.02579999994,3993152.8939999994]},"properties":{"OBJECTID":733,"P_CODE":"CP001399","Governorate":"Idleb/إدلب","District":"Idleb/مركز إدلب","Subdistrict":"Maaret Tamsrin/معرة تمصرين","Community":"Kafr - Kafrehmul/الكفر_كفريحمول","Site_name":"Om Al Zaytoun / أم الزيتون","Site_type":"SC","Category":"Stress","Total_IDPs":601,"Latitude":36.060599179999997,"Longitude":36.683693390000002}},{"type":"Feature","id":734,"geometry":{"type":"Point","coordinates":[659149.38580000028,4016350.8551000003]},"properties":{"OBJECTID":734,"P_CODE":"CP002479","Governorate":"Al-Hasakeh","District":"Al-Hasakeh","Subdistrict":"Areesheh","Community":"Qana","Site_name":"Areesha/مخيم عريشة","Site_type":"SC","Category":"Stress","Total_IDPs":150,"Latitude":36.279000000000003,"Longitude":40.771999999999998}},{"type":"Feature","id":735,"geometry":{"type":"Point","coordinates":[612037.68510000035,3919725.7426999994]},"properties":{"OBJECTID":735,"P_CODE":"CP002598","Governorate":"Deir-ez-Zor","District":"Deir-ez-Zor","Subdistrict":"Deir-ez-Zor","Community":"Jiah","Site_name":"West Industry city/مدينة صناعية غربي","Site_type":"CC","Category":"Stress","Total_IDPs":600,"Latitude":35.4146389,"Longitude":40.2340138}},{"type":"Feature","id":736,"geometry":{"type":"Point","coordinates":[278360.59609999973,3637013.9671]},"properties":{"OBJECTID":736,"P_CODE":"CP003021","Governorate":"As-Sweida/السويداء","District":"Shahba/شهبا","Subdistrict":"Shahba/مركز شهبا","Community":"Shahba (Shahba)/شهبا - مركز شهبا","Site_name":"Kamal Masoud School","Site_type":"CC","Category":"None / Minimal","Total_IDPs":212,"Latitude":32.84883,"Longitude":36.631700000000002}},{"type":"Feature","id":737,"geometry":{"type":"Point","coordinates":[273246.90469999984,3626747.8578999992]},"properties":{"OBJECTID":737,"P_CODE":"CP003008","Governorate":"As-Sweida/السويداء","District":"As-Sweida/مركز السويداء","Subdistrict":"As-Sweida/مركز السويداء","Community":"Atil/عتيل","Site_name":"Almohdatha School","Site_type":"CC","Category":"None / Minimal","Total_IDPs":138,"Latitude":32.75526,"Longitude":36.579610000000002}},{"type":"Feature","id":738,"geometry":{"type":"Point","coordinates":[300004.67939999979,4005655.5322999991]},"properties":{"OBJECTID":738,"P_CODE":"CP002361","Governorate":"Idleb/إدلب","District":"Harim/حارم","Subdistrict":"Dana/دانا","Community":"Tal Elkarameh/تل الكرامة - دانا","Site_name":"Qaria Alhamwiah/ القرية الحموية","Site_type":"PC","Category":"None / Minimal","Total_IDPs":691,"Latitude":36.175046999999999,"Longitude":36.776221999999997}},{"type":"Feature","id":739,"geometry":{"type":"Point","coordinates":[300356.57909999974,4006446.6842]},"properties":{"OBJECTID":739,"P_CODE":"CP001687","Governorate":"Idleb/إدلب","District":"Harim/حارم","Subdistrict":"Dana/دانا","Community":"Tal Elkarameh/تل الكرامة - دانا","Site_name":"Zaaitoon / زيتون","Site_type":"PC","Category":"None / Minimal","Total_IDPs":691,"Latitude":36.182246999999997,"Longitude":36.779930999999998}},{"type":"Feature","id":740,"geometry":{"type":"Point","coordinates":[323942.77130000014,4052543.3272999991]},"properties":{"OBJECTID":740,"P_CODE":"CP002288","Governorate":"Aleppo/حلب","District":"Azaz/اعزاز","Subdistrict":"Azaz/مركز اعزاز","Community":"Azaz/أعزاز","Site_name":"Tareeq Aljadida/ طريق الجديدة","Site_type":"SC","Category":"None / Minimal","Total_IDPs":1213,"Latitude":36.602156000000001,"Longitude":37.031618000000002}},{"type":"Feature","id":741,"geometry":{"type":"Point","coordinates":[325057.12239999976,4055425.5295000002]},"properties":{"OBJECTID":741,"P_CODE":"CP002387","Governorate":"Aleppo/حلب","District":"Azaz/اعزاز","Subdistrict":"Azaz/مركز اعزاز","Community":"Maarin (A'zaz)/معرين - مركز اعزاز","Site_name":"Balad Alkhair/ بلد الخير","Site_type":"PC","Category":"None / Minimal","Total_IDPs":1213,"Latitude":36.628329000000001,"Longitude":37.043413999999999}},{"type":"Feature","id":742,"geometry":{"type":"Point","coordinates":[293996.74450000003,4018862.5833999999]},"properties":{"OBJECTID":742,"P_CODE":"CP000421","Governorate":"Idleb/إدلب","District":"Harim/حارم","Subdistrict":"Dana/دانا","Community":"Qah/قاح - دانا","Site_name":"Al Rayan (Qah) / الريان(قاح)","Site_type":"SC","Category":"None / Minimal","Total_IDPs":691,"Latitude":36.292761669999997,"Longitude":36.705991670000003}},{"type":"Feature","id":743,"geometry":{"type":"Point","coordinates":[293556.07270000037,4019368.9273000006]},"properties":{"OBJECTID":743,"P_CODE":"CP000132","Governorate":"Idleb/إدلب","District":"Harim/حارم","Subdistrict":"Dana/دانا","Community":"Qah/قاح - دانا","Site_name":"Reef Hama Mankouba / ريف حماة المنكوب","Site_type":"SC","Category":"None / Minimal","Total_IDPs":691,"Latitude":36.297228699999998,"Longitude":36.700954099999997}},{"type":"Feature","id":744,"geometry":{"type":"Point","coordinates":[294234.46530000027,4018737.2444000002]},"properties":{"OBJECTID":744,"P_CODE":"CP000178","Governorate":"Idleb/إدلب","District":"Harim/حارم","Subdistrict":"Dana/دانا","Community":"Qah/قاح - دانا","Site_name":"Al Intisar / الإنتصار","Site_type":"SC","Category":"None / Minimal","Total_IDPs":691,"Latitude":36.291683329999998,"Longitude":36.708669999999998}},{"type":"Feature","id":745,"geometry":{"type":"Point","coordinates":[293866.17949999962,4018940.9035999998]},"properties":{"OBJECTID":745,"P_CODE":"CP000309","Governorate":"Idleb/إدلب","District":"Harim/حارم","Subdistrict":"Dana/دانا","Community":"Qah/قاح - دانا","Site_name":"Al Radwan / الرضوان","Site_type":"SC","Category":"None / Minimal","Total_IDPs":691,"Latitude":36.293439300000003,"Longitude":36.704518100000001}},{"type":"Feature","id":746,"geometry":{"type":"Point","coordinates":[293258.95170000009,3999513.7079000007]},"properties":{"OBJECTID":746,"P_CODE":"CP000592","Governorate":"Idleb/إدلب","District":"Idleb/مركز إدلب","Subdistrict":"Maaret Tamsrin/معرة تمصرين","Community":"Kelly/كللي","Site_name":"Noor / نور","Site_type":"PC","Category":"None / Minimal","Total_IDPs":692,"Latitude":36.118302300000003,"Longitude":36.702883380000003}},{"type":"Feature","id":747,"geometry":{"type":"Point","coordinates":[292903.9916000003,4002952.1570999995]},"properties":{"OBJECTID":747,"P_CODE":"CP000570","Governorate":"Idleb/إدلب","District":"Idleb/مركز إدلب","Subdistrict":"Maaret Tamsrin/معرة تمصرين","Community":"Kelly/كللي","Site_name":"Al-Rahma 1 / الرحمة 1","Site_type":"PC","Category":"None / Minimal","Total_IDPs":692,"Latitude":36.149201720000001,"Longitude":36.698037300000003}},{"type":"Feature","id":748,"geometry":{"type":"Point","coordinates":[291723.3328999998,3998610.8364000004]},"properties":{"OBJECTID":748,"P_CODE":"CP000972","Governorate":"Idleb/إدلب","District":"Idleb/مركز إدلب","Subdistrict":"Maaret Tamsrin/معرة تمصرين","Community":"Kelly/كللي","Site_name":"Hish / حيش","Site_type":"SC","Category":"None / Minimal","Total_IDPs":692,"Latitude":36.109840560000002,"Longitude":36.68607222}},{"type":"Feature","id":749,"geometry":{"type":"Point","coordinates":[358884.0318,4044959.6016000006]},"properties":{"OBJECTID":749,"P_CODE":"CP001619","Governorate":"Aleppo/حلب","District":"Azaz/اعزاز","Subdistrict":"Aghtrin/اخترين","Community":"Kaeebeh/كعيبة","Site_name":"Kaeebeh / كعيبة","Site_type":"PC","Category":"None / Minimal","Total_IDPs":554,"Latitude":36.539625999999998,"Longitude":37.423513}},{"type":"Feature","id":750,"geometry":{"type":"Point","coordinates":[268762.19340000022,3999346.0296999998]},"properties":{"OBJECTID":750,"P_CODE":"CP001704","Governorate":"Idleb/إدلب","District":"Harim/حارم","Subdistrict":"Salqin/سلقين","Community":"Abu Talha/ابو طلحة","Site_name":"Abu Talha / ابو طلحة","Site_type":"PC","Category":"None / Minimal","Total_IDPs":407,"Latitude":36.111265699999997,"Longitude":36.430980390000002}},{"type":"Feature","id":751,"geometry":{"type":"Point","coordinates":[275357.38999999966,3634969.2159000002]},"properties":{"OBJECTID":751,"P_CODE":"CP003014","Governorate":"As-Sweida/السويداء","District":"Shahba/شهبا","Subdistrict":"Shahba/مركز شهبا","Community":"Mardak/مردك","Site_name":"Religious temple- Mardak","Site_type":"CC","Category":"None / Minimal","Total_IDPs":212,"Latitude":32.829790000000003,"Longitude":36.60013}},{"type":"Feature","id":752,"geometry":{"type":"Point","coordinates":[304988.32500000019,4026738.6450999994]},"properties":{"OBJECTID":752,"P_CODE":"CP002360","Governorate":"Aleppo/حلب","District":"Afrin/عفرين","Subdistrict":"Afrin/مركز عفرين","Community":"Sheikh Eldeir/شيخ الدير","Site_name":"Qarit Basma/ قرية بسمة","Site_type":"PC","Category":"None / Minimal","Total_IDPs":1358,"Latitude":36.366002000000002,"Longitude":36.826338999999997}},{"type":"Feature","id":753,"geometry":{"type":"Point","coordinates":[361490.54110000003,4029311.7420000006]},"properties":{"OBJECTID":753,"P_CODE":"CP002312","Governorate":"Aleppo/حلب","District":"Al Bab/الباب","Subdistrict":"Al Bab/مركز الباب","Community":"Al Bab/الباب","Site_name":"Al Nahda(Albab) / النهضة(الباب)","Site_type":"PC","Category":"None / Minimal","Total_IDPs":3452,"Latitude":36.398989700000001,"Longitude":37.455423000000003}},{"type":"Feature","id":754,"geometry":{"type":"Point","coordinates":[362219.50590000022,4026488.3703000005]},"properties":{"OBJECTID":754,"P_CODE":"CP001035","Governorate":"Aleppo/حلب","District":"Al Bab/الباب","Subdistrict":"Al Bab/مركز الباب","Community":"Al Azraq/الازرق - مركز الباب","Site_name":"Al Tareek Al Azrak / الطريق الأزرق","Site_type":"PC","Category":"None / Minimal","Total_IDPs":3452,"Latitude":36.373649999999998,"Longitude":37.46405}},{"type":"Feature","id":755,"geometry":{"type":"Point","coordinates":[371669.04739999957,4026879.0339000002]},"properties":{"OBJECTID":755,"P_CODE":"CP002325","Governorate":"Aleppo/حلب","District":"Al Bab/الباب","Subdistrict":"Al Bab/مركز الباب","Community":"Bazagha/بزاعة - مركز الباب","Site_name":"Sakan Sham/ سكن شام","Site_type":"PC","Category":"None / Minimal","Total_IDPs":3452,"Latitude":36.378478700000002,"Longitude":37.569296399999999}},{"type":"Feature","id":756,"geometry":{"type":"Point","coordinates":[294287.72479999997,4019780.0437000003]},"properties":{"OBJECTID":756,"P_CODE":"CP001420","Governorate":"Idleb/إدلب","District":"Harim/حارم","Subdistrict":"Dana/دانا","Community":"Qah/قاح - دانا","Site_name":"Dahyiat Alkhalel / ضاحية الخليل","Site_type":"PC","Category":"None / Minimal","Total_IDPs":691,"Latitude":36.30108851,"Longitude":36.708987839999999}},{"type":"Feature","id":757,"geometry":{"type":"Point","coordinates":[294333.22719999962,4019638.6272]},"properties":{"OBJECTID":757,"P_CODE":"CP001017","Governorate":"Idleb/إدلب","District":"Harim/حارم","Subdistrict":"Dana/دانا","Community":"Qah/قاح - دانا","Site_name":"Jamiaat Sham Sharif / جمعية شام شريف","Site_type":"PC","Category":"None / Minimal","Total_IDPs":691,"Latitude":36.299824299999997,"Longitude":36.709531499999997}},{"type":"Feature","id":758,"geometry":{"type":"Point","coordinates":[294152.40319999959,4019256.6208999995]},"properties":{"OBJECTID":758,"P_CODE":"CP000729","Governorate":"Idleb/إدلب","District":"Harim/حارم","Subdistrict":"Dana/دانا","Community":"Qah/قاح - دانا","Site_name":"Act and Impact Extension / ملحق افعل واترك أثر","Site_type":"SC","Category":"None / Minimal","Total_IDPs":691,"Latitude":36.296344499999996,"Longitude":36.707619899999997}},{"type":"Feature","id":759,"geometry":{"type":"Point","coordinates":[293919.84939999972,4019184.5946999993]},"properties":{"OBJECTID":759,"P_CODE":"CP000369","Governorate":"Idleb/إدلب","District":"Harim/حارم","Subdistrict":"Dana/دانا","Community":"Qah/قاح - دانا","Site_name":"Act and Impact (Athar) / افعل واترك أثر","Site_type":"SC","Category":"None / Minimal","Total_IDPs":691,"Latitude":36.295645999999998,"Longitude":36.705050999999997}},{"type":"Feature","id":760,"geometry":{"type":"Point","coordinates":[293595.22090000007,4015901.7666999996]},"properties":{"OBJECTID":760,"P_CODE":"CP000044","Governorate":"Idleb/إدلب","District":"Harim/حارم","Subdistrict":"Dana/دانا","Community":"Aqrabat (Dana)/عقربات - دانا","Site_name":"Aqrabat (Ahl Al-Athar) / عقرباط (اهل الاثر)","Site_type":"PC","Category":"None / Minimal","Total_IDPs":691,"Latitude":36.266004039999999,"Longitude":36.702305870000004}},{"type":"Feature","id":761,"geometry":{"type":"Point","coordinates":[262111.6102,3981602.1599000003]},"properties":{"OBJECTID":761,"P_CODE":"CP002144","Governorate":"Idleb/إدلب","District":"Jisr-Ash-Shugur/جسر الشغور","Subdistrict":"Darkosh/دركوش","Community":"Zarzur (Darkosh)/زرزور - دركوش","Site_name":"Tajamuaa Istanbul / تجمع اسطنبول","Site_type":"PC","Category":"None / Minimal","Total_IDPs":592,"Latitude":35.949852399999997,"Longitude":36.362499399999997}},{"type":"Feature","id":762,"geometry":{"type":"Point","coordinates":[273425.24199999962,3623225.4105999991]},"properties":{"OBJECTID":762,"P_CODE":"CP002997","Governorate":"As-Sweida/السويداء","District":"As-Sweida/مركز السويداء","Subdistrict":"As-Sweida/مركز السويداء","Community":"As-Sweida/السويداء","Site_name":"Al-Zein Palace Hotel","Site_type":"CC","Category":"None / Minimal","Total_IDPs":138,"Latitude":32.723550000000003,"Longitude":36.582369999999997}},{"type":"Feature","id":763,"geometry":{"type":"Point","coordinates":[271647.07110000029,3620618.7543000001]},"properties":{"OBJECTID":763,"P_CODE":"CP002994","Governorate":"As-Sweida/السويداء","District":"As-Sweida/مركز السويداء","Subdistrict":"As-Sweida/مركز السويداء","Community":"As-Sweida/السويداء","Site_name":"Al-Mutanabie School","Site_type":"CC","Category":"None / Minimal","Total_IDPs":138,"Latitude":32.699689999999997,"Longitude":36.564050000000002}},{"type":"Feature","id":764,"geometry":null,"properties":{"OBJECTID":764,"Shape":null,"P_CODE":"CP003075","Governorate":"As-Sweida/السويداء","District":"As-Sweida/مركز السويداء","Subdistrict":"As-Sweida/مركز السويداء","Community":"Masad/مصاد","Site_name":"Salman Eshaty School","Site_type":"CC","Category":"None / Minimal","Total_IDPs":138,"Latitude":null,"Longitude":null}},{"type":"Feature","id":765,"geometry":{"type":"Point","coordinates":[271651.77010000031,3620700.7533]},"properties":{"OBJECTID":765,"P_CODE":"CP002992","Governorate":"As-Sweida/السويداء","District":"As-Sweida/مركز السويداء","Subdistrict":"As-Sweida/مركز السويداء","Community":"As-Sweida/السويداء","Site_name":"Ain Al-Zaman","Site_type":"CC","Category":"None / Minimal","Total_IDPs":138,"Latitude":32.700429999999997,"Longitude":36.564079999999997}},{"type":"Feature","id":766,"geometry":{"type":"Point","coordinates":[300199.09350000042,4011261.8993999995]},"properties":{"OBJECTID":766,"P_CODE":"CP000703","Governorate":"Idleb/إدلب","District":"Harim/حارم","Subdistrict":"Dana/دانا","Community":"Dana (Dana)/الدانا - دانا","Site_name":"Al Hijra / الهجرة","Site_type":"SC","Category":"None / Minimal","Total_IDPs":691,"Latitude":36.225594000000001,"Longitude":36.776954000000003}},{"type":"Feature","id":767,"geometry":{"type":"Point","coordinates":[301910.36220000032,4012773.2759000007]},"properties":{"OBJECTID":767,"P_CODE":"CP001429","Governorate":"Idleb/إدلب","District":"Harim/حارم","Subdistrict":"Dana/دانا","Community":"Tilaada/تلعادة","Site_name":"Al- Harraqat / الحراقات","Site_type":"PC","Category":"None / Minimal","Total_IDPs":691,"Latitude":36.239561999999999,"Longitude":36.795599000000003}},{"type":"Feature","id":768,"geometry":{"type":"Point","coordinates":[296818.93479999993,4010804.9423999991]},"properties":{"OBJECTID":768,"P_CODE":"CP001641","Governorate":"Idleb/إدلب","District":"Harim/حارم","Subdistrict":"Dana/دانا","Community":"Dana (Dana)/الدانا - دانا","Site_name":"AlMoutasim / المعتصم","Site_type":"SC","Category":"None / Minimal","Total_IDPs":691,"Latitude":36.220773000000001,"Longitude":36.739490000000004}},{"type":"Feature","id":769,"geometry":{"type":"Point","coordinates":[302534.63630000036,4010830.0438999999]},"properties":{"OBJECTID":769,"P_CODE":"CP002149","Governorate":"Idleb/إدلب","District":"Harim/حارم","Subdistrict":"Dana/دانا","Community":"Termanin/ترمانين","Site_name":"Al Khair Village ( Aldomani ) / قرية الخير (الدوماني)","Site_type":"PC","Category":"None / Minimal","Total_IDPs":691,"Latitude":36.222183299999998,"Longitude":36.803031500000003}},{"type":"Feature","id":770,"geometry":{"type":"Point","coordinates":[297083.82479999959,4008641.6093000006]},"properties":{"OBJECTID":770,"P_CODE":"CP002225","Governorate":"Idleb/إدلب","District":"Harim/حارم","Subdistrict":"Dana/دانا","Community":"Babisqa/بابيسقا","Site_name":"Al Ardyah (Manabiaa Alkhair) / العارضيه ( منابع الخير )","Site_type":"PC","Category":"None / Minimal","Total_IDPs":691,"Latitude":36.201340000000002,"Longitude":36.742995000000001}},{"type":"Feature","id":771,"geometry":{"type":"Point","coordinates":[297790.88430000003,4011246.5469000004]},"properties":{"OBJECTID":771,"P_CODE":"CP002305","Governorate":"Idleb/إدلب","District":"Harim/حارم","Subdistrict":"Dana/دانا","Community":"Dana (Dana)/الدانا - دانا","Site_name":"Al Taakhi(Dana)/  التأخي(دانا)","Site_type":"PC","Category":"None / Minimal","Total_IDPs":691,"Latitude":36.224955000000001,"Longitude":36.750182000000002}},{"type":"Feature","id":772,"geometry":{"type":"Point","coordinates":[301446.06940000039,4009052.8386000004]},"properties":{"OBJECTID":772,"P_CODE":"CP002443","Governorate":"Idleb/إدلب","District":"Harim/حارم","Subdistrict":"Dana/دانا","Community":"Dana (Dana)/الدانا - دانا","Site_name":"Dar Alrahma/ دار الرحمة","Site_type":"PC","Category":"None / Minimal","Total_IDPs":691,"Latitude":36.205949699999998,"Longitude":36.791378600000002}},{"type":"Feature","id":773,"geometry":{"type":"Point","coordinates":[295982.03189999983,4010940.6568999998]},"properties":{"OBJECTID":773,"P_CODE":"CP001361","Governorate":"Idleb/إدلب","District":"Harim/حارم","Subdistrict":"Dana/دانا","Community":"Burdaqly/بردقلي","Site_name":"Touba / طوبا","Site_type":"PC","Category":"None / Minimal","Total_IDPs":691,"Latitude":36.221819369999999,"Longitude":36.730150190000003}},{"type":"Feature","id":774,"geometry":{"type":"Point","coordinates":[298922.24799999967,4015170.3203999996]},"properties":{"OBJECTID":774,"P_CODE":"CP001766","Governorate":"Idleb/إدلب","District":"Harim/حارم","Subdistrict":"Dana/دانا","Community":"Mashhad Ruhin/مشهد روحين - دانا","Site_name":"Ahal Maara / اهل المعره","Site_type":"PC","Category":"None / Minimal","Total_IDPs":691,"Latitude":36.260539000000001,"Longitude":36.761752999999999}},{"type":"Feature","id":775,"geometry":{"type":"Point","coordinates":[297931.60010000039,4015857.0892999992]},"properties":{"OBJECTID":775,"P_CODE":"CP002215","Governorate":"Idleb/إدلب","District":"Harim/حارم","Subdistrict":"Dana/دانا","Community":"Mashhad Ruhin/مشهد روحين - دانا","Site_name":"AlBer (IHH) / البر (IHH)","Site_type":"PC","Category":"None / Minimal","Total_IDPs":691,"Latitude":36.266519000000002,"Longitude":36.750556000000003}},{"type":"Feature","id":776,"geometry":{"type":"Point","coordinates":[299058.97800000012,4015033.8444999997]},"properties":{"OBJECTID":776,"P_CODE":"CP001991","Governorate":"Idleb/إدلب","District":"Harim/حارم","Subdistrict":"Dana/دانا","Community":"Mashhad Ruhin/مشهد روحين - دانا","Site_name":"Esmail agha / قرية إسماعيل آغا","Site_type":"PC","Category":"None / Minimal","Total_IDPs":691,"Latitude":36.259338,"Longitude":36.763309}},{"type":"Feature","id":777,"geometry":{"type":"Point","coordinates":[299807.85209999979,4015377.8945000004]},"properties":{"OBJECTID":777,"P_CODE":"CP001992","Governorate":"Idleb/إدلب","District":"Harim/حارم","Subdistrict":"Dana/دانا","Community":"Mashhad Ruhin/مشهد روحين - دانا","Site_name":"Al Hanan(Mashhad Ruhin) / الحنان(مشهد روحين)","Site_type":"PC","Category":"None / Minimal","Total_IDPs":691,"Latitude":36.262593000000003,"Longitude":36.771551000000002}},{"type":"Feature","id":778,"geometry":{"type":"Point","coordinates":[298445.40340000018,4016008.909]},"properties":{"OBJECTID":778,"P_CODE":"CP002269","Governorate":"Idleb/إدلب","District":"Harim/حارم","Subdistrict":"Dana/دانا","Community":"Mashhad Ruhin/مشهد روحين - دانا","Site_name":"Afad Almuhadath/ أفاد المحدث","Site_type":"PC","Category":"None / Minimal","Total_IDPs":691,"Latitude":36.267994100000003,"Longitude":36.756232599999997}},{"type":"Feature","id":779,"geometry":{"type":"Point","coordinates":[298761.97539999988,4015302.0262000002]},"properties":{"OBJECTID":779,"P_CODE":"CP002259","Governorate":"Idleb/إدلب","District":"Harim/حارم","Subdistrict":"Dana/دانا","Community":"Mashhad Ruhin/مشهد روحين - دانا","Site_name":"Sadaqa tash/ صدقة طاش","Site_type":"PC","Category":"None / Minimal","Total_IDPs":691,"Latitude":36.261692099999998,"Longitude":36.7599363}},{"type":"Feature","id":780,"geometry":{"type":"Point","coordinates":[326055.42119999975,4052756.6919999998]},"properties":{"OBJECTID":780,"P_CODE":"CP002170","Governorate":"Aleppo/حلب","District":"Azaz/اعزاز","Subdistrict":"Azaz/مركز اعزاز","Community":"Azaz/أعزاز","Site_name":"Qarit Mulham / قرية ملهم","Site_type":"PC","Category":"None / Minimal","Total_IDPs":1213,"Latitude":36.604466100000003,"Longitude":37.055177499999999}},{"type":"Feature","id":781,"geometry":{"type":"Point","coordinates":[285169.92870000005,4000639.1695000008]},"properties":{"OBJECTID":781,"P_CODE":"CP002196","Governorate":"Idleb/إدلب","District":"Harim/حارم","Subdistrict":"Qourqeena/قورقينا","Community":"Qourqeena/قورقانيا","Site_name":"Alkandil(kafranbel) / القنديل (كفرنبل)","Site_type":"SC","Category":"None / Minimal","Total_IDPs":1430,"Latitude":36.126683700000001,"Longitude":36.612767400000003}},{"type":"Feature","id":782,"geometry":{"type":"Point","coordinates":[284251.54980000015,4003888.5777000003]},"properties":{"OBJECTID":782,"P_CODE":"CP002343","Governorate":"Idleb/إدلب","District":"Harim/حارم","Subdistrict":"Qourqeena/قورقينا","Community":"Htan/حتان - قورقينا","Site_name":"Tafaal/ تفاؤل","Site_type":"PC","Category":"None / Minimal","Total_IDPs":1430,"Latitude":36.155749999999998,"Longitude":36.601678999999997}},{"type":"Feature","id":783,"geometry":{"type":"Point","coordinates":[285299.17430000007,4009674.9300999995]},"properties":{"OBJECTID":783,"P_CODE":"CP001602","Governorate":"Idleb/إدلب","District":"Harim/حارم","Subdistrict":"Qourqeena/قورقينا","Community":"Torlaha/طورلاها","Site_name":"Abnaa Sran / أبناء صوران","Site_type":"PC","Category":"None / Minimal","Total_IDPs":1430,"Latitude":36.20810505,"Longitude":36.611733039999997}},{"type":"Feature","id":784,"geometry":{"type":"Point","coordinates":[288020.93250000011,4006665.7075999994]},"properties":{"OBJECTID":784,"P_CODE":"CP002129","Governorate":"Idleb/إدلب","District":"Harim/حارم","Subdistrict":"Qourqeena/قورقينا","Community":"Barisha/باريشا","Site_name":"Qariat alhayat / قرية الحياة","Site_type":"PC","Category":"None / Minimal","Total_IDPs":1430,"Latitude":36.181598200000003,"Longitude":36.642798900000003}},{"type":"Feature","id":785,"geometry":{"type":"Point","coordinates":[287626.38399999961,4006641.1881000008]},"properties":{"OBJECTID":785,"P_CODE":"CP001059","Governorate":"Idleb/إدلب","District":"Harim/حارم","Subdistrict":"Qourqeena/قورقينا","Community":"Barisha/باريشا","Site_name":"Almadina almonawara ( barisha) / مخيم المدينة المنورة ( باريشا )","Site_type":"PC","Category":"None / Minimal","Total_IDPs":1430,"Latitude":36.181290879999999,"Longitude":36.638421520000001}},{"type":"Feature","id":786,"geometry":{"type":"Point","coordinates":[298313.85300000012,4015063.6326000001]},"properties":{"OBJECTID":786,"P_CODE":"CP002210","Governorate":"Idleb/إدلب","District":"Harim/حارم","Subdistrict":"Dana/دانا","Community":"Mashhad Ruhin/مشهد روحين - دانا","Site_name":"Al Adnan / العدنان","Site_type":"SC","Category":"None / Minimal","Total_IDPs":691,"Latitude":36.259450999999999,"Longitude":36.755012999999998}},{"type":"Feature","id":787,"geometry":{"type":"Point","coordinates":[299370.57340000011,4015989.4349000007]},"properties":{"OBJECTID":787,"P_CODE":"CP002134","Governorate":"Idleb/إدلب","District":"Harim/حارم","Subdistrict":"Dana/دانا","Community":"Mashhad Ruhin/مشهد روحين - دانا","Site_name":"Atasay / اتاساي","Site_type":"PC","Category":"None / Minimal","Total_IDPs":691,"Latitude":36.268011399999999,"Longitude":36.766529800000001}},{"type":"Feature","id":788,"geometry":{"type":"Point","coordinates":[299484.62480000034,4015430.2968000006]},"properties":{"OBJECTID":788,"P_CODE":"CP002082","Governorate":"Idleb/إدلب","District":"Harim/حارم","Subdistrict":"Dana/دانا","Community":"Mashhad Ruhin/مشهد روحين - دانا","Site_name":"Fath Daar / فتح دار","Site_type":"PC","Category":"None / Minimal","Total_IDPs":691,"Latitude":36.262998000000003,"Longitude":36.767941999999998}},{"type":"Feature","id":789,"geometry":{"type":"Point","coordinates":[294628.71970000025,4000750.6380000003]},"properties":{"OBJECTID":789,"P_CODE":"CP002274","Governorate":"Idleb/إدلب","District":"Idleb/مركز إدلب","Subdistrict":"Maaret Tamsrin/معرة تمصرين","Community":"Kelly/كللي","Site_name":"Ataa Village/ قرية عطاء","Site_type":"PC","Category":"None / Minimal","Total_IDPs":692,"Latitude":36.129736100000002,"Longitude":36.717769400000002}},{"type":"Feature","id":790,"geometry":{"type":"Point","coordinates":[294290.63360000029,3999573.6530000009]},"properties":{"OBJECTID":790,"P_CODE":"CP000977","Governorate":"Idleb/إدلب","District":"Idleb/مركز إدلب","Subdistrict":"Maaret Tamsrin/معرة تمصرين","Community":"Kelly/كللي","Site_name":"kfrewyd Al_mahaba / كفر عويد المحبة","Site_type":"SC","Category":"None / Minimal","Total_IDPs":692,"Latitude":36.119061530000003,"Longitude":36.714322590000002}},{"type":"Feature","id":791,"geometry":{"type":"Point","coordinates":[293797.51809999999,3999006.9633000009]},"properties":{"OBJECTID":791,"P_CODE":"CP000726","Governorate":"Idleb/إدلب","District":"Idleb/مركز إدلب","Subdistrict":"Maaret Tamsrin/معرة تمصرين","Community":"Kelly/كللي","Site_name":"Tibat Alemam / طيبة الامام","Site_type":"SC","Category":"None / Minimal","Total_IDPs":692,"Latitude":36.113851840000002,"Longitude":36.708995799999997}},{"type":"Feature","id":792,"geometry":{"type":"Point","coordinates":[297364.14740000013,4002983.2116]},"properties":{"OBJECTID":792,"P_CODE":"CP000687","Governorate":"Aleppo/حلب","District":"Jebel Saman/جبل سمعان","Subdistrict":"Atareb/أتارب","Community":"Babka/بابكة","Site_name":"Al Kalamoun / القلمون","Site_type":"PC","Category":"None / Minimal","Total_IDPs":1574,"Latitude":36.150424000000001,"Longitude":36.747571000000001}},{"type":"Feature","id":793,"geometry":{"type":"Point","coordinates":[297486.55350000039,4004223.2609999999]},"properties":{"OBJECTID":793,"P_CODE":"CP001879","Governorate":"Aleppo/حلب","District":"Jebel Saman/جبل سمعان","Subdistrict":"Atareb/أتارب","Community":"Batbu/باتبو","Site_name":"Anadan / عندان","Site_type":"PC","Category":"None / Minimal","Total_IDPs":1574,"Latitude":36.161620849999998,"Longitude":36.748611179999997}},{"type":"Feature","id":794,"geometry":{"type":"Point","coordinates":[297583.32290000003,4003824.3070999999]},"properties":{"OBJECTID":794,"P_CODE":"CP002248","Governorate":"Aleppo/حلب","District":"Jebel Saman/جبل سمعان","Subdistrict":"Atareb/أتارب","Community":"Babka/بابكة","Site_name":"Al Nour(Babka)/ النور(بابكة)","Site_type":"PC","Category":"None / Minimal","Total_IDPs":1574,"Latitude":36.158047000000003,"Longitude":36.749789}},{"type":"Feature","id":795,"geometry":{"type":"Point","coordinates":[296177.37260000035,4013860.2986999992]},"properties":{"OBJECTID":795,"P_CODE":"CP000438","Governorate":"Idleb/إدلب","District":"Harim/حارم","Subdistrict":"Dana/دانا","Community":"Deir Hassan - Darhashan/دير حسان_درحشان","Site_name":"Lastom Wahdakom / لستم وحدكم","Site_type":"PC","Category":"None / Minimal","Total_IDPs":691,"Latitude":36.248162180000001,"Longitude":36.731561910000003}},{"type":"Feature","id":796,"geometry":{"type":"Point","coordinates":[294677.58449999988,4018591.4715999998]},"properties":{"OBJECTID":796,"P_CODE":"CP000485","Governorate":"Idleb/إدلب","District":"Harim/حارم","Subdistrict":"Dana/دانا","Community":"Qah/قاح - دانا","Site_name":"Al Sharqia / الشرقية","Site_type":"SC","Category":"None / Minimal","Total_IDPs":691,"Latitude":36.2904646,"Longitude":36.713639200000003}},{"type":"Feature","id":797,"geometry":{"type":"Point","coordinates":[295587.23080000002,4016277.6622000001]},"properties":{"OBJECTID":797,"P_CODE":"CP000172","Governorate":"Idleb/إدلب","District":"Harim/حارم","Subdistrict":"Dana/دانا","Community":"Qah/قاح - دانا","Site_name":"Al Tawheed / التوحيد","Site_type":"SC","Category":"None / Minimal","Total_IDPs":691,"Latitude":36.269814119999999,"Longitude":36.724366740000001}},{"type":"Feature","id":798,"geometry":{"type":"Point","coordinates":[295912.92889999971,4013349.8517000005]},"properties":{"OBJECTID":798,"P_CODE":"CP001237","Governorate":"Idleb/إدلب","District":"Harim/حارم","Subdistrict":"Dana/دانا","Community":"Bab El Hawa/باب الهوى - دانا","Site_name":"Shohadaa Aljanoub 1-2 / شهداء الجنوب 1-2","Site_type":"SC","Category":"None / Minimal","Total_IDPs":691,"Latitude":36.243507999999999,"Longitude":36.728754000000002}},{"type":"Feature","id":799,"geometry":{"type":"Point","coordinates":[296188.46150000021,4014020.3278000001]},"properties":{"OBJECTID":799,"P_CODE":"CP000604","Governorate":"Idleb/إدلب","District":"Harim/حارم","Subdistrict":"Dana/دانا","Community":"Deir Hassan - Darhashan/دير حسان_درحشان","Site_name":"Qasr Bin Wardan / قصر بن وردان","Site_type":"SC","Category":"None / Minimal","Total_IDPs":691,"Latitude":36.249606139999997,"Longitude":36.731643550000001}},{"type":"Feature","id":800,"geometry":{"type":"Point","coordinates":[294545.13960000034,4018414.8348999992]},"properties":{"OBJECTID":800,"P_CODE":"CP001191","Governorate":"Idleb/إدلب","District":"Harim/حارم","Subdistrict":"Dana/دانا","Community":"Qah/قاح - دانا","Site_name":"Masaken Alsultan Abd Alhameed / مساكن السلطان عبد الحميد","Site_type":"PC","Category":"None / Minimal","Total_IDPs":691,"Latitude":36.288845199999997,"Longitude":36.7122119}},{"type":"Feature","id":801,"geometry":{"type":"Point","coordinates":[295473.08899999969,4013090.9502000008]},"properties":{"OBJECTID":801,"P_CODE":"CP001527","Governorate":"Idleb/إدلب","District":"Harim/حارم","Subdistrict":"Dana/دانا","Community":"Bab El Hawa/باب الهوى - دانا","Site_name":"Serjableh Al Qatari / سرجبلة القطري","Site_type":"PC","Category":"None / Minimal","Total_IDPs":691,"Latitude":36.241082689999999,"Longitude":36.723930240000001}},{"type":"Feature","id":802,"geometry":{"type":"Point","coordinates":[296034.42129999958,4013681.7649000008]},"properties":{"OBJECTID":802,"P_CODE":"CP001659","Governorate":"Idleb/إدلب","District":"Harim/حارم","Subdistrict":"Dana/دانا","Community":"Deir Hassan - Darhashan/دير حسان_درحشان","Site_name":"Al Qatari(Deir Hassan) / القطري(ديرحسان)","Site_type":"PC","Category":"None / Minimal","Total_IDPs":691,"Latitude":36.246523689999997,"Longitude":36.730018600000001}},{"type":"Feature","id":803,"geometry":{"type":"Point","coordinates":[295347.39599999972,4012906.8477999996]},"properties":{"OBJECTID":803,"P_CODE":"CP001974","Governorate":"Idleb/إدلب","District":"Harim/حارم","Subdistrict":"Dana/دانا","Community":"Bab El Hawa/باب الهوى - دانا","Site_name":"Al Farouq(Bab Alhawa) / الفاروق(باب الهوى)","Site_type":"SC","Category":"None / Minimal","Total_IDPs":691,"Latitude":36.239397599999997,"Longitude":36.722580600000001}},{"type":"Feature","id":804,"geometry":{"type":"Point","coordinates":[292499.90429999959,4017432.9263000004]},"properties":{"OBJECTID":804,"P_CODE":"CP002133","Governorate":"Idleb/إدلب","District":"Harim/حارم","Subdistrict":"Dana/دانا","Community":"Aqrabat (Dana)/عقربات - دانا","Site_name":"Qarit Gitaa Alrahma / قرية غطاء الرحمة السكنية","Site_type":"PC","Category":"None / Minimal","Total_IDPs":691,"Latitude":36.279562200000001,"Longitude":36.689715200000002}},{"type":"Feature","id":805,"geometry":{"type":"Point","coordinates":[294432.66750000045,4018707.5756000001]},"properties":{"OBJECTID":805,"P_CODE":"CP000166","Governorate":"Idleb/إدلب","District":"Harim/حارم","Subdistrict":"Dana/دانا","Community":"Qah/قاح - دانا","Site_name":"Al Bayan (Qah) / البيان(قاح)","Site_type":"PC","Category":"None / Minimal","Total_IDPs":691,"Latitude":36.291458329999998,"Longitude":36.710883330000001}},{"type":"Feature","id":806,"geometry":{"type":"Point","coordinates":[294472.67200000025,4018752.7167000007]},"properties":{"OBJECTID":806,"P_CODE":"CP000167","Governorate":"Idleb/إدلب","District":"Harim/حارم","Subdistrict":"Dana/دانا","Community":"Qah/قاح - دانا","Site_name":"Al Imam / الإمام","Site_type":"SC","Category":"None / Minimal","Total_IDPs":691,"Latitude":36.291873500000001,"Longitude":36.711316600000004}},{"type":"Feature","id":807,"geometry":{"type":"Point","coordinates":[294332.97649999987,4018672.1918000001]},"properties":{"OBJECTID":807,"P_CODE":"CP000181","Governorate":"Idleb/إدلب","District":"Harim/حارم","Subdistrict":"Dana/دانا","Community":"Qah/قاح - دانا","Site_name":"Ataa 5 (Shabab Al Khayr) / عطاء 5 - شباب الخير 1","Site_type":"SC","Category":"None / Minimal","Total_IDPs":691,"Latitude":36.291118330000003,"Longitude":36.70978333}},{"type":"Feature","id":808,"geometry":{"type":"Point","coordinates":[294332.2061999999,4018597.2423999999]},"properties":{"OBJECTID":808,"P_CODE":"CP000301","Governorate":"Idleb/إدلب","District":"Harim/حارم","Subdistrict":"Dana/دانا","Community":"Qah/قاح - دانا","Site_name":"Ain Jaloot / عين جالوت","Site_type":"SC","Category":"None / Minimal","Total_IDPs":691,"Latitude":36.290443000000003,"Longitude":36.709794500000001}},{"type":"Feature","id":809,"geometry":{"type":"Point","coordinates":[294459.92750000022,4018808.8745000008]},"properties":{"OBJECTID":809,"P_CODE":"CP000307","Governorate":"Idleb/إدلب","District":"Harim/حارم","Subdistrict":"Dana/دانا","Community":"Qah/قاح - دانا","Site_name":"Afamya(Qah) / افاميا(قاح)","Site_type":"SC","Category":"None / Minimal","Total_IDPs":691,"Latitude":36.292376670000003,"Longitude":36.71116}},{"type":"Feature","id":810,"geometry":{"type":"Point","coordinates":[294563.20639999956,4018806.0610000007]},"properties":{"OBJECTID":810,"P_CODE":"CP000311","Governorate":"Idleb/إدلب","District":"Harim/حارم","Subdistrict":"Dana/دانا","Community":"Qah/قاح - دانا","Site_name":"Nasret Al Rasoul / نصرة الرسول","Site_type":"SC","Category":"None / Minimal","Total_IDPs":691,"Latitude":36.292373329999997,"Longitude":36.712310000000002}},{"type":"Feature","id":811,"geometry":{"type":"Point","coordinates":[294374.35049999971,4018845.7928999998]},"properties":{"OBJECTID":811,"P_CODE":"CP002356","Governorate":"Idleb/إدلب","District":"Harim/حارم","Subdistrict":"Dana/دانا","Community":"Qah/قاح - دانا","Site_name":"Dar Almal/ دار الامل","Site_type":"PC","Category":"None / Minimal","Total_IDPs":691,"Latitude":36.292690999999998,"Longitude":36.710197999999998}},{"type":"Feature","id":812,"geometry":{"type":"Point","coordinates":[294443.7416000003,4019238.8618999999]},"properties":{"OBJECTID":812,"P_CODE":"CP000138","Governorate":"Idleb/إدلب","District":"Harim/حارم","Subdistrict":"Dana/دانا","Community":"Qah/قاح - دانا","Site_name":"Qadisiya / القادسية","Site_type":"SC","Category":"None / Minimal","Total_IDPs":691,"Latitude":36.296246670000002,"Longitude":36.710866670000001}},{"type":"Feature","id":813,"geometry":{"type":"Point","coordinates":[291165.55099999998,4025348.7259999998]},"properties":{"OBJECTID":813,"P_CODE":"CP001695","Governorate":"Aleppo/حلب","District":"Afrin/عفرين","Subdistrict":"Jandairis/جنديرس","Community":"Jandairis/جنديرس","Site_name":"Al Muhamadyeh 2 / 2 المحمدية","Site_type":"PC","Category":"None / Minimal","Total_IDPs":444,"Latitude":36.350580000000001,"Longitude":36.672750000000001}},{"type":"Feature","id":814,"geometry":{"type":"Point","coordinates":[290578.88549999986,4024694.6882000007]},"properties":{"OBJECTID":814,"P_CODE":"CP001611","Governorate":"Aleppo/حلب","District":"Afrin/عفرين","Subdistrict":"Jandairis/جنديرس","Community":"Deir Ballut/دير بلوط","Site_name":"Al Muhamadyeh / المحمدية","Site_type":"PC","Category":"None / Minimal","Total_IDPs":444,"Latitude":36.344560999999999,"Longitude":36.666392999999999}},{"type":"Feature","id":815,"geometry":{"type":"Point","coordinates":[290800.73220000044,4024572.6583999991]},"properties":{"OBJECTID":815,"P_CODE":"CP000637","Governorate":"Aleppo/حلب","District":"Afrin/عفرين","Subdistrict":"Jandairis/جنديرس","Community":"Deir Ballut/دير بلوط","Site_name":"Deir Ballut / دير بلوط","Site_type":"PC","Category":"None / Minimal","Total_IDPs":444,"Latitude":36.343510000000002,"Longitude":36.668895999999997}},{"type":"Feature","id":816,"geometry":{"type":"Point","coordinates":[290571.33150000032,4028120.1697000004]},"properties":{"OBJECTID":816,"P_CODE":"CP002438","Governorate":"Aleppo/حلب","District":"Afrin/عفرين","Subdistrict":"Jandairis/جنديرس","Community":"Bayada - Jendris/البياضة - جنديرس","Site_name":"Alsalam Agjela/ السلام أغجلا","Site_type":"PC","Category":"None / Minimal","Total_IDPs":444,"Latitude":36.375415750000002,"Longitude":36.665386980000001}},{"type":"Feature","id":817,"geometry":{"type":"Point","coordinates":[342668.14719999954,4048306.5578000005]},"properties":{"OBJECTID":817,"P_CODE":"CP001256","Governorate":"Aleppo/حلب","District":"Azaz/اعزاز","Subdistrict":"Suran - Aleppo/صوران","Community":"Ehteimlat/احتيملات","Site_name":"Ehteimlat(Al Marj) / احتيمالات(المرج)","Site_type":"PC","Category":"None / Minimal","Total_IDPs":1212,"Latitude":36.567253000000001,"Longitude":37.241745999999999}},{"type":"Feature","id":818,"geometry":{"type":"Point","coordinates":[342850.65359999985,4048367.8320000004]},"properties":{"OBJECTID":818,"P_CODE":"CP002049","Governorate":"Aleppo/حلب","District":"Azaz/اعزاز","Subdistrict":"Suran - Aleppo/صوران","Community":"Ehteimlat/احتيملات","Site_name":"Qariat AlAytam Ehtimalat / قرية الايتام احتيمالات","Site_type":"PC","Category":"None / Minimal","Total_IDPs":1212,"Latitude":36.567835189999997,"Longitude":37.243772219999997}},{"type":"Feature","id":819,"geometry":{"type":"Point","coordinates":[338976.29590000026,4043723.5252999999]},"properties":{"OBJECTID":819,"P_CODE":"CP002072","Governorate":"Aleppo/حلب","District":"Azaz/اعزاز","Subdistrict":"Mare/مارع","Community":"Tlaline/تلالين","Site_name":"Orphans(Tlaline) / الأيتام (تلالين)","Site_type":"PC","Category":"None / Minimal","Total_IDPs":258,"Latitude":36.525341320000003,"Longitude":37.201463349999997}},{"type":"Feature","id":820,"geometry":{"type":"Point","coordinates":[349321.96430000011,4050144.0397999994]},"properties":{"OBJECTID":820,"P_CODE":"CP002191","Governorate":"Aleppo/حلب","District":"Azaz/اعزاز","Subdistrict":"Aghtrin/اخترين","Community":"Turkman Bareh/تركمان بارح","Site_name":"Kariat Niriman Alsham / قرية نريمان الشام","Site_type":"PC","Category":"None / Minimal","Total_IDPs":554,"Latitude":36.584884199999998,"Longitude":37.315716000000002}},{"type":"Feature","id":821,"geometry":{"type":"Point","coordinates":[360459.25339999981,4046305.7951999996]},"properties":{"OBJECTID":821,"P_CODE":"CP002391","Governorate":"Aleppo/حلب","District":"Al Bab/الباب","Subdistrict":"Al Bab/مركز الباب","Community":"Qabasin/قباسين - مركز الباب","Site_name":"Ard Alamal 3/ أرض الامل3","Site_type":"PC","Category":"None / Minimal","Total_IDPs":3452,"Latitude":36.551988899999998,"Longitude":37.440861099999999}},{"type":"Feature","id":822,"geometry":{"type":"Point","coordinates":[371288.22819999978,4036689.1348000001]},"properties":{"OBJECTID":822,"P_CODE":"CP002300","Governorate":"Aleppo/حلب","District":"Al Bab/الباب","Subdistrict":"Al Bab/مركز الباب","Community":"Qabasin/قباسين - مركز الباب","Site_name":"Masa Village/ قرية ماسا","Site_type":"PC","Category":"None / Minimal","Total_IDPs":3452,"Latitude":36.466841000000002,"Longitude":37.563423999999998}},{"type":"Feature","id":823,"geometry":{"type":"Point","coordinates":[359560.32160000037,4033737.0163000003]},"properties":{"OBJECTID":823,"P_CODE":"CP001034","Governorate":"Aleppo/حلب","District":"Al Bab/الباب","Subdistrict":"Al Bab/مركز الباب","Community":"Sosyan/سوسيان - مركز الباب","Site_name":"Susian / سوسيان","Site_type":"PC","Category":"None / Minimal","Total_IDPs":3452,"Latitude":36.438589700000001,"Longitude":37.433104399999998}},{"type":"Feature","id":824,"geometry":{"type":"Point","coordinates":[266598.3909,4006407.7300000004]},"properties":{"OBJECTID":824,"P_CODE":"CP000074","Governorate":"Idleb/إدلب","District":"Harim/حارم","Subdistrict":"Salqin/سلقين","Community":"Faroukiyeh/الفاروقية - سلقين","Site_name":"Kadimoon / قادمون","Site_type":"PC","Category":"None / Minimal","Total_IDPs":407,"Latitude":36.174348899999998,"Longitude":36.404867580000001}},{"type":"Feature","id":825,"geometry":{"type":"Point","coordinates":[372746.62509999983,4036621.5834999997]},"properties":{"OBJECTID":825,"P_CODE":"CP002440","Governorate":"Aleppo/حلب","District":"Al Bab/الباب","Subdistrict":"Al Bab/مركز الباب","Community":"Qabasin/قباسين - مركز الباب","Site_name":"Kundurli/ الكندرلية","Site_type":"PC","Category":"None / Minimal","Total_IDPs":3452,"Latitude":36.466427000000003,"Longitude":37.579707999999997}},{"type":"Feature","id":826,"geometry":{"type":"Point","coordinates":[373551.83509999979,4029680.0824999996]},"properties":{"OBJECTID":826,"P_CODE":"CP002186","Governorate":"Aleppo/حلب","District":"Al Bab/الباب","Subdistrict":"Al Bab/مركز الباب","Community":"Bazagha/بزاعة - مركز الباب","Site_name":"Al Maqatie / المقاطع","Site_type":"PC","Category":"None / Minimal","Total_IDPs":3452,"Latitude":36.403973000000001,"Longitude":37.589824999999998}},{"type":"Feature","id":827,"geometry":null,"properties":{"OBJECTID":827,"Shape":null,"P_CODE":"CP003000","Governorate":"As-Sweida/السويداء","District":"As-Sweida/مركز السويداء","Subdistrict":"As-Sweida/مركز السويداء","Community":"Qanawat/قنوات","Site_name":"Nidhal Shoukair school","Site_type":"CC","Category":"None / Minimal","Total_IDPs":138,"Latitude":null,"Longitude":null}},{"type":"Feature","id":828,"geometry":null,"properties":{"OBJECTID":828,"Shape":null,"P_CODE":"CP003001","Governorate":"As-Sweida/السويداء","District":"As-Sweida/مركز السويداء","Subdistrict":"As-Sweida/مركز السويداء","Community":"Qanawat/قنوات","Site_name":"Zidan Zidan school","Site_type":"CC","Category":"None / Minimal","Total_IDPs":138,"Latitude":null,"Longitude":null}},{"type":"Feature","id":829,"geometry":{"type":"Point","coordinates":[645419.16119999997,4049440.5728999991]},"properties":{"OBJECTID":829,"P_CODE":"CP002481","Governorate":"Al-Hasakeh","District":"Al-Hasakeh","Subdistrict":"Al-Hasakeh","Community":"Tweineh","Site_name":"Washokani/واشوكاني","Site_type":"PC","Category":"None / Minimal","Total_IDPs":8470,"Latitude":36.579360999999999,"Longitude":40.625388999999998}},{"type":"Feature","id":830,"geometry":null,"properties":{"OBJECTID":830,"Shape":null,"P_CODE":"CP002990","Governorate":"As-Sweida/السويداء","District":"As-Sweida/مركز السويداء","Subdistrict":"As-Sweida/مركز السويداء","Community":"As-Sweida/السويداء","Site_name":"Courthouse","Site_type":"CC","Category":"None / Minimal","Total_IDPs":138,"Latitude":null,"Longitude":null}},{"type":"Feature","id":831,"geometry":{"type":"Point","coordinates":[272335.20010000002,3623707.4855000004]},"properties":{"OBJECTID":831,"P_CODE":"CP002999","Governorate":"As-Sweida/السويداء","District":"As-Sweida/مركز السويداء","Subdistrict":"As-Sweida/مركز السويداء","Community":"As-Sweida/السويداء","Site_name":"Deaf and Mute Center","Site_type":"CC","Category":"None / Minimal","Total_IDPs":138,"Latitude":32.727670000000003,"Longitude":36.570630000000001}},{"type":"Feature","id":832,"geometry":null,"properties":{"OBJECTID":832,"Shape":null,"P_CODE":"CP003063","Governorate":"As-Sweida/السويداء","District":"As-Sweida/مركز السويداء","Subdistrict":"As-Sweida/مركز السويداء","Community":"As-Sweida/السويداء","Site_name":"Directorate of Environment","Site_type":"CC","Category":"None / Minimal","Total_IDPs":138,"Latitude":null,"Longitude":null}},{"type":"Feature","id":833,"geometry":{"type":"Point","coordinates":[328379.52159999963,4052547.4504000004]},"properties":{"OBJECTID":833,"P_CODE":"CP002264","Governorate":"Aleppo/حلب","District":"Azaz/اعزاز","Subdistrict":"Azaz/مركز اعزاز","Community":"Nayara/نيارة","Site_name":"Tajamuaa Al Koot/ تجمع الكوت","Site_type":"PC","Category":"None / Minimal","Total_IDPs":1213,"Latitude":36.603001999999996,"Longitude":37.081195999999998}},{"type":"Feature","id":834,"geometry":{"type":"Point","coordinates":[328224.86500000022,4052550.7631999999]},"properties":{"OBJECTID":834,"P_CODE":"CP002389","Governorate":"Aleppo/حلب","District":"Azaz/اعزاز","Subdistrict":"Azaz/مركز اعزاز","Community":"Nayara/نيارة","Site_name":"Tamra /  طمرة","Site_type":"PC","Category":"None / Minimal","Total_IDPs":1213,"Latitude":36.603003999999999,"Longitude":37.079467000000001}},{"type":"Feature","id":835,"geometry":{"type":"Point","coordinates":[328270.72829999961,4052579.9241000004]},"properties":{"OBJECTID":835,"P_CODE":"CP002221","Governorate":"Aleppo/حلب","District":"Azaz/اعزاز","Subdistrict":"Azaz/مركز اعزاز","Community":"Nayara/نيارة","Site_name":"Awtad Mulham / أوتاد ملهم","Site_type":"PC","Category":"None / Minimal","Total_IDPs":1213,"Latitude":36.603274999999996,"Longitude":37.079973000000003}},{"type":"Feature","id":836,"geometry":{"type":"Point","coordinates":[328223.31329999957,4052549.2403999995]},"properties":{"OBJECTID":836,"P_CODE":"CP002388","Governorate":"Aleppo/حلب","District":"Azaz/اعزاز","Subdistrict":"Azaz/مركز اعزاز","Community":"Nayara/نيارة","Site_name":"Suwasiah/ سواسية","Site_type":"PC","Category":"None / Minimal","Total_IDPs":1213,"Latitude":36.602989999999998,"Longitude":37.079450000000001}},{"type":"Feature","id":837,"geometry":{"type":"Point","coordinates":[295202.17410000041,4005616.2970000003]},"properties":{"OBJECTID":837,"P_CODE":"CP002165","Governorate":"Idleb/إدلب","District":"Harim/حارم","Subdistrict":"Dana/دانا","Community":"Sarmada/سرمدا","Site_name":"Al Sham village for orphan / قرية الشام للأيتام","Site_type":"PC","Category":"None / Minimal","Total_IDPs":691,"Latitude":36.173690000000001,"Longitude":36.72287}},{"type":"Feature","id":838,"geometry":{"type":"Point","coordinates":[292363.01769999973,4006685.2588]},"properties":{"OBJECTID":838,"P_CODE":"CP000071","Governorate":"Idleb/إدلب","District":"Harim/حارم","Subdistrict":"Dana/دانا","Community":"Sarmada/سرمدا","Site_name":"Taiba City / مدينه طيبه","Site_type":"SC","Category":"None / Minimal","Total_IDPs":691,"Latitude":36.182715119999997,"Longitude":36.691041900000002}},{"type":"Feature","id":839,"geometry":{"type":"Point","coordinates":[322432.58820000011,4049704.3669000007]},"properties":{"OBJECTID":839,"P_CODE":"CP002240","Governorate":"Aleppo/حلب","District":"Azaz/اعزاز","Subdistrict":"Azaz/مركز اعزاز","Community":"Azaz/أعزاز","Site_name":"Tajamuaa Alkuloob Alrahima/ تجمع القلوب الرحيمة","Site_type":"PC","Category":"None / Minimal","Total_IDPs":1213,"Latitude":36.576298000000001,"Longitude":37.015397999999998}},{"type":"Feature","id":840,"geometry":{"type":"Point","coordinates":[290447.15919999965,4021326.1795000006]},"properties":{"OBJECTID":840,"P_CODE":"CP000827","Governorate":"Idleb/إدلب","District":"Harim/حارم","Subdistrict":"Dana/دانا","Community":"Atma/اطمه","Site_name":"Qaret Al Twarek / قرية الطوارئ","Site_type":"PC","Category":"None / Minimal","Total_IDPs":691,"Latitude":36.314188999999999,"Longitude":36.665832000000002}},{"type":"Feature","id":841,"geometry":{"type":"Point","coordinates":[290043.40890000015,4021456.4956]},"properties":{"OBJECTID":841,"P_CODE":"CP000783","Governorate":"Idleb/إدلب","District":"Harim/حارم","Subdistrict":"Dana/دانا","Community":"Atma/اطمه","Site_name":"Hammad Al Ammar-1 / 1 حمد العمار","Site_type":"SC","Category":"None / Minimal","Total_IDPs":691,"Latitude":36.315275,"Longitude":36.661302999999997}},{"type":"Feature","id":842,"geometry":{"type":"Point","coordinates":[290066.73269999959,4021120.6718000006]},"properties":{"OBJECTID":842,"P_CODE":"CP001924","Governorate":"Idleb/إدلب","District":"Harim/حارم","Subdistrict":"Dana/دانا","Community":"Atma/اطمه","Site_name":"Al Kuwaity / الكويتي","Site_type":"PC","Category":"None / Minimal","Total_IDPs":691,"Latitude":36.312255,"Longitude":36.661653000000001}},{"type":"Feature","id":843,"geometry":{"type":"Point","coordinates":[296593.67980000004,4011326.2977000009]},"properties":{"OBJECTID":843,"P_CODE":"CP002046","Governorate":"Idleb/إدلب","District":"Harim/حارم","Subdistrict":"Dana/دانا","Community":"Burdaqly/بردقلي","Site_name":"Al Qarya Almaliziah / القرية الماليزية","Site_type":"PC","Category":"None / Minimal","Total_IDPs":691,"Latitude":36.225422299999998,"Longitude":36.7368503}},{"type":"Feature","id":844,"geometry":{"type":"Point","coordinates":[371058.3088999996,4039619.5429999996]},"properties":{"OBJECTID":844,"P_CODE":"CP001338","Governorate":"Aleppo/حلب","District":"Al Bab/الباب","Subdistrict":"Al Bab/مركز الباب","Community":"Qabasin/قباسين - مركز الباب","Site_name":"Mseibin / مصيبين","Site_type":"SC","Category":"None / Minimal","Total_IDPs":3452,"Latitude":36.493220000000001,"Longitude":37.560369999999999}},{"type":"Feature","id":845,"geometry":{"type":"Point","coordinates":[344758.72429999989,4055722.4497999996]},"properties":{"OBJECTID":845,"P_CODE":"CP001240","Governorate":"Aleppo/حلب","District":"Azaz/اعزاز","Subdistrict":"Aghtrin/اخترين","Community":"Dweidan/دوديان","Site_name":"Qarah Kupri / كره قوبري","Site_type":"PC","Category":"None / Minimal","Total_IDPs":554,"Latitude":36.634419000000001,"Longitude":37.263601999999999}},{"type":"Feature","id":846,"geometry":{"type":"Point","coordinates":[349410.65639999975,4050177.7886999995]},"properties":{"OBJECTID":846,"P_CODE":"CP001321","Governorate":"Aleppo/حلب","District":"Azaz/اعزاز","Subdistrict":"Aghtrin/اخترين","Community":"Turkman Bareh/تركمان بارح","Site_name":"Dar Alkiram / دار الكرام","Site_type":"PC","Category":"None / Minimal","Total_IDPs":554,"Latitude":36.58520232,"Longitude":37.316700410000003}},{"type":"Feature","id":847,"geometry":{"type":"Point","coordinates":[348842.79989999998,4048621.4349000007]},"properties":{"OBJECTID":847,"P_CODE":"CP001968","Governorate":"Aleppo/حلب","District":"Azaz/اعزاز","Subdistrict":"Aghtrin/اخترين","Community":"Bhorta/بحورته","Site_name":"Bhorta / بحورته","Site_type":"PC","Category":"None / Minimal","Total_IDPs":554,"Latitude":36.571088000000003,"Longitude":37.310661000000003}},{"type":"Feature","id":848,"geometry":{"type":"Point","coordinates":[294590.40479999967,4018499.4046]},"properties":{"OBJECTID":848,"P_CODE":"CP000157","Governorate":"Idleb/إدلب","District":"Harim/حارم","Subdistrict":"Dana/دانا","Community":"Qah/قاح - دانا","Site_name":"Al Fardous(Qah) / الفردوس(قاح)","Site_type":"SC","Category":"None / Minimal","Total_IDPs":691,"Latitude":36.289616670000001,"Longitude":36.71269333}},{"type":"Feature","id":849,"geometry":{"type":"Point","coordinates":[294667.06290000025,4018408.6337000001]},"properties":{"OBJECTID":849,"P_CODE":"CP000162","Governorate":"Idleb/إدلب","District":"Harim/حارم","Subdistrict":"Dana/دانا","Community":"Qah/قاح - دانا","Site_name":"Toyor Al Janna (Heaven Bird's) / طيور الجنة","Site_type":"SC","Category":"None / Minimal","Total_IDPs":691,"Latitude":36.288815300000003,"Longitude":36.713570199999999}},{"type":"Feature","id":850,"geometry":{"type":"Point","coordinates":[294834.80869999994,4018218.9574999996]},"properties":{"OBJECTID":850,"P_CODE":"CP001018","Governorate":"Idleb/إدلب","District":"Harim/حارم","Subdistrict":"Dana/دانا","Community":"Qah/قاح - دانا","Site_name":"Mulhaq Farajak Ya Rab / ملحق فرجك يا رب","Site_type":"SC","Category":"None / Minimal","Total_IDPs":691,"Latitude":36.287142330000002,"Longitude":36.715486579999997}},{"type":"Feature","id":851,"geometry":{"type":"Point","coordinates":[294859.80510000046,4018395.5368000008]},"properties":{"OBJECTID":851,"P_CODE":"CP000305","Governorate":"Idleb/إدلب","District":"Harim/حارم","Subdistrict":"Dana/دانا","Community":"Qah/قاح - دانا","Site_name":"Farajak Yarab / فرجك يارب","Site_type":"SC","Category":"None / Minimal","Total_IDPs":691,"Latitude":36.288738330000001,"Longitude":36.715718330000001}},{"type":"Feature","id":852,"geometry":{"type":"Point","coordinates":[294771.73759999964,4018376.7102000006]},"properties":{"OBJECTID":852,"P_CODE":"CP000304","Governorate":"Idleb/إدلب","District":"Harim/حارم","Subdistrict":"Dana/دانا","Community":"Qah/قاح - دانا","Site_name":"Baraem Al Thawra / براعم الثورة","Site_type":"SC","Category":"None / Minimal","Total_IDPs":691,"Latitude":36.288550000000001,"Longitude":36.714743329999997}},{"type":"Feature","id":853,"geometry":{"type":"Point","coordinates":[376066.50580000039,4034202.0691999998]},"properties":{"OBJECTID":853,"P_CODE":"CP002181","Governorate":"Aleppo/حلب","District":"Al Bab/الباب","Subdistrict":"Arima/عريمة","Community":"Barshaya/برشايا","Site_name":"Al Baraziyh / البرازية","Site_type":"PC","Category":"None / Minimal","Total_IDPs":226,"Latitude":36.445056000000001,"Longitude":37.617139000000002}},{"type":"Feature","id":854,"geometry":{"type":"Point","coordinates":[364319.97740000021,4037362.0525000002]},"properties":{"OBJECTID":854,"P_CODE":"CP001957","Governorate":"Aleppo/حلب","District":"Al Bab/الباب","Subdistrict":"Al Bab/مركز الباب","Community":"Su Sinbat/سو سنباط - مركز الباب","Site_name":"Haq Alsham / حق الشام","Site_type":"PC","Category":"None / Minimal","Total_IDPs":3452,"Latitude":36.471944000000001,"Longitude":37.485556000000003}},{"type":"Feature","id":855,"geometry":{"type":"Point","coordinates":[294322.44620000012,4019189.0036999993]},"properties":{"OBJECTID":855,"P_CODE":"CP000482","Governorate":"Idleb/إدلب","District":"Harim/حارم","Subdistrict":"Dana/دانا","Community":"Qah/قاح - دانا","Site_name":"Al Hidaya Al Namouthajia / الهداية النموذجية","Site_type":"SC","Category":"None / Minimal","Total_IDPs":691,"Latitude":36.295771670000001,"Longitude":36.709530000000001}},{"type":"Feature","id":856,"geometry":{"type":"Point","coordinates":[295568.30099999998,4017081.0111999996]},"properties":{"OBJECTID":856,"P_CODE":"CP000191","Governorate":"Idleb/إدلب","District":"Harim/حارم","Subdistrict":"Dana/دانا","Community":"Qah/قاح - دانا","Site_name":"Al Salam (Qah) / السلام(قاح)","Site_type":"SC","Category":"None / Minimal","Total_IDPs":691,"Latitude":36.277047000000003,"Longitude":36.723945999999998}},{"type":"Feature","id":857,"geometry":{"type":"Point","coordinates":[295859.32340000011,4017536.8730999995]},"properties":{"OBJECTID":857,"P_CODE":"CP001677","Governorate":"Idleb/إدلب","District":"Harim/حارم","Subdistrict":"Dana/دانا","Community":"Qah/قاح - دانا","Site_name":"Nour halab / نور حلب","Site_type":"SC","Category":"None / Minimal","Total_IDPs":691,"Latitude":36.281215199999998,"Longitude":36.7270647}},{"type":"Feature","id":858,"geometry":{"type":"Point","coordinates":[295904.31049999967,4018850.2342000008]},"properties":{"OBJECTID":858,"P_CODE":"CP000180","Governorate":"Idleb/إدلب","District":"Harim/حارم","Subdistrict":"Dana/دانا","Community":"Qah/قاح - دانا","Site_name":"Qah / قاح","Site_type":"SC","Category":"None / Minimal","Total_IDPs":691,"Latitude":36.293056,"Longitude":36.727221999999998}},{"type":"Feature","id":859,"geometry":{"type":"Point","coordinates":[283218.74220000021,3984057.7562000006]},"properties":{"OBJECTID":859,"P_CODE":"CP001955","Governorate":"Idleb/إدلب","District":"Idleb/مركز إدلب","Subdistrict":"Maaret Tamsrin/معرة تمصرين","Community":"Kafr Jales/كفر جالس","Site_name":"WATAN second typical camp / مخيم وطن النموذجي الثاني","Site_type":"PC","Category":"None / Minimal","Total_IDPs":692,"Latitude":35.97688617,"Longitude":36.595652100000002}},{"type":"Feature","id":860,"geometry":{"type":"Point","coordinates":[282893.29239999969,3983573.2089000009]},"properties":{"OBJECTID":860,"P_CODE":"CP001959","Governorate":"Idleb/إدلب","District":"Idleb/مركز إدلب","Subdistrict":"Maaret Tamsrin/معرة تمصرين","Community":"Kafr Jales/كفر جالس","Site_name":"Maram Kafr Jales / مرام كفرجالس","Site_type":"PC","Category":"None / Minimal","Total_IDPs":692,"Latitude":35.972448999999997,"Longitude":36.592177999999997}},{"type":"Feature","id":861,"geometry":{"type":"Point","coordinates":[281445.39740000013,3985593.7973999996]},"properties":{"OBJECTID":861,"P_CODE":"CP002445","Governorate":"Idleb/إدلب","District":"Idleb/مركز إدلب","Subdistrict":"Maaret Tamsrin/معرة تمصرين","Community":"Kafr Jales/كفر جالس","Site_name":"Al Yasmeen(Kafr Jales) / الياسمين(كفر جالس)","Site_type":"PC","Category":"None / Minimal","Total_IDPs":692,"Latitude":35.990327000000001,"Longitude":36.575575999999998}},{"type":"Feature","id":862,"geometry":{"type":"Point","coordinates":[337505.58550000004,4058690.3300999999]},"properties":{"OBJECTID":862,"P_CODE":"CP000006","Governorate":"Aleppo/حلب","District":"Azaz/اعزاز","Subdistrict":"Suran - Aleppo/صوران","Community":"Zayzafun - Ekdeh/الزيزفون_إيكدة","Site_name":"Ekkdeh / إيكدة","Site_type":"PC","Category":"None / Minimal","Total_IDPs":1212,"Latitude":36.659951,"Longitude":37.181882000000002}},{"type":"Feature","id":863,"geometry":{"type":"Point","coordinates":[334454.36550000031,4056621.6772000007]},"properties":{"OBJECTID":863,"P_CODE":"CP002000","Governorate":"Aleppo/حلب","District":"Azaz/اعزاز","Subdistrict":"Suran - Aleppo/صوران","Community":"Kafr Barja/كفر بارجة","Site_name":"Ahel Al Sham(Suran) / أهل الشام(صوران)","Site_type":"PC","Category":"None / Minimal","Total_IDPs":1212,"Latitude":36.640785999999999,"Longitude":37.148204999999997}},{"type":"Feature","id":864,"geometry":{"type":"Point","coordinates":[334347.48479999974,4056413.2020999994]},"properties":{"OBJECTID":864,"P_CODE":"CP000007","Governorate":"Aleppo/حلب","District":"Azaz/اعزاز","Subdistrict":"Suran - Aleppo/صوران","Community":"Kafr Barja/كفر بارجة","Site_name":"Al Harameen and extension / الحرمين والتوسعة","Site_type":"PC","Category":"None / Minimal","Total_IDPs":1212,"Latitude":36.638888999999999,"Longitude":37.147055000000002}},{"type":"Feature","id":865,"geometry":{"type":"Point","coordinates":[279137.77479999978,3628822.7949000001]},"properties":{"OBJECTID":865,"P_CODE":"CP003003","Governorate":"As-Sweida/السويداء","District":"As-Sweida/مركز السويداء","Subdistrict":"As-Sweida/مركز السويداء","Community":"Mafaala/مفعلة","Site_name":"Khaldoun Daibes Ghanem School","Site_type":"CC","Category":"None / Minimal","Total_IDPs":138,"Latitude":32.77516,"Longitude":36.641950000000001}},{"type":"Feature","id":866,"geometry":null,"properties":{"OBJECTID":866,"Shape":null,"P_CODE":"CP003002","Governorate":"As-Sweida/السويداء","District":"As-Sweida/مركز السويداء","Subdistrict":"As-Sweida/مركز السويداء","Community":"Qanawat/قنوات","Site_name":"Ahsan Kaisar School","Site_type":"CC","Category":"None / Minimal","Total_IDPs":138,"Latitude":null,"Longitude":null}},{"type":"Feature","id":867,"geometry":null,"properties":{"OBJECTID":867,"Shape":null,"P_CODE":"CP003064","Governorate":"As-Sweida/السويداء","District":"As-Sweida/مركز السويداء","Subdistrict":"As-Sweida/مركز السويداء","Community":"As-Sweida/السويداء","Site_name":"Forestry Department دائرة الحراج","Site_type":"CC","Category":"None / Minimal","Total_IDPs":138,"Latitude":null,"Longitude":null}},{"type":"Feature","id":868,"geometry":null,"properties":{"OBJECTID":868,"Shape":null,"P_CODE":"CP003071","Governorate":"As-Sweida/السويداء","District":"Salkhad/صلخد","Subdistrict":"Salkhad/مركز صلخد","Community":"Salkhad/صلخد","Site_name":"Social Affairs Kindergarten روضة الملاك الصغير","Site_type":"CC","Category":"None / Minimal","Total_IDPs":48,"Latitude":null,"Longitude":null}},{"type":"Feature","id":869,"geometry":null,"properties":{"OBJECTID":869,"Shape":null,"P_CODE":"CP003036","Governorate":"As-Sweida/السويداء","District":"Salkhad/صلخد","Subdistrict":"Salkhad/مركز صلخد","Community":"Salkhad/صلخد","Site_name":"Farmers' Association","Site_type":"CC","Category":"None / Minimal","Total_IDPs":48,"Latitude":null,"Longitude":null}},{"type":"Feature","id":870,"geometry":{"type":"Point","coordinates":[293367.02990000043,4007378.7347999997]},"properties":{"OBJECTID":870,"P_CODE":"CP001533","Governorate":"Idleb/إدلب","District":"Harim/حارم","Subdistrict":"Dana/دانا","Community":"Sarmada/سرمدا","Site_name":"Kamorah / كمورة","Site_type":"SC","Category":"None / Minimal","Total_IDPs":691,"Latitude":36.189177000000001,"Longitude":36.702016}},{"type":"Feature","id":871,"geometry":{"type":"Point","coordinates":[292391.9506000001,4007615.2293999996]},"properties":{"OBJECTID":871,"P_CODE":"CP002442","Governorate":"Idleb/إدلب","District":"Harim/حارم","Subdistrict":"Dana/دانا","Community":"Sarmada/سرمدا","Site_name":"Rawdut Khan Shikhun/ روضة خان شيخون","Site_type":"SC","Category":"None / Minimal","Total_IDPs":691,"Latitude":36.191098799999999,"Longitude":36.691117400000003}},{"type":"Feature","id":872,"geometry":{"type":"Point","coordinates":[291516.26530000009,4008336.7040999997]},"properties":{"OBJECTID":872,"P_CODE":"CP001531","Governorate":"Idleb/إدلب","District":"Harim/حارم","Subdistrict":"Dana/دانا","Community":"Sarmada/سرمدا","Site_name":"New Alfaqiea / الفقيع الجديد","Site_type":"SC","Category":"None / Minimal","Total_IDPs":691,"Latitude":36.197409819999997,"Longitude":36.681194040000001}},{"type":"Feature","id":873,"geometry":{"type":"Point","coordinates":[290244.20430000033,4021359.7225000001]},"properties":{"OBJECTID":873,"P_CODE":"CP000829","Governorate":"Idleb/إدلب","District":"Harim/حارم","Subdistrict":"Dana/دانا","Community":"Atma/اطمه","Site_name":"Ataa(Atmeh) 2 / عطاء2(أطمة)","Site_type":"PC","Category":"None / Minimal","Total_IDPs":691,"Latitude":36.314447000000001,"Longitude":36.663564000000001}},{"type":"Feature","id":874,"geometry":{"type":"Point","coordinates":[294588.48819999956,4018976.4466999993]},"properties":{"OBJECTID":874,"P_CODE":"CP000126","Governorate":"Idleb/إدلب","District":"Harim/حارم","Subdistrict":"Dana/دانا","Community":"Qah/قاح - دانا","Site_name":"Ataa 2 (Al Ansar) / عطاء 2 - الأنصار","Site_type":"SC","Category":"None / Minimal","Total_IDPs":691,"Latitude":36.293913600000003,"Longitude":36.712546500000002}},{"type":"Feature","id":875,"geometry":{"type":"Point","coordinates":[294249.18329999968,4019017.1937000006]},"properties":{"OBJECTID":875,"P_CODE":"CP000175","Governorate":"Idleb/إدلب","District":"Harim/حارم","Subdistrict":"Dana/دانا","Community":"Qah/قاح - دانا","Site_name":"Bani Omiyet / بني أمية","Site_type":"SC","Category":"None / Minimal","Total_IDPs":691,"Latitude":36.294208329999996,"Longitude":36.708759999999998}},{"type":"Feature","id":876,"geometry":{"type":"Point","coordinates":[293927.9709999999,4019021.6179000009]},"properties":{"OBJECTID":876,"P_CODE":"CP000165","Governorate":"Idleb/إدلب","District":"Harim/حارم","Subdistrict":"Dana/دانا","Community":"Qah/قاح - دانا","Site_name":"Al Arbaeen / الأربعين","Site_type":"SC","Category":"None / Minimal","Total_IDPs":691,"Latitude":36.2941796,"Longitude":36.7051844}},{"type":"Feature","id":877,"geometry":{"type":"Point","coordinates":[294083.48450000025,4018983.4953000005]},"properties":{"OBJECTID":877,"P_CODE":"CP000164","Governorate":"Idleb/إدلب","District":"Harim/حارم","Subdistrict":"Dana/دانا","Community":"Qah/قاح - دانا","Site_name":"Abu Bakker Al Sidiq / أبو بكر الصديق","Site_type":"SC","Category":"None / Minimal","Total_IDPs":691,"Latitude":36.293869399999998,"Longitude":36.706924999999998}},{"type":"Feature","id":878,"geometry":{"type":"Point","coordinates":[285715.02440000046,3596802.5004999992]},"properties":{"OBJECTID":878,"P_CODE":"CP003029","Governorate":"As-Sweida/السويداء","District":"Salkhad/صلخد","Subdistrict":"Salkhad/مركز صلخد","Community":"Salkhad/صلخد","Site_name":"Vocational high school","Site_type":"CC","Category":"None / Minimal","Total_IDPs":48,"Latitude":32.487839999999998,"Longitude":36.719459999999998}},{"type":"Feature","id":879,"geometry":{"type":"Point","coordinates":[295399.03299999982,4012761.1472999994]},"properties":{"OBJECTID":879,"P_CODE":"CP001975","Governorate":"Idleb/إدلب","District":"Harim/حارم","Subdistrict":"Dana/دانا","Community":"Bab El Hawa/باب الهوى - دانا","Site_name":"Shohdaa AlKarama / شهداء الكرامه","Site_type":"PC","Category":"None / Minimal","Total_IDPs":691,"Latitude":36.238095999999999,"Longitude":36.723192900000001}},{"type":"Feature","id":880,"geometry":{"type":"Point","coordinates":[295563.64209999982,4012481.4948999994]},"properties":{"OBJECTID":880,"P_CODE":"CP002096","Governorate":"Idleb/إدلب","District":"Harim/حارم","Subdistrict":"Dana/دانا","Community":"Burdaqly/بردقلي","Site_name":"Al Huda(Burdaqly) / الهدى(بردقلي)","Site_type":"PC","Category":"None / Minimal","Total_IDPs":691,"Latitude":36.235611599999999,"Longitude":36.725096399999998}},{"type":"Feature","id":881,"geometry":{"type":"Point","coordinates":[289612.53699999955,4021134.5533000007]},"properties":{"OBJECTID":881,"P_CODE":"CP000800","Governorate":"Idleb/إدلب","District":"Harim/حارم","Subdistrict":"Dana/دانا","Community":"Atma/اطمه","Site_name":"Al Reeh Al Mursalah / الريح المرسلة","Site_type":"PC","Category":"None / Minimal","Total_IDPs":691,"Latitude":36.312280999999999,"Longitude":36.656593999999998}},{"type":"Feature","id":882,"geometry":{"type":"Point","coordinates":[289462.33069999982,4020912.9481000006]},"properties":{"OBJECTID":882,"P_CODE":"CP000810","Governorate":"Idleb/إدلب","District":"Harim/حارم","Subdistrict":"Dana/دانا","Community":"Atma/اطمه","Site_name":"Al Andalus / الأندلس","Site_type":"SC","Category":"None / Minimal","Total_IDPs":691,"Latitude":36.310251999999998,"Longitude":36.654981999999997}},{"type":"Feature","id":883,"geometry":{"type":"Point","coordinates":[290013.2893000003,4020115.6620000005]},"properties":{"OBJECTID":883,"P_CODE":"CP001439","Governorate":"Idleb/إدلب","District":"Harim/حارم","Subdistrict":"Dana/دانا","Community":"Atma/اطمه","Site_name":"Shohadaa Karfzita / شهداء كفر زيتا","Site_type":"SC","Category":"None / Minimal","Total_IDPs":691,"Latitude":36.303190280000003,"Longitude":36.661328670000003}},{"type":"Feature","id":884,"geometry":{"type":"Point","coordinates":[271307.2611999996,4003570.7541000005]},"properties":{"OBJECTID":884,"P_CODE":"CP001798","Governorate":"Idleb/إدلب","District":"Harim/حارم","Subdistrict":"Salqin/سلقين","Community":"Salqin/سلقين","Site_name":"Madrast Alsina'a / مدرسة الصناعة","Site_type":"SC","Category":"None / Minimal","Total_IDPs":407,"Latitude":36.149920000000002,"Longitude":36.458002999999998}},{"type":"Feature","id":885,"geometry":{"type":"Point","coordinates":[277789.43659999967,3982324.9537000004]},"properties":{"OBJECTID":885,"P_CODE":"CP001409","Governorate":"Idleb/إدلب","District":"Idleb/مركز إدلب","Subdistrict":"Idleb/مركز إدلب","Community":"Kafruhin/كفروحين - مركز إدلب","Site_name":"Bishmaroun / بشمارون","Site_type":"PC","Category":"None / Minimal","Total_IDPs":316,"Latitude":35.960056280000003,"Longitude":36.535969770000001}},{"type":"Feature","id":886,"geometry":{"type":"Point","coordinates":[293829.43450000044,4015106.2679999992]},"properties":{"OBJECTID":886,"P_CODE":"CP002252","Governorate":"Idleb/إدلب","District":"Harim/حارم","Subdistrict":"Dana/دانا","Community":"Aqrabat (Dana)/عقربات - دانا","Site_name":"Ruhamaa Bainahum 2 / رحماء بينهم 2","Site_type":"PC","Category":"None / Minimal","Total_IDPs":691,"Latitude":36.258887999999999,"Longitude":36.705120999999998}},{"type":"Feature","id":887,"geometry":{"type":"Point","coordinates":[292954.99199999962,4016037.8710999992]},"properties":{"OBJECTID":887,"P_CODE":"CP002253","Governorate":"Idleb/إدلب","District":"Harim/حارم","Subdistrict":"Dana/دانا","Community":"Aqrabat (Dana)/عقربات - دانا","Site_name":"Al Janna Village / قرية الجنة","Site_type":"PC","Category":"None / Minimal","Total_IDPs":691,"Latitude":36.267093000000003,"Longitude":36.695148000000003}},{"type":"Feature","id":888,"geometry":{"type":"Point","coordinates":[295120.93560000043,4017758.8794]},"properties":{"OBJECTID":888,"P_CODE":"CP000190","Governorate":"Idleb/إدلب","District":"Harim/حارم","Subdistrict":"Dana/دانا","Community":"Qah/قاح - دانا","Site_name":"Al Nasser (and extension) / النصر (والتوسع)","Site_type":"SC","Category":"None / Minimal","Total_IDPs":691,"Latitude":36.283058599999997,"Longitude":36.718791009999997}},{"type":"Feature","id":889,"geometry":{"type":"Point","coordinates":[295398.67760000005,4013297.1594999991]},"properties":{"OBJECTID":889,"P_CODE":"CP001540","Governorate":"Idleb/إدلب","District":"Harim/حارم","Subdistrict":"Dana/دانا","Community":"Bab El Hawa/باب الهوى - دانا","Site_name":"Saeed1 / ساعد1","Site_type":"SC","Category":"None / Minimal","Total_IDPs":691,"Latitude":36.242924559999999,"Longitude":36.723048839999997}},{"type":"Feature","id":890,"geometry":{"type":"Point","coordinates":[330281.21970000025,4055477.8012000006]},"properties":{"OBJECTID":890,"P_CODE":"CP000292","Governorate":"Aleppo/حلب","District":"Azaz/اعزاز","Subdistrict":"Azaz/مركز اعزاز","Community":"Tatiyeh/طاطية","Site_name":"Al Zeytoun (Al Helal) / الزيتون (الهلال)","Site_type":"SC","Category":"None / Minimal","Total_IDPs":1213,"Latitude":36.629745,"Longitude":37.101799999999997}},{"type":"Feature","id":891,"geometry":{"type":"Point","coordinates":[331803.6743999999,4059169.3246999998]},"properties":{"OBJECTID":891,"P_CODE":"CP002203","Governorate":"Aleppo/حلب","District":"Azaz/اعزاز","Subdistrict":"Azaz/مركز اعزاز","Community":"Shamarin/شمارين","Site_name":"Ashwaiyat Alresala / عشوائيات الرسالة","Site_type":"SC","Category":"None / Minimal","Total_IDPs":1213,"Latitude":36.663276000000003,"Longitude":37.118009999999998}},{"type":"Feature","id":892,"geometry":{"type":"Point","coordinates":[293157.64659999963,4002475.9515000004]},"properties":{"OBJECTID":892,"P_CODE":"CP000574","Governorate":"Idleb/إدلب","District":"Idleb/مركز إدلب","Subdistrict":"Maaret Tamsrin/معرة تمصرين","Community":"Kelly/كللي","Site_name":"Alfarhan(Doyouf Almaara) / الفرحان(ضيوف المعرة)","Site_type":"PC","Category":"None / Minimal","Total_IDPs":692,"Latitude":36.144965999999997,"Longitude":36.700980000000001}},{"type":"Feature","id":893,"geometry":{"type":"Point","coordinates":[293315.56639999989,4002636.9474999998]},"properties":{"OBJECTID":893,"P_CODE":"CP001517","Governorate":"Idleb/إدلب","District":"Idleb/مركز إدلب","Subdistrict":"Maaret Tamsrin/معرة تمصرين","Community":"Kelly/كللي","Site_name":"Al Bashir / البشير","Site_type":"PC","Category":"None / Minimal","Total_IDPs":692,"Latitude":36.146450000000002,"Longitude":36.70269167}},{"type":"Feature","id":894,"geometry":{"type":"Point","coordinates":[293362.19940000027,4003194.8745000008]},"properties":{"OBJECTID":894,"P_CODE":"CP001756","Governorate":"Idleb/إدلب","District":"Idleb/مركز إدلب","Subdistrict":"Maaret Tamsrin/معرة تمصرين","Community":"Kelly/كللي","Site_name":"Kelly( Al Rayhan) / كللي(الريحان)","Site_type":"PC","Category":"None / Minimal","Total_IDPs":692,"Latitude":36.151485999999998,"Longitude":36.703063}},{"type":"Feature","id":895,"geometry":{"type":"Point","coordinates":[293281.85699999984,4002793.5210999995]},"properties":{"OBJECTID":895,"P_CODE":"CP002243","Governorate":"Idleb/إدلب","District":"Idleb/مركز إدلب","Subdistrict":"Maaret Tamsrin/معرة تمصرين","Community":"Kelly/كللي","Site_name":"Qaim Dar/ قيم دار","Site_type":"PC","Category":"None / Minimal","Total_IDPs":692,"Latitude":36.147853300000001,"Longitude":36.702276099999999}},{"type":"Feature","id":896,"geometry":{"type":"Point","coordinates":[264081.03259999957,3979427.0789999999]},"properties":{"OBJECTID":896,"P_CODE":"CP001021","Governorate":"Idleb/إدلب","District":"Jisr-Ash-Shugur/جسر الشغور","Subdistrict":"Janudiyeh/الجانودية","Community":"Hamama - Kafr Debbin/الحمامة_كفر دبين","Site_name":"Oion Aara / عيون عارة","Site_type":"PC","Category":"None / Minimal","Total_IDPs":243,"Latitude":35.93074,"Longitude":36.38496}},{"type":"Feature","id":897,"geometry":{"type":"Point","coordinates":[335247.09750000015,4048658.6761000007]},"properties":{"OBJECTID":897,"P_CODE":"CP002058","Governorate":"Aleppo/حلب","District":"Azaz/اعزاز","Subdistrict":"Suran - Aleppo/صوران","Community":"Kafra (Suran)/كفرة - صوران","Site_name":"Qaryat Al Aytam Algarbiah / قرية الأيتام الغربية","Site_type":"PC","Category":"None / Minimal","Total_IDPs":1212,"Latitude":36.569173999999997,"Longitude":37.158774999999999}},{"type":"Feature","id":898,"geometry":{"type":"Point","coordinates":[294258.75250000041,4008747.3928999994]},"properties":{"OBJECTID":898,"P_CODE":"CP000404","Governorate":"Idleb/إدلب","District":"Harim/حارم","Subdistrict":"Dana/دانا","Community":"Sarmada/سرمدا","Site_name":"Al Faroq Omar / الفاروق","Site_type":"PC","Category":"None / Minimal","Total_IDPs":691,"Latitude":36.201696400000003,"Longitude":36.711566840000003}},{"type":"Feature","id":899,"geometry":{"type":"Point","coordinates":[293980.2555999998,4008883.2376000006]},"properties":{"OBJECTID":899,"P_CODE":"CP001638","Governorate":"Idleb/إدلب","District":"Harim/حارم","Subdistrict":"Dana/دانا","Community":"Sarmada/سرمدا","Site_name":"Ikhaa Hama / إخاء حماة","Site_type":"PC","Category":"None / Minimal","Total_IDPs":691,"Latitude":36.202860889999997,"Longitude":36.708435700000003}},{"type":"Feature","id":900,"geometry":{"type":"Point","coordinates":[293886.47599999979,4009610.8036000002]},"properties":{"OBJECTID":900,"P_CODE":"CP001201","Governorate":"Idleb/إدلب","District":"Harim/حارم","Subdistrict":"Dana/دانا","Community":"Sarmada/سرمدا","Site_name":"Al Kurah / القرى","Site_type":"SC","Category":"None / Minimal","Total_IDPs":691,"Latitude":36.209395120000003,"Longitude":36.707202080000002}},{"type":"Feature","id":901,"geometry":{"type":"Point","coordinates":[338032.10280000046,4052165.2820999995]},"properties":{"OBJECTID":901,"P_CODE":"CP000495","Governorate":"Aleppo/حلب","District":"Azaz/اعزاز","Subdistrict":"Suran - Aleppo/صوران","Community":"Albil/البل","Site_name":"Dostluk (Friendship Camp) / الصداقة","Site_type":"PC","Category":"None / Minimal","Total_IDPs":1212,"Latitude":36.601247000000001,"Longitude":37.189146999999998}},{"type":"Feature","id":902,"geometry":{"type":"Point","coordinates":[335461.86610000022,4048584.0914999992]},"properties":{"OBJECTID":902,"P_CODE":"CP002057","Governorate":"Aleppo/حلب","District":"Azaz/اعزاز","Subdistrict":"Suran - Aleppo/صوران","Community":"Kafra (Suran)/كفرة - صوران","Site_name":"Qaryat Al Aytam Alsharqia / قرية الأيتام الشرقية","Site_type":"PC","Category":"None / Minimal","Total_IDPs":1212,"Latitude":36.568539000000001,"Longitude":37.161189999999998}},{"type":"Feature","id":903,"geometry":{"type":"Point","coordinates":[293643.02170000039,4012797.6787]},"properties":{"OBJECTID":903,"P_CODE":"CP002044","Governorate":"Idleb/إدلب","District":"Harim/حارم","Subdistrict":"Dana/دانا","Community":"Bab El Hawa/باب الهوى - دانا","Site_name":"Abwab Alrahma / أبواب الرحمة","Site_type":"PC","Category":"None / Minimal","Total_IDPs":691,"Latitude":36.2380517,"Longitude":36.7036564}},{"type":"Feature","id":904,"geometry":{"type":"Point","coordinates":[294283.63740000036,4014049.4840999991]},"properties":{"OBJECTID":904,"P_CODE":"CP001577","Governorate":"Idleb/إدلب","District":"Harim/حارم","Subdistrict":"Dana/دانا","Community":"Sarmada/سرمدا","Site_name":"Al Ahmar / الأحمر","Site_type":"PC","Category":"None / Minimal","Total_IDPs":691,"Latitude":36.249465000000001,"Longitude":36.710450999999999}},{"type":"Feature","id":905,"geometry":{"type":"Point","coordinates":[293902.1043999996,4013881.4539000001]},"properties":{"OBJECTID":905,"P_CODE":"CP001048","Governorate":"Idleb/إدلب","District":"Harim/حارم","Subdistrict":"Dana/دانا","Community":"Bab El Hawa/باب الهوى - دانا","Site_name":"Al-binaa Alakhder / البناء الأخضر","Site_type":"PC","Category":"None / Minimal","Total_IDPs":691,"Latitude":36.247869999999999,"Longitude":36.706251999999999}},{"type":"Feature","id":906,"geometry":{"type":"Point","coordinates":[294421.82919999957,4014007.6873000003]},"properties":{"OBJECTID":906,"P_CODE":"CP002047","Governorate":"Idleb/إدلب","District":"Harim/حارم","Subdistrict":"Dana/دانا","Community":"Bab El Hawa/باب الهوى - دانا","Site_name":"Qarit Dar Hammoud / قرية دار حمود","Site_type":"PC","Category":"None / Minimal","Total_IDPs":691,"Latitude":36.249117900000002,"Longitude":36.711998899999998}},{"type":"Feature","id":907,"geometry":null,"properties":{"OBJECTID":907,"Shape":null,"P_CODE":"CP003041","Governorate":"As-Sweida/السويداء","District":"As-Sweida/مركز السويداء","Subdistrict":"As-Sweida/مركز السويداء","Community":"As-Sweida/السويداء","Site_name":"Al-Omran Fooundation","Site_type":"CC","Category":"None / Minimal","Total_IDPs":138,"Latitude":null,"Longitude":null}},{"type":"Feature","id":908,"geometry":{"type":"Point","coordinates":[292910.87710000016,3983923.7481999993]},"properties":{"OBJECTID":908,"P_CODE":"CP001081","Governorate":"Idleb/إدلب","District":"Idleb/مركز إدلب","Subdistrict":"Bennsh/بنش","Community":"Foah/الفوعة","Site_name":"Aieshaa bent Abo Bakr / عائشة بنت ابو بكر","Site_type":"PC","Category":"None / Minimal","Total_IDPs":164,"Latitude":35.977784470000003,"Longitude":36.703104330000002}},{"type":"Feature","id":909,"geometry":{"type":"Point","coordinates":[276402.15110000037,4013135.6772000007]},"properties":{"OBJECTID":909,"P_CODE":"CP002308","Governorate":"Idleb/إدلب","District":"Harim/حارم","Subdistrict":"Harim/مركز حارم","Community":"Harim/حارم","Site_name":"Byot Alkhair/ بيوت الخير","Site_type":"PC","Category":"None / Minimal","Total_IDPs":208,"Latitude":36.237260999999997,"Longitude":36.511859999999999}},{"type":"Feature","id":910,"geometry":{"type":"Point","coordinates":[278993.81879999954,4010474.9233999997]},"properties":{"OBJECTID":910,"P_CODE":"CP002338","Governorate":"Idleb/إدلب","District":"Harim/حارم","Subdistrict":"Harim/مركز حارم","Community":"Harim/حارم","Site_name":"Musab Bin Omair/ مصعب بن عمير","Site_type":"PC","Category":"None / Minimal","Total_IDPs":208,"Latitude":36.213890999999997,"Longitude":36.541426000000001}},{"type":"Feature","id":911,"geometry":{"type":"Point","coordinates":[293316.46530000027,3986026.7434999999]},"properties":{"OBJECTID":911,"P_CODE":"CP001080","Governorate":"Idleb/إدلب","District":"Idleb/مركز إدلب","Subdistrict":"Bennsh/بنش","Community":"Foah/الفوعة","Site_name":"Hafedat Aeshaa / حفيدات عائشة","Site_type":"PC","Category":"None / Minimal","Total_IDPs":164,"Latitude":35.996815789999999,"Longitude":36.707051200000002}},{"type":"Feature","id":912,"geometry":{"type":"Point","coordinates":[290101.41069999989,4010741.5113999993]},"properties":{"OBJECTID":912,"P_CODE":"CP002148","Governorate":"Idleb/إدلب","District":"Harim/حارم","Subdistrict":"Dana/دانا","Community":"Babisqa/بابيسقا","Site_name":"Nasaem Alsham / نسائم الشام","Site_type":"PC","Category":"None / Minimal","Total_IDPs":691,"Latitude":36.218766799999997,"Longitude":36.6648256}},{"type":"Feature","id":913,"geometry":{"type":"Point","coordinates":[290920.50009999983,4011290.0985000003]},"properties":{"OBJECTID":913,"P_CODE":"CP002019","Governorate":"Idleb/إدلب","District":"Harim/حارم","Subdistrict":"Dana/دانا","Community":"Babisqa/بابيسقا","Site_name":"Al Ber(babisqa) / البر(بايسقا)","Site_type":"PC","Category":"None / Minimal","Total_IDPs":691,"Latitude":36.223886,"Longitude":36.673785000000002}},{"type":"Feature","id":914,"geometry":{"type":"Point","coordinates":[291148.25219999999,4011114.1224000007]},"properties":{"OBJECTID":914,"P_CODE":"CP001477","Governorate":"Idleb/إدلب","District":"Harim/حارم","Subdistrict":"Dana/دانا","Community":"Babisqa/بابيسقا","Site_name":"Zahrat Alshamal / زهرة الشمال","Site_type":"PC","Category":"None / Minimal","Total_IDPs":691,"Latitude":36.222349999999999,"Longitude":36.676364}},{"type":"Feature","id":915,"geometry":{"type":"Point","coordinates":[291343.19249999989,4011299.0556000005]},"properties":{"OBJECTID":915,"P_CODE":"CP002322","Governorate":"Idleb/إدلب","District":"Harim/حارم","Subdistrict":"Dana/دانا","Community":"Babisqa/بابيسقا","Site_name":"Al Shami/ الشامي","Site_type":"SC","Category":"None / Minimal","Total_IDPs":691,"Latitude":36.224057999999999,"Longitude":36.678482000000002}},{"type":"Feature","id":916,"geometry":null,"properties":{"OBJECTID":916,"Shape":null,"P_CODE":"CP002991","Governorate":"As-Sweida/السويداء","District":"As-Sweida/مركز السويداء","Subdistrict":"As-Sweida/مركز السويداء","Community":"As-Sweida/السويداء","Site_name":"Commercial School","Site_type":"CC","Category":"None / Minimal","Total_IDPs":138,"Latitude":null,"Longitude":null}},{"type":"Feature","id":917,"geometry":null,"properties":{"OBJECTID":917,"Shape":null,"P_CODE":"CP003078","Governorate":"As-Sweida/السويداء","District":"As-Sweida/مركز السويداء","Subdistrict":"As-Sweida/مركز السويداء","Community":"As-Sweida/السويداء","Site_name":"Youth Empowerment","Site_type":"CC","Category":"None / Minimal","Total_IDPs":138,"Latitude":null,"Longitude":null}},{"type":"Feature","id":918,"geometry":{"type":"Point","coordinates":[300316.09719999973,4005777.6611000001]},"properties":{"OBJECTID":918,"P_CODE":"CP002281","Governorate":"Aleppo/حلب","District":"Jebel Saman/جبل سمعان","Subdistrict":"Atareb/أتارب","Community":"Kafr Karmin/كفر كرمين","Site_name":"Al Rayan(Kafr Karmin)/ الريان(كفر كرمين)","Site_type":"PC","Category":"None / Minimal","Total_IDPs":1574,"Latitude":36.176211500000001,"Longitude":36.779651299999998}},{"type":"Feature","id":919,"geometry":{"type":"Point","coordinates":[300725.41000000015,4005582.6426999997]},"properties":{"OBJECTID":919,"P_CODE":"CP002135","Governorate":"Aleppo/حلب","District":"Jebel Saman/جبل سمعان","Subdistrict":"Atareb/أتارب","Community":"Kafr Karmin/كفر كرمين","Site_name":"Tayba(Kafr Karmin) / طيبة(كفر كرمين)","Site_type":"PC","Category":"None / Minimal","Total_IDPs":1574,"Latitude":36.174538900000002,"Longitude":36.784249000000003}},{"type":"Feature","id":920,"geometry":{"type":"Point","coordinates":[298183.60570000019,4004589.6514999997]},"properties":{"OBJECTID":920,"P_CODE":"CP002250","Governorate":"Aleppo/حلب","District":"Jebel Saman/جبل سمعان","Subdistrict":"Atareb/أتارب","Community":"Babka/بابكة","Site_name":"Al fateh/ الفاتح","Site_type":"PC","Category":"None / Minimal","Total_IDPs":1574,"Latitude":36.165067000000001,"Longitude":36.756261000000002}},{"type":"Feature","id":921,"geometry":{"type":"Point","coordinates":[297928.1699000001,4003446.6787999999]},"properties":{"OBJECTID":921,"P_CODE":"CP002247","Governorate":"Aleppo/حلب","District":"Jebel Saman/جبل سمعان","Subdistrict":"Atareb/أتارب","Community":"Babka/بابكة","Site_name":"Al Khayrat2/ الخيرات 2","Site_type":"PC","Category":"None / Minimal","Total_IDPs":1574,"Latitude":36.154716999999998,"Longitude":36.753717000000002}},{"type":"Feature","id":922,"geometry":{"type":"Point","coordinates":[299805.42819999997,4004347.5113999993]},"properties":{"OBJECTID":922,"P_CODE":"CP000406","Governorate":"Aleppo/حلب","District":"Jebel Saman/جبل سمعان","Subdistrict":"Atareb/أتارب","Community":"Kafr Karmin/كفر كرمين","Site_name":"Al Abiad-Kafar Karmeen / الأبيض-كفر كرمين","Site_type":"SC","Category":"None / Minimal","Total_IDPs":1574,"Latitude":36.163222050000002,"Longitude":36.774341370000002}},{"type":"Feature","id":923,"geometry":{"type":"Point","coordinates":[300655.14869999979,4005402.5499000009]},"properties":{"OBJECTID":923,"P_CODE":"CP002038","Governorate":"Aleppo/حلب","District":"Jebel Saman/جبل سمعان","Subdistrict":"Atareb/أتارب","Community":"Kafr Karmin/كفر كرمين","Site_name":"Al Manelah / المنزلة","Site_type":"SC","Category":"None / Minimal","Total_IDPs":1574,"Latitude":36.172902000000001,"Longitude":36.783513999999997}},{"type":"Feature","id":924,"geometry":{"type":"Point","coordinates":[299326.89470000006,4003363.7829999998]},"properties":{"OBJECTID":924,"P_CODE":"CP002390","Governorate":"Aleppo/حلب","District":"Jebel Saman/جبل سمعان","Subdistrict":"Atareb/أتارب","Community":"Kafr Karmin/كفر كرمين","Site_name":"Najat Elik Dar/ النجاة اليك دار","Site_type":"PC","Category":"None / Minimal","Total_IDPs":1574,"Latitude":36.154260800000003,"Longitude":36.769276099999999}},{"type":"Feature","id":925,"geometry":{"type":"Point","coordinates":[298100.19629999995,4003847.5271000005]},"properties":{"OBJECTID":925,"P_CODE":"CP002246","Governorate":"Aleppo/حلب","District":"Jebel Saman/جبل سمعان","Subdistrict":"Atareb/أتارب","Community":"Babka/بابكة","Site_name":"Deniz/ دنيز","Site_type":"PC","Category":"None / Minimal","Total_IDPs":1574,"Latitude":36.158363999999999,"Longitude":36.755524999999999}},{"type":"Feature","id":926,"geometry":{"type":"Point","coordinates":[297843.34609999973,4003099.5374999996]},"properties":{"OBJECTID":926,"P_CODE":"CP002249","Governorate":"Aleppo/حلب","District":"Jebel Saman/جبل سمعان","Subdistrict":"Atareb/أتارب","Community":"Babka/بابكة","Site_name":"Yedi Bashak/ يدي باشاك","Site_type":"PC","Category":"None / Minimal","Total_IDPs":1574,"Latitude":36.151572000000002,"Longitude":36.752864000000002}},{"type":"Feature","id":927,"geometry":{"type":"Point","coordinates":[300569.76360000018,4019491.8940999992]},"properties":{"OBJECTID":927,"P_CODE":"CP002205","Governorate":"Aleppo/حلب","District":"Jebel Saman/جبل سمعان","Subdistrict":"Daret Azza/دارة عزة","Community":"Zarzita/زرزيتا","Site_name":"Tajamuaa Zarzita / تجمع زرزيتا","Site_type":"PC","Category":"None / Minimal","Total_IDPs":84,"Latitude":36.299812600000003,"Longitude":36.778976200000002}},{"type":"Feature","id":928,"geometry":{"type":"Point","coordinates":[280117.99519999977,3977448.2620000001]},"properties":{"OBJECTID":928,"P_CODE":"CP001317","Governorate":"Idleb/إدلب","District":"Idleb/مركز إدلب","Subdistrict":"Idleb/مركز إدلب","Community":"Sijer - Bqesemtoh/سيجر - بقسمته","Site_name":"Al Fidaa Extension(Al Zajil) / ملحق الفداء(الزاجل)","Site_type":"PC","Category":"None / Minimal","Total_IDPs":316,"Latitude":35.916654999999999,"Longitude":36.563119}},{"type":"Feature","id":929,"geometry":{"type":"Point","coordinates":[327707.54719999991,4052336.9249000009]},"properties":{"OBJECTID":929,"P_CODE":"CP002109","Governorate":"Aleppo/حلب","District":"Azaz/اعزاز","Subdistrict":"Azaz/مركز اعزاز","Community":"Nayara/نيارة","Site_name":"Mojamaa Aysha Om muminin / مجمع عائشة ام المؤمنين السكني","Site_type":"PC","Category":"None / Minimal","Total_IDPs":1213,"Latitude":36.600983999999997,"Longitude":37.073734000000002}},{"type":"Feature","id":930,"geometry":{"type":"Point","coordinates":[329161.65579999983,4052652.0615999997]},"properties":{"OBJECTID":930,"P_CODE":"CP002275","Governorate":"Aleppo/حلب","District":"Azaz/اعزاز","Subdistrict":"Azaz/مركز اعزاز","Community":"Nayara/نيارة","Site_name":"Qarit Al Salam 2/ قرية السلام 2 ","Site_type":"PC","Category":"None / Minimal","Total_IDPs":1213,"Latitude":36.604084999999998,"Longitude":37.089913000000003}},{"type":"Feature","id":931,"geometry":{"type":"Point","coordinates":[332643.48039999977,4058002.1827000007]},"properties":{"OBJECTID":931,"P_CODE":"CP000004","Governorate":"Aleppo/حلب","District":"Azaz/اعزاز","Subdistrict":"Azaz/مركز اعزاز","Community":"Shamarin/شمارين","Site_name":"Bab Al Noor / باب النور","Site_type":"PC","Category":"None / Minimal","Total_IDPs":1213,"Latitude":36.652907999999996,"Longitude":37.127656999999999}},{"type":"Feature","id":932,"geometry":{"type":"Point","coordinates":[276097.27479999978,4002906.6108999997]},"properties":{"OBJECTID":932,"P_CODE":"CP002031","Governorate":"Idleb/إدلب","District":"Harim/حارم","Subdistrict":"Kafr Takharim/كفر تخاريم","Community":"Kafr Takharim/كفر تخاريم","Site_name":"Aleppo Shelter Center / مركز ايواء حلب","Site_type":"PC","Category":"None / Minimal","Total_IDPs":75,"Latitude":36.145055999999997,"Longitude":36.511389000000001}},{"type":"Feature","id":933,"geometry":{"type":"Point","coordinates":[306704.26790000033,4041795.9580000006]},"properties":{"OBJECTID":933,"P_CODE":"CP001451","Governorate":"Aleppo/حلب","District":"Afrin/عفرين","Subdistrict":"Afrin/مركز عفرين","Community":"Afrin (Afrin)/عفرين - مركز عفرين","Site_name":"Makatib Maarata / مكاتب معراتة","Site_type":"PC","Category":"None / Minimal","Total_IDPs":1358,"Latitude":36.501998,"Longitude":36.84169902}},{"type":"Feature","id":934,"geometry":{"type":"Point","coordinates":[293440.21490000002,4019104.7585000005]},"properties":{"OBJECTID":934,"P_CODE":"CP000467","Governorate":"Idleb/إدلب","District":"Harim/حارم","Subdistrict":"Dana/دانا","Community":"Atma/اطمه","Site_name":"Al Ber Wa Al Taqwaa (Qah) / البر والتقوى(قاح)","Site_type":"SC","Category":"None / Minimal","Total_IDPs":691,"Latitude":36.294824200000001,"Longitude":36.6997347}},{"type":"Feature","id":935,"geometry":{"type":"Point","coordinates":[314526.63329999987,4039567.3797999993]},"properties":{"OBJECTID":935,"P_CODE":"CP002273","Governorate":"Aleppo/حلب","District":"Afrin/عفرين","Subdistrict":"Afrin/مركز عفرين","Community":"Afrin (Afrin)/عفرين - مركز عفرين","Site_name":"Ard Alamal 2/ أرض الامل2","Site_type":"PC","Category":"None / Minimal","Total_IDPs":1358,"Latitude":36.483468000000002,"Longitude":36.929524000000001}},{"type":"Feature","id":936,"geometry":{"type":"Point","coordinates":[278694.59130000044,3613672.5590000004]},"properties":{"OBJECTID":936,"P_CODE":"CP003009","Governorate":"As-Sweida/السويداء","District":"As-Sweida/مركز السويداء","Subdistrict":"As-Sweida/مركز السويداء","Community":"Kafr/الكفر","Site_name":"Bayan Hodifa school","Site_type":"CC","Category":"None / Minimal","Total_IDPs":138,"Latitude":32.63852,"Longitude":36.640819999999998}},{"type":"Feature","id":937,"geometry":{"type":"Point","coordinates":[290820.61450000014,3991658.7708000001]},"properties":{"OBJECTID":937,"P_CODE":"CP001173","Governorate":"Idleb/إدلب","District":"Idleb/مركز إدلب","Subdistrict":"Maaret Tamsrin/معرة تمصرين","Community":"Maaret Elekhwan/معارة الاخوان - معرة تمصرين","Site_name":"Al Teneyh Village / القرية الطينية","Site_type":"SC","Category":"None / Minimal","Total_IDPs":692,"Latitude":36.04701953,"Longitude":36.677893580000003}},{"type":"Feature","id":938,"geometry":{"type":"Point","coordinates":[298107.69759999961,4016267.3817999996]},"properties":{"OBJECTID":938,"P_CODE":"CP001765","Governorate":"Idleb/إدلب","District":"Harim/حارم","Subdistrict":"Dana/دانا","Community":"Mashhad Ruhin/مشهد روحين - دانا","Site_name":"Mulhaq almashhad Alaramel / ملحق المشهد الارامل","Site_type":"SC","Category":"None / Minimal","Total_IDPs":691,"Latitude":36.270251999999999,"Longitude":36.752409}},{"type":"Feature","id":939,"geometry":{"type":"Point","coordinates":[298346.50870000012,4016138.5134999994]},"properties":{"OBJECTID":939,"P_CODE":"CP002353","Governorate":"Idleb/إدلب","District":"Harim/حارم","Subdistrict":"Dana/دانا","Community":"Mashhad Ruhin/مشهد روحين - دانا","Site_name":"Fatih Dar 4/ فتح دار 4","Site_type":"SC","Category":"None / Minimal","Total_IDPs":691,"Latitude":36.269140999999998,"Longitude":36.755099000000001}},{"type":"Feature","id":940,"geometry":{"type":"Point","coordinates":[291992.15309999976,4001501.0055]},"properties":{"OBJECTID":940,"P_CODE":"CP000727","Governorate":"Idleb/إدلب","District":"Idleb/مركز إدلب","Subdistrict":"Maaret Tamsrin/معرة تمصرين","Community":"Kelly/كللي","Site_name":"Atta alkhair2 / عطاء الخير 2","Site_type":"PC","Category":"None / Minimal","Total_IDPs":692,"Latitude":36.135933999999999,"Longitude":36.688293000000002}},{"type":"Feature","id":941,"geometry":{"type":"Point","coordinates":[291762.06190000009,4001662.6975999996]},"properties":{"OBJECTID":941,"P_CODE":"CP000970","Governorate":"Idleb/إدلب","District":"Idleb/مركز إدلب","Subdistrict":"Maaret Tamsrin/معرة تمصرين","Community":"Kelly/كللي","Site_name":"Al Ainaa / العيناء","Site_type":"PC","Category":"None / Minimal","Total_IDPs":692,"Latitude":36.137341210000002,"Longitude":36.685694949999998}},{"type":"Feature","id":942,"geometry":{"type":"Point","coordinates":[291570.43290000036,4001073.0173000004]},"properties":{"OBJECTID":942,"P_CODE":"CP001163","Governorate":"Idleb/إدلب","District":"Idleb/مركز إدلب","Subdistrict":"Maaret Tamsrin/معرة تمصرين","Community":"Kelly/كللي","Site_name":"Jabal Kelly / جبل كللي","Site_type":"PC","Category":"None / Minimal","Total_IDPs":692,"Latitude":36.131988,"Longitude":36.683723000000001}},{"type":"Feature","id":943,"geometry":{"type":"Point","coordinates":[291587.0876000002,4001928.6589000002]},"properties":{"OBJECTID":943,"P_CODE":"CP002192","Governorate":"Idleb/إدلب","District":"Idleb/مركز إدلب","Subdistrict":"Maaret Tamsrin/معرة تمصرين","Community":"Kelly/كللي","Site_name":"Sultan Mohaamd Alfatih / السلطان محمد الفاتح","Site_type":"PC","Category":"None / Minimal","Total_IDPs":692,"Latitude":36.139699499999999,"Longitude":36.683681300000003}},{"type":"Feature","id":944,"geometry":{"type":"Point","coordinates":[291791.80750000011,4006523.9333999995]},"properties":{"OBJECTID":944,"P_CODE":"CP002267","Governorate":"Idleb/إدلب","District":"Harim/حارم","Subdistrict":"Dana/دانا","Community":"Kafr Deryan/كفردريان","Site_name":"Alshahbaa Village/ قرية الشهباء","Site_type":"PC","Category":"None / Minimal","Total_IDPs":691,"Latitude":36.181139199999997,"Longitude":36.684737400000003}},{"type":"Feature","id":945,"geometry":{"type":"Point","coordinates":[291051.73039999977,4001645.1089999992]},"properties":{"OBJECTID":945,"P_CODE":"CP002270","Governorate":"Idleb/إدلب","District":"Idleb/مركز إدلب","Subdistrict":"Maaret Tamsrin/معرة تمصرين","Community":"Kelly/كللي","Site_name":"Al Zohoor (Human Appeal)/ الزهور (هيومن ابييل)","Site_type":"PC","Category":"None / Minimal","Total_IDPs":692,"Latitude":36.137030000000003,"Longitude":36.677810999999998}},{"type":"Feature","id":946,"geometry":{"type":"Point","coordinates":[291468.4282999998,4000870.9516000003]},"properties":{"OBJECTID":946,"P_CODE":"CP002280","Governorate":"Idleb/إدلب","District":"Idleb/مركز إدلب","Subdistrict":"Maaret Tamsrin/معرة تمصرين","Community":"Kelly/كللي","Site_name":"Haifa Carmel/ حيفا الكرمل","Site_type":"PC","Category":"None / Minimal","Total_IDPs":692,"Latitude":36.130145800000001,"Longitude":36.682643800000001}},{"type":"Feature","id":947,"geometry":{"type":"Point","coordinates":[291437.93530000001,4006231.3079000004]},"properties":{"OBJECTID":947,"P_CODE":"CP002346","Governorate":"Idleb/إدلب","District":"Harim/حارم","Subdistrict":"Dana/دانا","Community":"Kafr Deryan/كفردريان","Site_name":"Bayt Alsalam 2 /  بيت السلام 2","Site_type":"PC","Category":"None / Minimal","Total_IDPs":691,"Latitude":36.178426999999999,"Longitude":36.680883000000001}},{"type":"Feature","id":948,"geometry":{"type":"Point","coordinates":[301102.93020000029,4012772.0397999994]},"properties":{"OBJECTID":948,"P_CODE":"CP001282","Governorate":"Idleb/إدلب","District":"Harim/حارم","Subdistrict":"Dana/دانا","Community":"Hezreh - Hezri/حزرة_حرزي","Site_name":"Al Amal(Hezri) / الأمل (حزري)","Site_type":"PC","Category":"None / Minimal","Total_IDPs":691,"Latitude":36.239384999999999,"Longitude":36.786619999999999}},{"type":"Feature","id":949,"geometry":{"type":"Point","coordinates":[301208.91019999981,4013047.7844999991]},"properties":{"OBJECTID":949,"P_CODE":"CP001618","Governorate":"Idleb/إدلب","District":"Harim/حارم","Subdistrict":"Dana/دانا","Community":"Tilaada/تلعادة","Site_name":"Andalus Suburb / ضاحية الاندلس","Site_type":"PC","Category":"None / Minimal","Total_IDPs":691,"Latitude":36.241890949999998,"Longitude":36.787728549999997}},{"type":"Feature","id":950,"geometry":{"type":"Point","coordinates":[300555.2352,4013027.9997000005]},"properties":{"OBJECTID":950,"P_CODE":"CP001689","Governorate":"Idleb/إدلب","District":"Harim/حارم","Subdistrict":"Dana/دانا","Community":"Hezreh - Hezri/حزرة_حرزي","Site_name":"Qariat Al Hanan / قرية الحنان","Site_type":"PC","Category":"None / Minimal","Total_IDPs":691,"Latitude":36.241577999999997,"Longitude":36.780464000000002}},{"type":"Feature","id":951,"geometry":{"type":"Point","coordinates":[300598.17989999987,4012777.9148999993]},"properties":{"OBJECTID":951,"P_CODE":"CP002159","Governorate":"Idleb/إدلب","District":"Harim/حارم","Subdistrict":"Dana/دانا","Community":"Hezreh - Hezri/حزرة_حرزي","Site_name":"Hezri2-Albaraka Village / قرية البركة-حزرة2","Site_type":"PC","Category":"None / Minimal","Total_IDPs":691,"Latitude":36.239333899999998,"Longitude":36.781005299999997}},{"type":"Feature","id":952,"geometry":{"type":"Point","coordinates":[251162.07149999961,3623455.0300999992]},"properties":{"OBJECTID":952,"P_CODE":"CP002936","Governorate":"Dar'a/درعا","District":"Izra/ازرع","Subdistrict":"Hrak/الحراك","Community":"Western Maliha/المليحة الغربية","Site_name":"Rakhma Gathering / تجمع رخم","Site_type":"CC","Category":"None / Minimal","Total_IDPs":475,"Latitude":32.720815080000001,"Longitude":36.344963460000002}},{"type":"Feature","id":953,"geometry":{"type":"Point","coordinates":[251108.5959999999,3625687.8967000004]},"properties":{"OBJECTID":953,"P_CODE":"CP002937","Governorate":"Dar'a/درعا","District":"Izra/ازرع","Subdistrict":"Hrak/الحراك","Community":"Western Maliha/المليحة الغربية","Site_name":"Al-Kazya Center / مركز الكازية","Site_type":"SC","Category":"None / Minimal","Total_IDPs":475,"Latitude":32.740923459999998,"Longitude":36.343796359999999}},{"type":"Feature","id":954,"geometry":{"type":"Point","coordinates":[245275.15149999969,3598654.4823000003]},"properties":{"OBJECTID":954,"P_CODE":"CP002939","Governorate":"Dar'a/درعا","District":"Izra/ازرع","Subdistrict":"Hrak/الحراك","Community":"Western Maliha/المليحة الغربية","Site_name":"المدرسة الغربية / Western School ","Site_type":"CC","Category":"None / Minimal","Total_IDPs":475,"Latitude":32.495997199999998,"Longitude":36.288957500000002}},{"type":"Feature","id":955,"geometry":{"type":"Point","coordinates":[249240.99189999979,3626775.2064999994]},"properties":{"OBJECTID":955,"P_CODE":"CP002934","Governorate":"Dar'a/درعا","District":"Izra/ازرع","Subdistrict":"Hrak/الحراك","Community":"Hrak/الحراك","Site_name":"Sharia Secondary School / المدرسة الثانوية الشرعية","Site_type":"CC","Category":"None / Minimal","Total_IDPs":475,"Latitude":32.750297230000001,"Longitude":36.323590609999997}},{"type":"Feature","id":956,"geometry":{"type":"Point","coordinates":[248870.05860000011,3626947.5055]},"properties":{"OBJECTID":956,"P_CODE":"CP002932","Governorate":"Dar'a/درعا","District":"Izra/ازرع","Subdistrict":"Hrak/الحراك","Community":"Hrak/الحراك","Site_name":"Jaber Kasabra Building / بناية جابر كسابرة","Site_type":"CC","Category":"None / Minimal","Total_IDPs":475,"Latitude":32.751765200000001,"Longitude":36.319588760000002}},{"type":"Feature","id":957,"geometry":{"type":"Point","coordinates":[248893.76580000017,3626856.9912]},"properties":{"OBJECTID":957,"P_CODE":"CP002933","Governorate":"Dar'a/درعا","District":"Izra/ازرع","Subdistrict":"Hrak/الحراك","Community":"Hrak/الحراك","Site_name":"Abu Al-Yaman Kasabra Building / بناية ابو اليمن كسابرة","Site_type":"CC","Category":"None / Minimal","Total_IDPs":475,"Latitude":32.750954999999998,"Longitude":36.319865999999998}},{"type":"Feature","id":958,"geometry":null,"properties":{"OBJECTID":958,"Shape":null,"P_CODE":"CP003043","Governorate":"Dar'a/درعا","District":"Izra/ازرع","Subdistrict":"Hrak/الحراك","Community":"Hrak/الحراك","Site_name":"الجمعية الخيرية /  Charitable Society","Site_type":"CC","Category":"None / Minimal","Total_IDPs":475,"Latitude":null,"Longitude":null}},{"type":"Feature","id":959,"geometry":{"type":"Point","coordinates":[295831.43769999966,4021028.7114000004]},"properties":{"OBJECTID":959,"P_CODE":"CP001193","Governorate":"Idleb/إدلب","District":"Harim/حارم","Subdistrict":"Dana/دانا","Community":"Qah/قاح - دانا","Site_name":"Alamal(Qah) / الأمل(قاح)","Site_type":"SC","Category":"None / Minimal","Total_IDPs":691,"Latitude":36.312665099999997,"Longitude":36.725841099999997}},{"type":"Feature","id":960,"geometry":{"type":"Point","coordinates":[295751.14879999962,4021026.5614999998]},"properties":{"OBJECTID":960,"P_CODE":"CP001572","Governorate":"Idleb/إدلب","District":"Harim/حارم","Subdistrict":"Dana/دانا","Community":"Qah/قاح - دانا","Site_name":"Dar AlKhair / دار الخير لرعاية الارامل والايتام","Site_type":"SC","Category":"None / Minimal","Total_IDPs":691,"Latitude":36.312628719999999,"Longitude":36.724947989999997}},{"type":"Feature","id":961,"geometry":{"type":"Point","coordinates":[253133.76640000008,3703148.0117000006]},"properties":{"OBJECTID":961,"P_CODE":"CP002948","Governorate":"Rural Damascus/ريف دمشق","District":"Rural Damascus/مركز ريف دمشق","Subdistrict":"Babella/ببيلا","Community":"Sayyeda Zeinab/السيدة زينب","Site_name":"Al Masa/الماسه","Site_type":"CC","Category":"None / Minimal","Total_IDPs":245,"Latitude":33.439342000000003,"Longitude":36.344475799999998}},{"type":"Feature","id":962,"geometry":{"type":"Point","coordinates":[253181.15330000035,3702997.1118999999]},"properties":{"OBJECTID":962,"P_CODE":"CP002949","Governorate":"Rural Damascus/ريف دمشق","District":"Rural Damascus/مركز ريف دمشق","Subdistrict":"Babella/ببيلا","Community":"Sayyeda Zeinab/السيدة زينب","Site_name":"Shams Al Sham/شمس الشموس","Site_type":"CC","Category":"None / Minimal","Total_IDPs":245,"Latitude":33.437993300000002,"Longitude":36.345026500000003}},{"type":"Feature","id":963,"geometry":{"type":"Point","coordinates":[253192.74390000012,3703037.3926999997]},"properties":{"OBJECTID":963,"P_CODE":"CP002950","Governorate":"Rural Damascus/ريف دمشق","District":"Rural Damascus/مركز ريف دمشق","Subdistrict":"Babella/ببيلا","Community":"Sayyeda Zeinab/السيدة زينب","Site_name":"Durrat Al Sham 2/درة الشام 2","Site_type":"CC","Category":"None / Minimal","Total_IDPs":245,"Latitude":33.438358899999997,"Longitude":36.345140000000001}},{"type":"Feature","id":964,"geometry":{"type":"Point","coordinates":[253142.8311999999,3703297.7129999995]},"properties":{"OBJECTID":964,"P_CODE":"CP002951","Governorate":"Rural Damascus/ريف دمشق","District":"Rural Damascus/مركز ريف دمشق","Subdistrict":"Babella/ببيلا","Community":"Sayyeda Zeinab/السيدة زينب","Site_name":"Al Ittihad/الاتحاد","Site_type":"CC","Category":"None / Minimal","Total_IDPs":245,"Latitude":33.440692900000002,"Longitude":36.344532100000002}},{"type":"Feature","id":965,"geometry":{"type":"Point","coordinates":[253246.74509999994,3703384.6356000006]},"properties":{"OBJECTID":965,"P_CODE":"CP002952","Governorate":"Rural Damascus/ريف دمشق","District":"Rural Damascus/مركز ريف دمشق","Subdistrict":"Babella/ببيلا","Community":"Sayyeda Zeinab/السيدة زينب","Site_name":"Al Zahra/الزهراء","Site_type":"CC","Category":"None / Minimal","Total_IDPs":245,"Latitude":33.441499999999998,"Longitude":36.345624999999998}},{"type":"Feature","id":966,"geometry":{"type":"Point","coordinates":[252806.14410000015,3703522.4508999996]},"properties":{"OBJECTID":966,"P_CODE":"CP002953","Governorate":"Rural Damascus/ريف دمشق","District":"Rural Damascus/مركز ريف دمشق","Subdistrict":"Babella/ببيلا","Community":"Sayyeda Zeinab/السيدة زينب","Site_name":"Manazil Al Aqila/منازل العقيلة","Site_type":"CC","Category":"None / Minimal","Total_IDPs":245,"Latitude":33.4426402,"Longitude":36.340851899999997}},{"type":"Feature","id":967,"geometry":{"type":"Point","coordinates":[253117.82180000003,3703143.4470000006]},"properties":{"OBJECTID":967,"P_CODE":"CP002954","Governorate":"Rural Damascus/ريف دمشق","District":"Rural Damascus/مركز ريف دمشق","Subdistrict":"Babella/ببيلا","Community":"Sayyeda Zeinab/السيدة زينب","Site_name":"Al Fajr/الفجر","Site_type":"CC","Category":"None / Minimal","Total_IDPs":245,"Latitude":33.439297199999999,"Longitude":36.3443057}},{"type":"Feature","id":968,"geometry":{"type":"Point","coordinates":[253137.47670000046,3703435.5187999997]},"properties":{"OBJECTID":968,"P_CODE":"CP002955","Governorate":"Rural Damascus/ريف دمشق","District":"Rural Damascus/مركز ريف دمشق","Subdistrict":"Babella/ببيلا","Community":"Sayyeda Zeinab/السيدة زينب","Site_name":"Ahl Al-Rayah/أهل الراية","Site_type":"CC","Category":"None / Minimal","Total_IDPs":245,"Latitude":33.441933300000002,"Longitude":36.344436700000003}},{"type":"Feature","id":969,"geometry":{"type":"Point","coordinates":[253272.0700000003,3703477.4068]},"properties":{"OBJECTID":969,"P_CODE":"CP002956","Governorate":"Rural Damascus/ريف دمشق","District":"Rural Damascus/مركز ريف دمشق","Subdistrict":"Babella/ببيلا","Community":"Sayyeda Zeinab/السيدة زينب","Site_name":"Fatima Al Zahra/فاطمة الزهراء","Site_type":"CC","Category":"None / Minimal","Total_IDPs":245,"Latitude":33.4423417,"Longitude":36.345871699999996}},{"type":"Feature","id":970,"geometry":{"type":"Point","coordinates":[252985.51339999959,3703418.1391000003]},"properties":{"OBJECTID":970,"P_CODE":"CP002957","Governorate":"Rural Damascus/ريف دمشق","District":"Rural Damascus/مركز ريف دمشق","Subdistrict":"Babella/ببيلا","Community":"Sayyeda Zeinab/السيدة زينب","Site_name":"Al-Asaad/الاسعد","Site_type":"CC","Category":"None / Minimal","Total_IDPs":245,"Latitude":33.441741700000001,"Longitude":36.342808300000002}},{"type":"Feature","id":971,"geometry":{"type":"Point","coordinates":[252768.40469999984,3703353.0837999992]},"properties":{"OBJECTID":971,"P_CODE":"CP002958","Governorate":"Rural Damascus/ريف دمشق","District":"Rural Damascus/مركز ريف دمشق","Subdistrict":"Babella/ببيلا","Community":"Sayyeda Zeinab/السيدة زينب","Site_name":"Jamil Plaza/الجميل بلازا","Site_type":"CC","Category":"None / Minimal","Total_IDPs":245,"Latitude":33.441105499999999,"Longitude":36.340492900000001}},{"type":"Feature","id":972,"geometry":{"type":"Point","coordinates":[253158.93879999965,3702940.1879999992]},"properties":{"OBJECTID":972,"P_CODE":"CP002959","Governorate":"Rural Damascus/ريف دمشق","District":"Rural Damascus/مركز ريف دمشق","Subdistrict":"Babella/ببيلا","Community":"Sayyeda Zeinab/السيدة زينب","Site_name":"Fatima Palace/قصر فاطمه","Site_type":"CC","Category":"None / Minimal","Total_IDPs":245,"Latitude":33.437475300000003,"Longitude":36.344803400000004}},{"type":"Feature","id":973,"geometry":{"type":"Point","coordinates":[253242.19799999986,3703335.5844000001]},"properties":{"OBJECTID":973,"P_CODE":"CP002960","Governorate":"Rural Damascus/ريف دمشق","District":"Rural Damascus/مركز ريف دمشق","Subdistrict":"Babella/ببيلا","Community":"Sayyeda Zeinab/السيدة زينب","Site_name":"Sundus/سندس","Site_type":"CC","Category":"None / Minimal","Total_IDPs":245,"Latitude":33.441057000000001,"Longitude":36.345589599999997}},{"type":"Feature","id":974,"geometry":{"type":"Point","coordinates":[253264.31350000016,3703290.7020999994]},"properties":{"OBJECTID":974,"P_CODE":"CP002961","Governorate":"Rural Damascus/ريف دمشق","District":"Rural Damascus/مركز ريف دمشق","Subdistrict":"Babella/ببيلا","Community":"Sayyeda Zeinab/السيدة زينب","Site_name":"Naim Palace/قصر النعيم","Site_type":"CC","Category":"None / Minimal","Total_IDPs":245,"Latitude":33.440657700000003,"Longitude":36.345839599999998}},{"type":"Feature","id":975,"geometry":{"type":"Point","coordinates":[253195.52089999989,3703191.5943]},"properties":{"OBJECTID":975,"P_CODE":"CP002962","Governorate":"Rural Damascus/ريف دمشق","District":"Rural Damascus/مركز ريف دمشق","Subdistrict":"Babella/ببيلا","Community":"Sayyeda Zeinab/السيدة زينب","Site_name":"Zia Al-Salihin/ضياء الصالحين","Site_type":"CC","Category":"None / Minimal","Total_IDPs":245,"Latitude":33.439748899999998,"Longitude":36.345127499999997}},{"type":"Feature","id":976,"geometry":{"type":"Point","coordinates":[253218.49579999968,3703076.1797000002]},"properties":{"OBJECTID":976,"P_CODE":"CP002963","Governorate":"Rural Damascus/ريف دمشق","District":"Rural Damascus/مركز ريف دمشق","Subdistrict":"Babella/ببيلا","Community":"Sayyeda Zeinab/السيدة زينب","Site_name":"Zulfiqar/ذو الفقار","Site_type":"CC","Category":"None / Minimal","Total_IDPs":245,"Latitude":33.438714300000001,"Longitude":36.345406099999998}},{"type":"Feature","id":977,"geometry":{"type":"Point","coordinates":[252720.41089999955,3703367.6532000005]},"properties":{"OBJECTID":977,"P_CODE":"CP002964","Governorate":"Rural Damascus/ريف دمشق","District":"Rural Damascus/مركز ريف دمشق","Subdistrict":"Babella/ببيلا","Community":"Sayyeda Zeinab/السيدة زينب","Site_name":"Al-Isra/الاسراء","Site_type":"CC","Category":"None / Minimal","Total_IDPs":245,"Latitude":33.441225699999997,"Longitude":36.339973100000002}},{"type":"Feature","id":978,"geometry":{"type":"Point","coordinates":[252743.40419999976,3703362.6029000003]},"properties":{"OBJECTID":978,"P_CODE":"CP002965","Governorate":"Rural Damascus/ريف دمشق","District":"Rural Damascus/مركز ريف دمشق","Subdistrict":"Babella/ببيلا","Community":"Sayyeda Zeinab/السيدة زينب","Site_name":"Safir Al-Zahra/سفير الزهراء","Site_type":"CC","Category":"None / Minimal","Total_IDPs":245,"Latitude":33.441185500000003,"Longitude":36.3402216}},{"type":"Feature","id":979,"geometry":{"type":"Point","coordinates":[253189.84420000017,3704043.1359000001]},"properties":{"OBJECTID":979,"P_CODE":"CP002966","Governorate":"Rural Damascus/ريف دمشق","District":"Rural Damascus/مركز ريف دمشق","Subdistrict":"Babella/ببيلا","Community":"Sayyeda Zeinab/السيدة زينب","Site_name":"Islamabad/اسلام اباد","Site_type":"CC","Category":"None / Minimal","Total_IDPs":245,"Latitude":33.447420000000001,"Longitude":36.344832599999997}},{"type":"Feature","id":980,"geometry":{"type":"Point","coordinates":[253213.34700000007,3704113.7781000007]},"properties":{"OBJECTID":980,"P_CODE":"CP002967","Governorate":"Rural Damascus/ريف دمشق","District":"Rural Damascus/مركز ريف دمشق","Subdistrict":"Babella/ببيلا","Community":"Sayyeda Zeinab/السيدة زينب","Site_name":"Al-Durra Palace/قصر الدرة","Site_type":"CC","Category":"None / Minimal","Total_IDPs":245,"Latitude":33.448061899999999,"Longitude":36.3450658}},{"type":"Feature","id":981,"geometry":{"type":"Point","coordinates":[253217.87069999985,3703844.4509999994]},"properties":{"OBJECTID":981,"P_CODE":"CP002968","Governorate":"Rural Damascus/ريف دمشق","District":"Rural Damascus/مركز ريف دمشق","Subdistrict":"Babella/ببيلا","Community":"Sayyeda Zeinab/السيدة زينب","Site_name":"قصر اللؤلؤة(المدينة سابقا)/Pearl Palace ( Madina)","Site_type":"CC","Category":"None / Minimal","Total_IDPs":245,"Latitude":33.445636299999997,"Longitude":36.345188399999998}},{"type":"Feature","id":982,"geometry":{"type":"Point","coordinates":[253023.83359999955,3703218.4912]},"properties":{"OBJECTID":982,"P_CODE":"CP002969","Governorate":"Rural Damascus/ريف دمشق","District":"Rural Damascus/مركز ريف دمشق","Subdistrict":"Babella/ببيلا","Community":"Sayyeda Zeinab/السيدة زينب","Site_name":"فندق الصادق الأمين/ Al-Sadiq Al-Amin Hotel","Site_type":"CC","Category":"None / Minimal","Total_IDPs":245,"Latitude":33.439951700000002,"Longitude":36.343274999999998}},{"type":"Feature","id":983,"geometry":{"type":"Point","coordinates":[252854.77500000037,3703397.5437000003]},"properties":{"OBJECTID":983,"P_CODE":"CP002970","Governorate":"Rural Damascus/ريف دمشق","District":"Rural Damascus/مركز ريف دمشق","Subdistrict":"Babella/ببيلا","Community":"Sayyeda Zeinab/السيدة زينب","Site_name":"Duyuf Al-Rahman/ضيوف الرحمن","Site_type":"CC","Category":"None / Minimal","Total_IDPs":245,"Latitude":33.441526000000003,"Longitude":36.341408899999998}},{"type":"Feature","id":984,"geometry":{"type":"Point","coordinates":[287847.50399999972,3986493.1991000008]},"properties":{"OBJECTID":984,"P_CODE":"CP001084","Governorate":"Idleb/إدلب","District":"Idleb/مركز إدلب","Subdistrict":"Maaret Tamsrin/معرة تمصرين","Community":"Habat/الهباط","Site_name":"Maryam / مريم","Site_type":"PC","Category":"None / Minimal","Total_IDPs":692,"Latitude":35.999842999999998,"Longitude":36.646298999999999}},{"type":"Feature","id":985,"geometry":{"type":"Point","coordinates":[409628.51389999967,4072060.5460000001]},"properties":{"OBJECTID":985,"P_CODE":"CP002153","Governorate":"Aleppo/حلب","District":"Jarablus/جرابلس","Subdistrict":"Jarablus/مركز جرابلس","Community":"Marma Elhajar/مرمى الحجر","Site_name":"Al Bonyan1 / البنيان 1","Site_type":"PC","Category":"None / Minimal","Total_IDPs":610,"Latitude":36.790047999999999,"Longitude":37.987110100000002}},{"type":"Feature","id":986,"geometry":{"type":"Point","coordinates":[410791.55310000014,4063847.2151999995]},"properties":{"OBJECTID":986,"P_CODE":"CP002263","Governorate":"Aleppo/حلب","District":"Jarablus/جرابلس","Subdistrict":"Jarablus/مركز جرابلس","Community":"Jarablus/جرابلس","Site_name":"Al Salam(Jarablus)/ السلام(جرابلس)","Site_type":"PC","Category":"None / Minimal","Total_IDPs":610,"Latitude":36.716127999999998,"Longitude":38.001103999999998}},{"type":"Feature","id":987,"geometry":{"type":"Point","coordinates":[411206.3563000001,4063389.6259000003]},"properties":{"OBJECTID":987,"P_CODE":"CP002154","Governorate":"Aleppo/حلب","District":"Jarablus/جرابلس","Subdistrict":"Jarablus/مركز جرابلس","Community":"Sreisat/صريصات","Site_name":"Tajamuaa Ataal Alsakani Althalith / تجمع عطاء السكني الثالث","Site_type":"PC","Category":"None / Minimal","Total_IDPs":610,"Latitude":36.712042400000001,"Longitude":38.005801200000001}},{"type":"Feature","id":988,"geometry":{"type":"Point","coordinates":[411244.06489999965,4072562.5435000006]},"properties":{"OBJECTID":988,"P_CODE":"CP002282","Governorate":"Aleppo/حلب","District":"Jarablus/جرابلس","Subdistrict":"Jarablus/مركز جرابلس","Community":"Jarablus/جرابلس","Site_name":"Qarit Altarahum/ قرية التراحم","Site_type":"PC","Category":"None / Minimal","Total_IDPs":610,"Latitude":36.794725499999998,"Longitude":38.005156300000003}},{"type":"Feature","id":989,"geometry":{"type":"Point","coordinates":[407906.05470000021,4071981.7679999992]},"properties":{"OBJECTID":989,"P_CODE":"CP001673","Governorate":"Aleppo/حلب","District":"Jarablus/جرابلس","Subdistrict":"Jarablus/مركز جرابلس","Community":"Marma Elhajar/مرمى الحجر","Site_name":"Ein Al Abeed(Ekhwa) / عين العبيد(قرية الأخوة)","Site_type":"PC","Category":"None / Minimal","Total_IDPs":610,"Latitude":36.789172000000001,"Longitude":37.967816999999997}},{"type":"Feature","id":990,"geometry":{"type":"Point","coordinates":[410056.02469999995,4072263.7221000008]},"properties":{"OBJECTID":990,"P_CODE":"CP002262","Governorate":"Aleppo/حلب","District":"Jarablus/جرابلس","Subdistrict":"Jarablus/مركز جرابلس","Community":"Jarablus/جرابلس","Site_name":"Alsadiq/ الصديق","Site_type":"PC","Category":"None / Minimal","Total_IDPs":610,"Latitude":36.791919999999998,"Longitude":37.991877000000002}},{"type":"Feature","id":991,"geometry":{"type":"Point","coordinates":[257104.39479999989,3986658.7927000001]},"properties":{"OBJECTID":991,"P_CODE":"CP000341","Governorate":"Idleb/إدلب","District":"Jisr-Ash-Shugur/جسر الشغور","Subdistrict":"Darkosh/دركوش","Community":"Dorriyeh/الدرية","Site_name":"Ali Bin Abi Taleb (Dorriyeh) / علي بن ابي طالب(الدرية)","Site_type":"PC","Category":"None / Minimal","Total_IDPs":592,"Latitude":35.994160000000001,"Longitude":36.305489999999999}},{"type":"Feature","id":992,"geometry":{"type":"Point","coordinates":[263969.84300000034,3979260.9618999995]},"properties":{"OBJECTID":992,"P_CODE":"CP002446","Governorate":"Idleb/إدلب","District":"Jisr-Ash-Shugur/جسر الشغور","Subdistrict":"Janudiyeh/الجانودية","Community":"Hamama - Kafr Debbin/الحمامة_كفر دبين","Site_name":"Shafak/ شفق","Site_type":"PC","Category":"None / Minimal","Total_IDPs":243,"Latitude":35.929217000000001,"Longitude":36.383778}},{"type":"Feature","id":993,"geometry":{"type":"Point","coordinates":[297418.53340000007,4014353.4660999998]},"properties":{"OBJECTID":993,"P_CODE":"CP002093","Governorate":"Idleb/إدلب","District":"Harim/حارم","Subdistrict":"Dana/دانا","Community":"Deir Hassan - Darhashan/دير حسان_درحشان","Site_name":"Al Omari / العمري","Site_type":"PC","Category":"None / Minimal","Total_IDPs":691,"Latitude":36.252865999999997,"Longitude":36.745238000000001}},{"type":"Feature","id":994,"geometry":{"type":"Point","coordinates":[253015.60749999993,3639145.5598000009]},"properties":{"OBJECTID":994,"P_CODE":"CP002928","Governorate":"Dar'a/درعا","District":"Dara/درعا","Subdistrict":"Busra Esh-Sham/بصرى الشام","Community":"Smad (Busra Esh-Sham)/صماد - بصرى الشام","Site_name":"Samaj Center / مركز سمج","Site_type":"RC","Category":"None / Minimal","Total_IDPs":291,"Latitude":32.862620999999997,"Longitude":36.360545999999999}},{"type":"Feature","id":995,"geometry":{"type":"Point","coordinates":[264646.5382000003,3593218.1840000004]},"properties":{"OBJECTID":995,"P_CODE":"CP002974","Governorate":"Dar'a/درعا","District":"Dara/درعا","Subdistrict":"Busra Esh-Sham/بصرى الشام","Community":"Smad (Busra Esh-Sham)/صماد - بصرى الشام","Site_name":"Taisiya Center/مركز طيسية","Site_type":"RC","Category":"None / Minimal","Total_IDPs":291,"Latitude":32.451274900000001,"Longitude":36.496308300000003}},{"type":"Feature","id":996,"geometry":{"type":"Point","coordinates":[251957.45610000007,3630746.1541000009]},"properties":{"OBJECTID":996,"P_CODE":"CP002943","Governorate":"Dar'a/درعا","District":"Dara/درعا","Subdistrict":"Busra Esh-Sham/بصرى الشام","Community":"Smad (Busra Esh-Sham)/صماد - بصرى الشام","Site_name":"مركز البحوث العلمية / Scientific Research Center","Site_type":"RC","Category":"None / Minimal","Total_IDPs":291,"Latitude":32.786695299999998,"Longitude":36.351496990000001}},{"type":"Feature","id":997,"geometry":{"type":"Point","coordinates":[258193.70010000002,3606014.1016000006]},"properties":{"OBJECTID":997,"P_CODE":"CP002929","Governorate":"Dar'a/درعا","District":"Dara/درعا","Subdistrict":"Busra Esh-Sham/بصرى الشام","Community":"Smad (Busra Esh-Sham)/صماد - بصرى الشام","Site_name":"South Samad Camp / مخيم جنوب صماد","Site_type":"RC","Category":"None / Minimal","Total_IDPs":291,"Latitude":32.565207999999998,"Longitude":36.424433999999998}},{"type":"Feature","id":998,"geometry":null,"properties":{"OBJECTID":998,"Shape":null,"P_CODE":"CP002927","Governorate":"Dar'a/درعا","District":"Dara/درعا","Subdistrict":"Busra Esh-Sham/بصرى الشام","Community":"Jemrine/جمرين","Site_name":"Salt Factory / معمل الملح","Site_type":"CC","Category":"None / Minimal","Total_IDPs":291,"Latitude":null,"Longitude":null}},{"type":"Feature","id":999,"geometry":{"type":"Point","coordinates":[251631.30269999988,3613479.5319999997]},"properties":{"OBJECTID":999,"P_CODE":"CP002978","Governorate":"Dar'a/درعا","District":"Dara/درعا","Subdistrict":"Mseifra/المسيفرة","Community":"Sahwa/السهوة","Site_name":"مركز الدفاع الشعبي/ Popular Defense Center","Site_type":"RC","Category":"None / Minimal","Total_IDPs":187,"Latitude":32.631030000000003,"Longitude":36.352620000000002}},{"type":"Feature","id":1000,"geometry":{"type":"Point","coordinates":[255039.43960000016,3577722.0430999994]},"properties":{"OBJECTID":1000,"P_CODE":"CP002944","Governorate":"Dar'a/درعا","District":"Dara/درعا","Subdistrict":"Mseifra/المسيفرة","Community":"Karak/الكرك","Site_name":"ثانوية الكرك الشرقي / Al-Karak Al-Sharqi Secondary School","Site_type":"SC","Category":"None / Minimal","Total_IDPs":187,"Latitude":32.309551999999996,"Longitude":36.398204999999997}},{"type":"Feature","id":1001,"geometry":{"type":"Point","coordinates":[412472.41750000045,4073941.9244999997]},"properties":{"OBJECTID":1001,"P_CODE":"CP000949","Governorate":"Aleppo/حلب","District":"Jarablus/جرابلس","Subdistrict":"Jarablus/مركز جرابلس","Community":"Jarablus/جرابلس","Site_name":"Abo Shihab / أبو شهاب","Site_type":"PC","Category":"None / Minimal","Total_IDPs":610,"Latitude":36.807272779999998,"Longitude":38.018764150000003}},{"type":"Feature","id":1002,"geometry":{"type":"Point","coordinates":[411127.4104000004,4072527.6446000002]},"properties":{"OBJECTID":1002,"P_CODE":"CP002236","Governorate":"Aleppo/حلب","District":"Jarablus/جرابلس","Subdistrict":"Jarablus/مركز جرابلس","Community":"Jarablus/جرابلس","Site_name":"Mustafa Can Kulakçı Orphanage/ مصطفى جان كلاكشي للايتام","Site_type":"PC","Category":"None / Minimal","Total_IDPs":610,"Latitude":36.794400000000003,"Longitude":38.003852999999999}},{"type":"Feature","id":1003,"geometry":{"type":"Point","coordinates":[411740.08359999955,4070890.8257999998]},"properties":{"OBJECTID":1003,"P_CODE":"CP002439","Governorate":"Aleppo/حلب","District":"Jarablus/جرابلس","Subdistrict":"Jarablus/مركز جرابلس","Community":"Jarablus/جرابلس","Site_name":"Al Nasir(Jarablus)/ النصر(جرابلس)","Site_type":"PC","Category":"None / Minimal","Total_IDPs":610,"Latitude":36.779704000000002,"Longitude":38.010908999999998}},{"type":"Feature","id":1004,"geometry":{"type":"Point","coordinates":[660094.35479999986,4043333.1723999996]},"properties":{"OBJECTID":1004,"P_CODE":"CP002480","Governorate":"Al-Hasakeh","District":"Al-Hasakeh","Subdistrict":"Al-Hasakeh","Community":"Al-Hasakeh","Site_name":"Serekaniye Camp/مخيم سريكانيه","Site_type":"PC","Category":"None / Minimal","Total_IDPs":8470,"Latitude":36.521979999999999,"Longitude":40.788080000000001}},{"type":"Feature","id":1005,"geometry":{"type":"Point","coordinates":[656332.15589999966,4049111.0832000002]},"properties":{"OBJECTID":1005,"P_CODE":"CP002920","Governorate":"Al-Hasakeh","District":"Al-Hasakeh","Subdistrict":"Al-Hasakeh","Community":"Al-Hasakeh","Site_name":"مساكن عمران/Masaken Omran","Site_type":"CC","Category":"None / Minimal","Total_IDPs":8470,"Latitude":36.574666700000002,"Longitude":40.747250000000001}},{"type":"Feature","id":1006,"geometry":{"type":"Point","coordinates":[297544.20399999991,4014464.0362]},"properties":{"OBJECTID":1006,"P_CODE":"CP000475","Governorate":"Idleb/إدلب","District":"Harim/حارم","Subdistrict":"Dana/دانا","Community":"Deir Hassan - Darhashan/دير حسان_درحشان","Site_name":"Babes / بابز","Site_type":"SC","Category":"None / Minimal","Total_IDPs":691,"Latitude":36.253888430000003,"Longitude":36.746607140000002}},{"type":"Feature","id":1007,"geometry":{"type":"Point","coordinates":[298302.10329999961,4012451.4309]},"properties":{"OBJECTID":1007,"P_CODE":"CP000335","Governorate":"Idleb/إدلب","District":"Harim/حارم","Subdistrict":"Dana/دانا","Community":"Deir Hassan - Darhashan/دير حسان_درحشان","Site_name":"Zamzam / زمزم","Site_type":"SC","Category":"None / Minimal","Total_IDPs":691,"Latitude":36.235916179999997,"Longitude":36.755555659999999}},{"type":"Feature","id":1008,"geometry":{"type":"Point","coordinates":[297903.80379999988,4014329.0977999996]},"properties":{"OBJECTID":1008,"P_CODE":"CP000474","Governorate":"Idleb/إدلب","District":"Harim/حارم","Subdistrict":"Dana/دانا","Community":"Deir Hassan - Darhashan/دير حسان_درحشان","Site_name":"Halab Alshahba / حلب الشهباء","Site_type":"SC","Category":"None / Minimal","Total_IDPs":691,"Latitude":36.252748140000001,"Longitude":36.75064167}},{"type":"Feature","id":1009,"geometry":{"type":"Point","coordinates":[298442.84530000016,4013505.8565999996]},"properties":{"OBJECTID":1009,"P_CODE":"CP001660","Governorate":"Idleb/إدلب","District":"Harim/حارم","Subdistrict":"Dana/دانا","Community":"Deir Hassan - Darhashan/دير حسان_درحشان","Site_name":"Bayt Alsalam / بيت السلام","Site_type":"PC","Category":"None / Minimal","Total_IDPs":691,"Latitude":36.245444499999998,"Longitude":36.756849199999998}},{"type":"Feature","id":1010,"geometry":{"type":"Point","coordinates":[299412.83449999988,4013528.9023000002]},"properties":{"OBJECTID":1010,"P_CODE":"CP001989","Governorate":"Idleb/إدلب","District":"Harim/حارم","Subdistrict":"Dana/دانا","Community":"Deir Hassan - Darhashan/دير حسان_درحشان","Site_name":"Affad / أفاد","Site_type":"PC","Category":"None / Minimal","Total_IDPs":691,"Latitude":36.245854000000001,"Longitude":36.767631000000002}},{"type":"Feature","id":1011,"geometry":{"type":"Point","coordinates":[299403.34140000027,4013809.0613000002]},"properties":{"OBJECTID":1011,"P_CODE":"CP002084","Governorate":"Idleb/إدلب","District":"Harim/حارم","Subdistrict":"Dana/دانا","Community":"Deir Hassan - Darhashan/دير حسان_درحشان","Site_name":"Alkayrat(Deir Hassan) / الخيرات (دير حسان)","Site_type":"PC","Category":"None / Minimal","Total_IDPs":691,"Latitude":36.248375899999999,"Longitude":36.767453600000003}},{"type":"Feature","id":1012,"geometry":{"type":"Point","coordinates":[699637.97479999997,4102792.1914000008]},"properties":{"OBJECTID":1012,"P_CODE":"CP002869","Governorate":"Al-Hasakeh","District":"Quamishli","Subdistrict":"Quamishli","Community":"Quamishli","Site_name":"Kamil Hindi school","Site_type":"CC","Category":"None / Minimal","Total_IDPs":78,"Latitude":37.050142999999998,"Longitude":41.245043000000003}},{"type":"Feature","id":1013,"geometry":{"type":"Point","coordinates":[241645.70380000025,3639282.8171999995]},"properties":{"OBJECTID":1013,"P_CODE":"CP002973","Governorate":"Dar'a/درعا","District":"Izra/ازرع","Subdistrict":"Izra/مركز ازرع","Community":"Izra'/ازرع","Site_name":"المدرسة المهنية/Vocational School","Site_type":"CC","Category":"None / Minimal","Total_IDPs":158,"Latitude":32.861235999999998,"Longitude":36.23912}},{"type":"Feature","id":1014,"geometry":{"type":"Point","coordinates":[240207.00189999957,3651527.3680000007]},"properties":{"OBJECTID":1014,"P_CODE":"CP002940","Governorate":"Dar'a/درعا","District":"Izra/ازرع","Subdistrict":"Izra/مركز ازرع","Community":"Mahjeh/محجة","Site_name":"مركز التنمية الريفية  / Rural Development Center","Site_type":"CC","Category":"None / Minimal","Total_IDPs":158,"Latitude":32.971217600000003,"Longitude":36.220312159999999}},{"type":"Feature","id":1015,"geometry":{"type":"Point","coordinates":[244911.82039999962,3656616.3556999993]},"properties":{"OBJECTID":1015,"P_CODE":"CP002971","Governorate":"Dar'a/درعا","District":"As-Sanamayn/الصنمين","Subdistrict":"As-Sanamayn/مركز الصنمين","Community":"Khebab/خبب","Site_name":"المركز التعليمي/Educational Center","Site_type":"CC","Category":"None / Minimal","Total_IDPs":85,"Latitude":33.018179920000001,"Longitude":36.269189040000001}},{"type":"Feature","id":1016,"geometry":{"type":"Point","coordinates":[213498.38640000019,3625159.5236000009]},"properties":{"OBJECTID":1016,"P_CODE":"CP002942","Governorate":"Dar'a/درعا","District":"Izra/ازرع","Subdistrict":"Hrak/الحراك","Community":"Nahta/ناحتة","Site_name":"مدرسة قيد الانشاء / School under construction","Site_type":"CC","Category":"None / Minimal","Total_IDPs":475,"Latitude":32.727020179999997,"Longitude":35.943038799999997}},{"type":"Feature","id":1017,"geometry":{"type":"Point","coordinates":[655621.2966,4041046.1499000005]},"properties":{"OBJECTID":1017,"P_CODE":"CP002918","Governorate":"Al-Hasakeh","District":"Al-Hasakeh","Subdistrict":"Al-Hasakeh","Community":"0","Site_name":"Al_Shuhedaa Bilding ( Komin Shahid Rojhat ) / مبنى الشهداء ( كومين الشهيد روجهات )","Site_type":"CC","Category":"None / Minimal","Total_IDPs":8470,"Latitude":36.502110000000002,"Longitude":40.737681000000002}},{"type":"Feature","id":1018,"geometry":{"type":"Point","coordinates":[246165.18520000018,3977434.9818999991]},"properties":{"OBJECTID":1018,"P_CODE":"CP000903","Governorate":"Idleb/إدلب","District":"Jisr-Ash-Shugur/جسر الشغور","Subdistrict":"Badama/بداما","Community":"Kherbet Eljoz/خربة الجوز","Site_name":"Kalaat Al Sendian / قلعة السنديان","Site_type":"SC","Category":"None / Minimal","Total_IDPs":874,"Latitude":35.908312449999997,"Longitude":36.187215209999998}},{"type":"Feature","id":1019,"geometry":{"type":"Point","coordinates":[282008.67789999954,3992984.6420000009]},"properties":{"OBJECTID":1019,"P_CODE":"CP002367","Governorate":"Idleb/إدلب","District":"Idleb/مركز إدلب","Subdistrict":"Maaret Tamsrin/معرة تمصرين","Community":"Shekh Bahr/الشيخ بحر","Site_name":"Alhayat Aljadeda(Shekh Bahr)/ الحياة الجديدة(الشيخ بحر)","Site_type":"PC","Category":"None / Minimal","Total_IDPs":692,"Latitude":36.057028699999996,"Longitude":36.5797831}},{"type":"Feature","id":1020,"geometry":{"type":"Point","coordinates":[272609.88080000039,3990741.6963999998]},"properties":{"OBJECTID":1020,"P_CODE":"CP000880","Governorate":"Idleb/إدلب","District":"Harim/حارم","Subdistrict":"Armanaz/أرمناز","Community":"Biret Armanaz/بيرة ارمناز","Site_name":"Al Jabal(Armanaz) / الجبل (أرمناز)","Site_type":"PC","Category":"None / Minimal","Total_IDPs":544,"Latitude":36.034674789999997,"Longitude":36.476168829999999}},{"type":"Feature","id":1021,"geometry":{"type":"Point","coordinates":[281717.30630000029,3992871.9568000007]},"properties":{"OBJECTID":1021,"P_CODE":"CP001024","Governorate":"Idleb/إدلب","District":"Idleb/مركز إدلب","Subdistrict":"Maaret Tamsrin/معرة تمصرين","Community":"Shekh Bahr/الشيخ بحر","Site_name":"Nasseam Al-kheer(Shekh Bahr) / نسائم الخير(الشيخ بحر)","Site_type":"PC","Category":"None / Minimal","Total_IDPs":692,"Latitude":36.055948319999999,"Longitude":36.576581930000003}},{"type":"Feature","id":1022,"geometry":{"type":"Point","coordinates":[282025.79669999983,3991487.5474999994]},"properties":{"OBJECTID":1022,"P_CODE":"CP001805","Governorate":"Idleb/إدلب","District":"Idleb/مركز إدلب","Subdistrict":"Maaret Tamsrin/معرة تمصرين","Community":"Shekh Bahr/الشيخ بحر","Site_name":"South Shekh Bahr / جنوبي الشيخ بحر","Site_type":"PC","Category":"None / Minimal","Total_IDPs":692,"Latitude":36.043546999999997,"Longitude":36.580385999999997}},{"type":"Feature","id":1023,"geometry":{"type":"Point","coordinates":[279780.5429999996,3992025.6943999995]},"properties":{"OBJECTID":1023,"P_CODE":"CP001938","Governorate":"Idleb/إدلب","District":"Idleb/مركز إدلب","Subdistrict":"Maaret Tamsrin/معرة تمصرين","Community":"Shekh Bahr/الشيخ بحر","Site_name":"Jabal Alshekh Bahr / جبل الشيخ بحر","Site_type":"PC","Category":"None / Minimal","Total_IDPs":692,"Latitude":36.047888999999998,"Longitude":36.555332999999997}},{"type":"Feature","id":1024,"geometry":{"type":"Point","coordinates":[281816.81730000023,3993363.6826000009]},"properties":{"OBJECTID":1024,"P_CODE":"CP001986","Governorate":"Idleb/إدلب","District":"Idleb/مركز إدلب","Subdistrict":"Maaret Tamsrin/معرة تمصرين","Community":"Shekh Bahr/الشيخ بحر","Site_name":"Saed Shekh Bahr / ساعد الشيخ بحر","Site_type":"PC","Category":"None / Minimal","Total_IDPs":692,"Latitude":36.060400000000001,"Longitude":36.577550000000002}},{"type":"Feature","id":1025,"geometry":{"type":"Point","coordinates":[280138.12669999991,3989898.3491999991]},"properties":{"OBJECTID":1025,"P_CODE":"CP002239","Governorate":"Idleb/إدلب","District":"Idleb/مركز إدلب","Subdistrict":"Maaret Tamsrin/معرة تمصرين","Community":"Kafr tanor/كفر تنور - معرة تمصرين","Site_name":"Maawahom Rahma/ مأواهم رحمة","Site_type":"PC","Category":"None / Minimal","Total_IDPs":692,"Latitude":36.028807399999998,"Longitude":36.559890899999999}},{"type":"Feature","id":1026,"geometry":{"type":"Point","coordinates":[298625.81570000015,4014461.9756000005]},"properties":{"OBJECTID":1026,"P_CODE":"CP002260","Governorate":"Idleb/إدلب","District":"Harim/حارم","Subdistrict":"Dana/دانا","Community":"Bab El Hawa/باب الهوى - دانا","Site_name":"Nour Al Sabah/  نور الصباح","Site_type":"SC","Category":"None / Minimal","Total_IDPs":691,"Latitude":36.254095999999997,"Longitude":36.758637999999998}},{"type":"Feature","id":1027,"geometry":{"type":"Point","coordinates":[297621.8284,4014187.5430999994]},"properties":{"OBJECTID":1027,"P_CODE":"CP001372","Governorate":"Idleb/إدلب","District":"Harim/حارم","Subdistrict":"Dana/دانا","Community":"Deir Hassan - Darhashan/دير حسان_درحشان","Site_name":"Al Khaldiya / الخالدية","Site_type":"PC","Category":"None / Minimal","Total_IDPs":691,"Latitude":36.251413890000002,"Longitude":36.74754205}},{"type":"Feature","id":1028,"geometry":{"type":"Point","coordinates":[299331.98159999959,4012178.4091999996]},"properties":{"OBJECTID":1028,"P_CODE":"CP002329","Governorate":"Idleb/إدلب","District":"Harim/حارم","Subdistrict":"Dana/دانا","Community":"Deir Hassan - Darhashan/دير حسان_درحشان","Site_name":"Drigniah/ الدريغنية","Site_type":"SC","Category":"None / Minimal","Total_IDPs":691,"Latitude":36.233671000000001,"Longitude":36.767077999999998}},{"type":"Feature","id":1029,"geometry":{"type":"Point","coordinates":[297898.59190000035,4012691.4087000005]},"properties":{"OBJECTID":1029,"P_CODE":"CP000411","Governorate":"Idleb/إدلب","District":"Harim/حارم","Subdistrict":"Dana/دانا","Community":"Deir Hassan - Darhashan/دير حسان_درحشان","Site_name":"Qariat Al Iman / قرية الايمان","Site_type":"SC","Category":"None / Minimal","Total_IDPs":691,"Latitude":36.237993750000001,"Longitude":36.751006650000001}},{"type":"Feature","id":1030,"geometry":{"type":"Point","coordinates":[297157.64319999982,4012286.5162000004]},"properties":{"OBJECTID":1030,"P_CODE":"CP002331","Governorate":"Idleb/إدلب","District":"Harim/حارم","Subdistrict":"Dana/دانا","Community":"Deir Hassan - Darhashan/دير حسان_درحشان","Site_name":"Tajamuaa Fardous/ تجمع فردوس","Site_type":"PC","Category":"None / Minimal","Total_IDPs":691,"Latitude":36.234191000000003,"Longitude":36.742871999999998}},{"type":"Feature","id":1031,"geometry":{"type":"Point","coordinates":[289660.41839999985,3985750.9452]},"properties":{"OBJECTID":1031,"P_CODE":"CP001009","Governorate":"Idleb/إدلب","District":"Idleb/مركز إدلب","Subdistrict":"Maaret Tamsrin/معرة تمصرين","Community":"Ma'arrat Tamasrin/معر تمصرين","Site_name":"Markaz Eiwaa Maarat Musrin / مركز إيواء معرة مصرين","Site_type":"PC","Category":"None / Minimal","Total_IDPs":692,"Latitude":35.99354932,"Longitude":36.666594179999997}},{"type":"Feature","id":1032,"geometry":{"type":"Point","coordinates":[298379.34580000024,4014555.8749000002]},"properties":{"OBJECTID":1032,"P_CODE":"CP001373","Governorate":"Idleb/إدلب","District":"Harim/حارم","Subdistrict":"Dana/دانا","Community":"Deir Hassan - Darhashan/دير حسان_درحشان","Site_name":"Al Warda / الوردة","Site_type":"SC","Category":"None / Minimal","Total_IDPs":691,"Latitude":36.25489048,"Longitude":36.755872400000001}},{"type":"Feature","id":1033,"geometry":{"type":"Point","coordinates":[297765.58320000023,4012754.5502000004]},"properties":{"OBJECTID":1033,"P_CODE":"CP000277","Governorate":"Idleb/إدلب","District":"Harim/حارم","Subdistrict":"Dana/دانا","Community":"Deir Hassan - Darhashan/دير حسان_درحشان","Site_name":"Nour Al Houda / نور الهدى","Site_type":"SC","Category":"None / Minimal","Total_IDPs":691,"Latitude":36.238534739999999,"Longitude":36.749511239999997}},{"type":"Feature","id":1034,"geometry":{"type":"Point","coordinates":[297012.08820000011,4012905.1865999997]},"properties":{"OBJECTID":1034,"P_CODE":"CP000605","Governorate":"Idleb/إدلب","District":"Harim/حارم","Subdistrict":"Dana/دانا","Community":"Deir Hassan - Darhashan/دير حسان_درحشان","Site_name":"Al Ameriah / العامرية","Site_type":"SC","Category":"None / Minimal","Total_IDPs":691,"Latitude":36.239733770000001,"Longitude":36.741093059999997}},{"type":"Feature","id":1035,"geometry":{"type":"Point","coordinates":[296248.49610000011,4013679.4854000006]},"properties":{"OBJECTID":1035,"P_CODE":"CP000889","Governorate":"Idleb/إدلب","District":"Harim/حارم","Subdistrict":"Dana/دانا","Community":"Deir Hassan - Darhashan/دير حسان_درحشان","Site_name":"Morek Al-Ghorabaa / مورك الغرباء","Site_type":"SC","Category":"None / Minimal","Total_IDPs":691,"Latitude":36.246548330000003,"Longitude":36.732399999999998}},{"type":"Feature","id":1036,"geometry":{"type":"Point","coordinates":[606311.67669999972,3918407.2445]},"properties":{"OBJECTID":1036,"P_CODE":"CP002604","Governorate":"Deir-ez-Zor","District":"Deir-ez-Zor","Subdistrict":"Deir-ez-Zor","Community":"Jiah","Site_name":"Train Station - collective center/محطة القطار(مراكز ايواء)","Site_type":"CC","Category":"None / Minimal","Total_IDPs":240,"Latitude":35.403380599999998,"Longitude":40.170786110000002}}]
}


